condition,ddxplus_icd10,code,system,relation,source_url,note
Spontaneous pneumothorax,J93,J93,WHO+CM,equivalent,https://icd.who.int/browse10/2019/en#/J93 https://www.cms.gov/files/zip/2026-code-tables-tabular-and-index.zip,DDXPlus code; whole pneumothorax category. WHO: Pneumothorax (header); CM: Pneumothorax and air leak (header)
Spontaneous pneumothorax,J93,J93.83,CM,equivalent,https://www.cms.gov/files/zip/2026-code-tables-tabular-and-index.zip,"CM inclusion term ""Spontaneous pneumothorax NOS"". CM: Other pneumothorax"
Spontaneous pneumothorax,J93,J93.9,WHO+CM,equivalent,https://icd.who.int/browse10/2019/en#/J93.9 https://www.cms.gov/files/zip/2026-code-tables-tabular-and-index.zip,"pneumothorax, unspecified. WHO: Pneumothorax, unspecified; CM: Pneumothorax, unspecified"
Spontaneous pneumothorax,J93,J93.0,WHO+CM,narrower,https://icd.who.int/browse10/2019/en#/J93.0 https://www.cms.gov/files/zip/2026-code-tables-tabular-and-index.zip,spontaneous tension pneumothorax. WHO: Spontaneous tension pneumothorax; CM: Spontaneous tension pneumothorax
Spontaneous pneumothorax,J93,J93.1,WHO+CM,narrower,https://icd.who.int/browse10/2019/en#/J93.1 https://www.cms.gov/files/zip/2026-code-tables-tabular-and-index.zip,other spontaneous pneumothorax (WHO leaf; CM header for J93.11-J93.12). WHO: Other spontaneous pneumothorax; CM: Other spontaneous pneumothorax (header)
Spontaneous pneumothorax,J93,J93.11,CM,narrower,https://www.cms.gov/files/zip/2026-code-tables-tabular-and-index.zip,primary spontaneous pneumothorax. CM: Primary spontaneous pneumothorax
Spontaneous pneumothorax,J93,J93.12,CM,narrower,https://www.cms.gov/files/zip/2026-code-tables-tabular-and-index.zip,secondary spontaneous pneumothorax. CM: Secondary spontaneous pneumothorax
Spontaneous pneumothorax,J93,J93.8,WHO+CM,narrower,https://icd.who.int/browse10/2019/en#/J93.8 https://www.cms.gov/files/zip/2026-code-tables-tabular-and-index.zip,other pneumothorax (WHO leaf); CM header for J93.81-J93.83. WHO: Other pneumothorax; CM: Other pneumothorax and air leak (header)
Spontaneous pneumothorax,J93,J93.81,CM,broader,https://www.cms.gov/files/zip/2026-code-tables-tabular-and-index.zip,"chronic pneumothorax. CM: Chronic pneumothorax; relation raised from related: family row (docs/v0.3-validity-review.md section 1.1), clinical-family prefix J93"
Spontaneous pneumothorax,J93,J93.82,CM,broader,https://www.cms.gov/files/zip/2026-code-tables-tabular-and-index.zip,"other air leak; not a pneumothorax. CM: Other air leak; relation raised from related: family row (docs/v0.3-validity-review.md section 1.1), clinical-family prefix J93"
Spontaneous pneumothorax,J93,S27.0,WHO+CM,related,https://icd.who.int/browse10/2019/en#/S27.0 https://www.cms.gov/files/zip/2026-code-tables-tabular-and-index.zip,traumatic pneumothorax; DDXPlus condition is spontaneous. WHO: Traumatic pneumothorax; CM: Traumatic pneumothorax (header)
Spontaneous pneumothorax,J93,J95.811,CM,related,https://www.cms.gov/files/zip/2026-code-tables-tabular-and-index.zip,postprocedural pneumothorax. CM: Postprocedural pneumothorax
Spontaneous pneumothorax,J93,P25.1,WHO+CM,related,https://icd.who.int/browse10/2019/en#/P25.1 https://www.cms.gov/files/zip/2026-code-tables-tabular-and-index.zip,pneumothorax originating in the perinatal period. WHO: Pneumothorax originating in the perinatal period; CM: Pneumothorax originating in the perinatal period
Spontaneous pneumothorax,J93,R09.1,WHO+CM,related,https://icd.who.int/browse10/2019/en#/R09.1 https://www.cms.gov/files/zip/2026-code-tables-tabular-and-index.zip,pleurisy (symptom). WHO: Pleurisy; CM: Pleurisy
Spontaneous pneumothorax,J93,J86,WHO+CM,related,https://icd.who.int/browse10/2019/en#/J86 https://www.cms.gov/files/zip/2026-code-tables-tabular-and-index.zip,pyothorax. WHO: Pyothorax (header); CM: Pyothorax (header)
Spontaneous pneumothorax,J93,J94.2,WHO+CM,related,https://icd.who.int/browse10/2019/en#/J94.2 https://www.cms.gov/files/zip/2026-code-tables-tabular-and-index.zip,haemothorax. WHO: Haemothorax; CM: Hemothorax
Cluster headache,g44.009,G44.009,CM,equivalent,https://www.cms.gov/files/zip/2026-code-tables-tabular-and-index.zip,"DDXPlus code; cluster headache syndrome, unspecified, not intractable. CM: Cluster headache syndrome, unspecified, not intractable"
Cluster headache,g44.009,G44.001,CM,equivalent,https://www.cms.gov/files/zip/2026-code-tables-tabular-and-index.zip,"cluster headache syndrome, unspecified, intractable. CM: Cluster headache syndrome, unspecified, intractable"
Cluster headache,g44.009,G44.00,CM,equivalent,https://www.cms.gov/files/zip/2026-code-tables-tabular-and-index.zip,"CM subcategory: cluster headache syndrome, unspecified. CM: Cluster headache syndrome, unspecified (header)"
Cluster headache,g44.009,G44.01,CM,narrower,https://www.cms.gov/files/zip/2026-code-tables-tabular-and-index.zip,"episodic cluster headache (CM; covers G44.011, G44.019). CM: Episodic cluster headache (header)"
Cluster headache,g44.009,G44.02,CM,narrower,https://www.cms.gov/files/zip/2026-code-tables-tabular-and-index.zip,"chronic cluster headache (CM; covers G44.021, G44.029). CM: Chronic cluster headache (header)"
Cluster headache,g44.009,G44.0,WHO+CM,equivalent,https://icd.who.int/browse10/2019/en#/G44.0 https://www.cms.gov/files/zip/2026-code-tables-tabular-and-index.zip,"WHO leaf ""Cluster headache syndrome""; in CM it is the header for cluster headache and other TACs, but the code is only valid as a WHO leaf, so it is read as WHO. WHO: Cluster headache syndrome; CM: Cluster headaches and oth trigeminal autonm cephalgias (TAC) (header)"
Cluster headache,g44.009,G44.03,CM,related,https://www.cms.gov/files/zip/2026-code-tables-tabular-and-index.zip,episodic paroxysmal hemicrania (another trigeminal autonomic cephalgia). CM: Episodic paroxysmal hemicrania (header)
Cluster headache,g44.009,G44.04,CM,related,https://www.cms.gov/files/zip/2026-code-tables-tabular-and-index.zip,chronic paroxysmal hemicrania. CM: Chronic paroxysmal hemicrania (header)
Cluster headache,g44.009,G44.05,CM,related,https://www.cms.gov/files/zip/2026-code-tables-tabular-and-index.zip,SUNCT. CM: Shrt lst unil nerlgif headache w cnjnct inject/tear (SUNCT) (header)
Cluster headache,g44.009,G44.09,CM,related,https://www.cms.gov/files/zip/2026-code-tables-tabular-and-index.zip,other trigeminal autonomic cephalgias. CM: Other trigeminal autonomic cephalgias (TAC) (header)
Cluster headache,g44.009,G44,WHO+CM,broader,https://icd.who.int/browse10/2019/en#/G44 https://www.cms.gov/files/zip/2026-code-tables-tabular-and-index.zip,other headache syndromes. WHO: Other headache syndromes (header); CM: Other headache syndromes (header)
Cluster headache,g44.009,G44.1,WHO+CM,related,https://icd.who.int/browse10/2019/en#/G44.1 https://www.cms.gov/files/zip/2026-code-tables-tabular-and-index.zip,"vascular headache, not elsewhere classified. WHO: Vascular headache, not elsewhere classified; CM: Vascular headache, not elsewhere classified"
Cluster headache,g44.009,G44.2,WHO+CM,related,https://icd.who.int/browse10/2019/en#/G44.2 https://www.cms.gov/files/zip/2026-code-tables-tabular-and-index.zip,tension-type headache. WHO: Tension-type headache; CM: Tension-type headache (header)
Cluster headache,g44.009,G43,WHO+CM,related,https://icd.who.int/browse10/2019/en#/G43 https://www.cms.gov/files/zip/2026-code-tables-tabular-and-index.zip,migraine. WHO: Migraine (header); CM: Migraine (header)
Cluster headache,g44.009,R51,WHO+CM,related,https://icd.who.int/browse10/2019/en#/R51 https://www.cms.gov/files/zip/2026-code-tables-tabular-and-index.zip,headache (symptom). WHO: Headache; CM: Headache (header)
Cluster headache,g44.009,G50.0,WHO+CM,related,https://icd.who.int/browse10/2019/en#/G50.0 https://www.cms.gov/files/zip/2026-code-tables-tabular-and-index.zip,trigeminal neuralgia. WHO: Trigeminal neuralgia; CM: Trigeminal neuralgia
Cluster headache,g44.009,H40.2,WHO+CM,related,https://icd.who.int/browse10/2019/en#/H40.2 https://www.cms.gov/files/zip/2026-code-tables-tabular-and-index.zip,primary angle-closure glaucoma. WHO: Primary angle-closure glaucoma; CM: Primary angle-closure glaucoma (header)
Cluster headache,g44.009,I60,WHO+CM,related,https://icd.who.int/browse10/2019/en#/I60 https://www.cms.gov/files/zip/2026-code-tables-tabular-and-index.zip,subarachnoid haemorrhage. WHO: Subarachnoid haemorrhage (header); CM: Nontraumatic subarachnoid hemorrhage (header)
Cluster headache,g44.009,M31.6,WHO+CM,related,https://icd.who.int/browse10/2019/en#/M31.6 https://www.cms.gov/files/zip/2026-code-tables-tabular-and-index.zip,giant cell arteritis. WHO: Other giant cell arteritis; CM: Other giant cell arteritis
Cluster headache,g44.009,J01,WHO+CM,related,https://icd.who.int/browse10/2019/en#/J01 https://www.cms.gov/files/zip/2026-code-tables-tabular-and-index.zip,acute sinusitis. WHO: Acute sinusitis (header); CM: Acute sinusitis (header)
Boerhaave,K22.3,K22.3,WHO+CM,equivalent,https://icd.who.int/browse10/2019/en#/K22.3 https://www.cms.gov/files/zip/2026-code-tables-tabular-and-index.zip,"DDXPlus code; CM index ""Boerhaave's syndrome (spontaneous esophageal rupture) K22.3""; CM inclusion term ""Rupture of esophagus"". WHO: Perforation of oesophagus; CM: Perforation of esophagus"
Boerhaave,K22.3,K22,WHO+CM,broader,https://icd.who.int/browse10/2019/en#/K22 https://www.cms.gov/files/zip/2026-code-tables-tabular-and-index.zip,diseases of esophagus. WHO: Other diseases of oesophagus (header); CM: Other diseases of esophagus (header)
Boerhaave,K22.3,S27.8,WHO+CM,related,https://icd.who.int/browse10/2019/en#/S27.8 https://www.cms.gov/files/zip/2026-code-tables-tabular-and-index.zip,traumatic injury of esophagus; CM excludes traumatic perforation from K22.3. WHO: Injury of other specified intrathoracic organs; CM: Injury of other specified intrathoracic organs (header)
Boerhaave,K22.3,K22.6,WHO+CM,related,https://icd.who.int/browse10/2019/en#/K22.6 https://www.cms.gov/files/zip/2026-code-tables-tabular-and-index.zip,Mallory-Weiss tear. WHO: Gastro-oesophageal laceration-haemorrhage syndrome; CM: Gastro-esophageal laceration-hemorrhage syndrome
Boerhaave,K22.3,K22.8,WHO+CM,related,https://icd.who.int/browse10/2019/en#/K22.8 https://www.cms.gov/files/zip/2026-code-tables-tabular-and-index.zip,other specified diseases of esophagus. WHO: Other specified diseases of oesophagus; CM: Other specified diseases of esophagus (header)
Boerhaave,K22.3,K92.0,WHO+CM,related,https://icd.who.int/browse10/2019/en#/K92.0 https://www.cms.gov/files/zip/2026-code-tables-tabular-and-index.zip,haematemesis (symptom). WHO: Haematemesis; CM: Hematemesis
Boerhaave,K22.3,J98.5,WHO+CM,related,https://icd.who.int/browse10/2019/en#/J98.5 https://www.cms.gov/files/zip/2026-code-tables-tabular-and-index.zip,"mediastinitis (complication). WHO: Diseases of mediastinum, not elsewhere classified; CM: Diseases of mediastinum, not elsewhere classified (header)"
Boerhaave,K22.3,K21,WHO+CM,related,https://icd.who.int/browse10/2019/en#/K21 https://www.cms.gov/files/zip/2026-code-tables-tabular-and-index.zip,gastro-oesophageal reflux disease. WHO: Gastro-oesophageal reflux disease (header); CM: Gastro-esophageal reflux disease (header)
Boerhaave,K22.3,I21,WHO+CM,related,https://icd.who.int/browse10/2019/en#/I21 https://www.cms.gov/files/zip/2026-code-tables-tabular-and-index.zip,acute myocardial infarction. WHO: Acute myocardial infarction (header); CM: Acute myocardial infarction (header)
Boerhaave,K22.3,I71,WHO+CM,related,https://icd.who.int/browse10/2019/en#/I71 https://www.cms.gov/files/zip/2026-code-tables-tabular-and-index.zip,aortic aneurysm and dissection. WHO: Aortic aneurysm and dissection (header); CM: Aortic aneurysm and dissection (header)
Boerhaave,K22.3,K85,WHO+CM,related,https://icd.who.int/browse10/2019/en#/K85 https://www.cms.gov/files/zip/2026-code-tables-tabular-and-index.zip,acute pancreatitis. WHO: Acute pancreatitis (header); CM: Acute pancreatitis (header)
Boerhaave,K22.3,K25,WHO+CM,related,https://icd.who.int/browse10/2019/en#/K25 https://www.cms.gov/files/zip/2026-code-tables-tabular-and-index.zip,gastric ulcer. WHO: Gastric ulcer (header); CM: Gastric ulcer (header)
Spontaneous rib fracture,S22.9,S22.9,WHO+CM,equivalent,https://icd.who.int/browse10/2019/en#/S22.9 https://www.cms.gov/files/zip/2026-code-tables-tabular-and-index.zip,"DDXPlus code; fracture of bony thorax, part unspecified. WHO: Fracture of bony thorax, part unspecified; CM: Fracture of bony thorax, part unspecified (header)"
Spontaneous rib fracture,S22.9,S22.3,WHO+CM,narrower,https://icd.who.int/browse10/2019/en#/S22.3 https://www.cms.gov/files/zip/2026-code-tables-tabular-and-index.zip,"fracture of one rib (CM S22.31-S22.39 by side, with 7th character). WHO: Fracture of rib; CM: Fracture of one rib (header)"
Spontaneous rib fracture,S22.9,S22.4,WHO+CM,narrower,https://icd.who.int/browse10/2019/en#/S22.4 https://www.cms.gov/files/zip/2026-code-tables-tabular-and-index.zip,multiple fractures of ribs. WHO: Multiple fractures of ribs; CM: Multiple fractures of ribs (header)
Spontaneous rib fracture,S22.9,S22,WHO+CM,broader,https://icd.who.int/browse10/2019/en#/S22 https://www.cms.gov/files/zip/2026-code-tables-tabular-and-index.zip,"fracture of rib(s), sternum and thoracic spine. WHO: Fracture of rib(s), sternum and thoracic spine (header); CM: Fracture of rib(s), sternum and thoracic spine (header)"
Spontaneous rib fracture,S22.9,M84.4,WHO+CM,equivalent,https://icd.who.int/browse10/2019/en#/M84.4 https://www.cms.gov/files/zip/2026-code-tables-tabular-and-index.zip,"pathological fracture, not elsewhere classified; CM index ""Fracture, spontaneous (cause unknown) - see Fracture, pathological"". WHO: Pathological fracture, not elsewhere classified; CM: Pathological fracture, not elsewhere classified (header)"
Spontaneous rib fracture,S22.9,M84.48,CM,equivalent,https://www.cms.gov/files/zip/2026-code-tables-tabular-and-index.zip,"CM pathological fracture, other site (rib is coded here). CM: Pathological fracture, other site (header)"
Spontaneous rib fracture,S22.9,M80.0,WHO+CM,narrower,https://icd.who.int/browse10/2019/en#/M80.0 https://www.cms.gov/files/zip/2026-code-tables-tabular-and-index.zip,osteoporosis with current pathological fracture (cause-specified spontaneous fracture). WHO: Postmenopausal osteoporosis with pathological fracture; CM: Age-related osteoporosis with current pathological fracture (header)
Spontaneous rib fracture,S22.9,M84.3,WHO+CM,related,https://icd.who.int/browse10/2019/en#/M84.3 https://www.cms.gov/files/zip/2026-code-tables-tabular-and-index.zip,"stress fracture (fatigue fracture, not spontaneous). WHO: Stress fracture, not elsewhere classified; CM: Stress fracture (header)"
Spontaneous rib fracture,S22.9,S22.0,WHO+CM,related,https://icd.who.int/browse10/2019/en#/S22.0 https://www.cms.gov/files/zip/2026-code-tables-tabular-and-index.zip,fracture of thoracic vertebra. WHO: Fracture of thoracic vertebra; CM: Fracture of thoracic vertebra (header)
Spontaneous rib fracture,S22.9,S22.1,WHO,related,https://icd.who.int/browse10/2019/en#/S22.1,multiple fractures of thoracic spine. WHO: Multiple fractures of thoracic spine
Spontaneous rib fracture,S22.9,S22.2,WHO+CM,related,https://icd.who.int/browse10/2019/en#/S22.2 https://www.cms.gov/files/zip/2026-code-tables-tabular-and-index.zip,fracture of sternum. WHO: Fracture of sternum; CM: Fracture of sternum (header)
Spontaneous rib fracture,S22.9,S20,WHO+CM,related,https://icd.who.int/browse10/2019/en#/S20 https://www.cms.gov/files/zip/2026-code-tables-tabular-and-index.zip,superficial injury of thorax. WHO: Superficial injury of thorax (header); CM: Superficial injury of thorax (header)
Spontaneous rib fracture,S22.9,M94.0,WHO+CM,related,https://icd.who.int/browse10/2019/en#/M94.0 https://www.cms.gov/files/zip/2026-code-tables-tabular-and-index.zip,chondrocostal junction syndrome (Tietze). WHO: Chondrocostal junction syndrome [Tietze]; CM: Chondrocostal junction syndrome [Tietze]
Spontaneous rib fracture,S22.9,R07.1,WHO+CM,related,https://icd.who.int/browse10/2019/en#/R07.1 https://www.cms.gov/files/zip/2026-code-tables-tabular-and-index.zip,chest pain on breathing. WHO: Chest pain on breathing; CM: Chest pain on breathing
Spontaneous rib fracture,S22.9,R07.89,CM,related,https://www.cms.gov/files/zip/2026-code-tables-tabular-and-index.zip,other chest pain. CM: Other chest pain
Spontaneous rib fracture,S22.9,M79.1,WHO+CM,related,https://icd.who.int/browse10/2019/en#/M79.1 https://www.cms.gov/files/zip/2026-code-tables-tabular-and-index.zip,myalgia. WHO: Myalgia; CM: Myalgia (header)
Spontaneous rib fracture,S22.9,M54.6,WHO+CM,related,https://icd.who.int/browse10/2019/en#/M54.6 https://www.cms.gov/files/zip/2026-code-tables-tabular-and-index.zip,pain in thoracic spine. WHO: Pain in thoracic spine; CM: Pain in thoracic spine
GERD,K21,K21,WHO+CM,equivalent,https://icd.who.int/browse10/2019/en#/K21 https://www.cms.gov/files/zip/2026-code-tables-tabular-and-index.zip,DDXPlus code; gastro-oesophageal reflux disease. WHO: Gastro-oesophageal reflux disease (header); CM: Gastro-esophageal reflux disease (header)
GERD,K21,K21.9,WHO+CM,equivalent,https://icd.who.int/browse10/2019/en#/K21.9 https://www.cms.gov/files/zip/2026-code-tables-tabular-and-index.zip,GERD without oesophagitis. WHO: Gastro-oesophageal reflux disease without oesophagitis; CM: Gastro-esophageal reflux disease without esophagitis
GERD,K21,K21.0,WHO+CM,narrower,https://icd.who.int/browse10/2019/en#/K21.0 https://www.cms.gov/files/zip/2026-code-tables-tabular-and-index.zip,"GERD with oesophagitis (CM K21.00, K21.01). WHO: Gastro-oesophageal reflux disease with oesophagitis; CM: Gastro-esophageal reflux disease with esophagitis (header)"
GERD,K21,K20,WHO+CM,related,https://icd.who.int/browse10/2019/en#/K20 https://www.cms.gov/files/zip/2026-code-tables-tabular-and-index.zip,oesophagitis. WHO: Oesophagitis; CM: Esophagitis (header)
GERD,K21,R12,WHO+CM,related,https://icd.who.int/browse10/2019/en#/R12 https://www.cms.gov/files/zip/2026-code-tables-tabular-and-index.zip,heartburn (symptom). WHO: Heartburn; CM: Heartburn
GERD,K21,K22.7,WHO+CM,related,https://icd.who.int/browse10/2019/en#/K22.7 https://www.cms.gov/files/zip/2026-code-tables-tabular-and-index.zip,Barrett's oesophagus. WHO: Barrett oesophagus; CM: Barrett's esophagus (header)
GERD,K21,K44,WHO+CM,related,https://icd.who.int/browse10/2019/en#/K44 https://www.cms.gov/files/zip/2026-code-tables-tabular-and-index.zip,diaphragmatic (hiatus) hernia. WHO: Diaphragmatic hernia (header); CM: Diaphragmatic hernia (header)
GERD,K21,K22.8,WHO+CM,related,https://icd.who.int/browse10/2019/en#/K22.8 https://www.cms.gov/files/zip/2026-code-tables-tabular-and-index.zip,other specified diseases of esophagus. WHO: Other specified diseases of oesophagus; CM: Other specified diseases of esophagus (header)
GERD,K21,K22.4,WHO+CM,related,https://icd.who.int/browse10/2019/en#/K22.4 https://www.cms.gov/files/zip/2026-code-tables-tabular-and-index.zip,dyskinesia of oesophagus. WHO: Dyskinesia of oesophagus; CM: Dyskinesia of esophagus
GERD,K21,K30,WHO+CM,related,https://icd.who.int/browse10/2019/en#/K30 https://www.cms.gov/files/zip/2026-code-tables-tabular-and-index.zip,functional dyspepsia. WHO: Functional dyspepsia; CM: Functional dyspepsia
GERD,K21,K29,WHO+CM,related,https://icd.who.int/browse10/2019/en#/K29 https://www.cms.gov/files/zip/2026-code-tables-tabular-and-index.zip,gastritis and duodenitis. WHO: Gastritis and duodenitis (header); CM: Gastritis and duodenitis (header)
GERD,K21,K25,WHO+CM,related,https://icd.who.int/browse10/2019/en#/K25 https://www.cms.gov/files/zip/2026-code-tables-tabular-and-index.zip,gastric ulcer. WHO: Gastric ulcer (header); CM: Gastric ulcer (header)
GERD,K21,K26,WHO+CM,related,https://icd.who.int/browse10/2019/en#/K26 https://www.cms.gov/files/zip/2026-code-tables-tabular-and-index.zip,duodenal ulcer. WHO: Duodenal ulcer (header); CM: Duodenal ulcer (header)
GERD,K21,K27,WHO+CM,related,https://icd.who.int/browse10/2019/en#/K27 https://www.cms.gov/files/zip/2026-code-tables-tabular-and-index.zip,"peptic ulcer, site unspecified. WHO: Peptic ulcer, site unspecified (header); CM: Peptic ulcer, site unspecified (header)"
GERD,K21,R10.1,WHO+CM,related,https://icd.who.int/browse10/2019/en#/R10.1 https://www.cms.gov/files/zip/2026-code-tables-tabular-and-index.zip,pain localized to upper abdomen. WHO: Pain localized to upper abdomen; CM: Pain localized to upper abdomen (header)
GERD,K21,R07.9,CM,related,https://www.cms.gov/files/zip/2026-code-tables-tabular-and-index.zip,"chest pain, unspecified. CM: Chest pain, unspecified"
GERD,K21,I20,WHO+CM,related,https://icd.who.int/browse10/2019/en#/I20 https://www.cms.gov/files/zip/2026-code-tables-tabular-and-index.zip,angina pectoris. WHO: Angina pectoris (header); CM: Angina pectoris (header)
GERD,K21,I21,WHO+CM,related,https://icd.who.int/browse10/2019/en#/I21 https://www.cms.gov/files/zip/2026-code-tables-tabular-and-index.zip,acute myocardial infarction. WHO: Acute myocardial infarction (header); CM: Acute myocardial infarction (header)
HIV (initial infection),B20,B20,WHO+CM,equivalent,https://icd.who.int/browse10/2019/en#/B20 https://www.cms.gov/files/zip/2026-code-tables-tabular-and-index.zip,DDXPlus code; HIV disease (WHO: resulting in infectious and parasitic diseases; CM: whole HIV disease). WHO: Human immunodeficiency virus [HIV] disease resulting in infectious and parasitic diseases (header); CM: Human immunodeficiency virus [HIV] disease
HIV (initial infection),B20,B23.0,WHO,equivalent,https://icd.who.int/browse10/2019/en#/B23.0,WHO acute HIV infection syndrome; the exact concept of an initial infection. WHO: Acute HIV infection syndrome
HIV (initial infection),B20,B21,WHO,equivalent,https://icd.who.int/browse10/2019/en#/B21,"WHO HIV disease resulting in malignant neoplasms (same disease, different manifestation axis). WHO: Human immunodeficiency virus [HIV] disease resulting in malignant neoplasms (header)"
HIV (initial infection),B20,B22,WHO,equivalent,https://icd.who.int/browse10/2019/en#/B22,WHO HIV disease resulting in other specified diseases. WHO: Human immunodeficiency virus [HIV] disease resulting in other specified diseases (header)
HIV (initial infection),B20,B23,WHO,equivalent,https://icd.who.int/browse10/2019/en#/B23,WHO HIV disease resulting in other conditions. WHO: Human immunodeficiency virus [HIV] disease resulting in other conditions (header)
HIV (initial infection),B20,B24,WHO,equivalent,https://icd.who.int/browse10/2019/en#/B24,WHO unspecified HIV disease. WHO: Unspecified human immunodeficiency virus [HIV] disease
HIV (initial infection),B20,Z21,WHO+CM,related,https://icd.who.int/browse10/2019/en#/Z21 https://www.cms.gov/files/zip/2026-code-tables-tabular-and-index.zip,asymptomatic HIV infection status; CM excludes it from B20. WHO: Asymptomatic human immunodeficiency virus [HIV] infection status; CM: Asymptomatic human immunodeficiency virus infection status
HIV (initial infection),B20,R75,WHO+CM,related,https://icd.who.int/browse10/2019/en#/R75 https://www.cms.gov/files/zip/2026-code-tables-tabular-and-index.zip,inconclusive laboratory evidence of HIV. WHO: Laboratory evidence of human immunodeficiency virus [HIV]; CM: Inconclusive laboratory evidence of human immunodef virus
HIV (initial infection),B20,Z20.6,WHO+CM,related,https://icd.who.int/browse10/2019/en#/Z20.6 https://www.cms.gov/files/zip/2026-code-tables-tabular-and-index.zip,contact with and exposure to HIV. WHO: Contact with and exposure to human immunodeficiency virus [HIV]; CM: Contact w and (suspected) exposure to human immunodef virus
HIV (initial infection),B20,B27,WHO+CM,related,https://icd.who.int/browse10/2019/en#/B27 https://www.cms.gov/files/zip/2026-code-tables-tabular-and-index.zip,infectious mononucleosis (common confuser). WHO: Infectious mononucleosis (header); CM: Infectious mononucleosis (header)
HIV (initial infection),B20,A51,WHO+CM,related,https://icd.who.int/browse10/2019/en#/A51 https://www.cms.gov/files/zip/2026-code-tables-tabular-and-index.zip,early syphilis. WHO: Early syphilis (header); CM: Early syphilis (header)
HIV (initial infection),B20,A53,WHO+CM,related,https://icd.who.int/browse10/2019/en#/A53 https://www.cms.gov/files/zip/2026-code-tables-tabular-and-index.zip,other and unspecified syphilis. WHO: Other and unspecified syphilis (header); CM: Other and unspecified syphilis (header)
HIV (initial infection),B20,A60,WHO+CM,related,https://icd.who.int/browse10/2019/en#/A60 https://www.cms.gov/files/zip/2026-code-tables-tabular-and-index.zip,anogenital herpesviral infection. WHO: Anogenital herpesviral [herpes simplex] infection (header); CM: Anogenital herpesviral [herpes simplex] infections (header)
HIV (initial infection),B20,B00,WHO+CM,related,https://icd.who.int/browse10/2019/en#/B00 https://www.cms.gov/files/zip/2026-code-tables-tabular-and-index.zip,herpesviral infections. WHO: Herpesviral [herpes simplex] infections (header); CM: Herpesviral [herpes simplex] infections (header)
HIV (initial infection),B20,B34.9,WHO+CM,related,https://icd.who.int/browse10/2019/en#/B34.9 https://www.cms.gov/files/zip/2026-code-tables-tabular-and-index.zip,"viral infection, unspecified. WHO: Viral infection, unspecified; CM: Viral infection, unspecified"
HIV (initial infection),B20,R50.9,WHO+CM,related,https://icd.who.int/browse10/2019/en#/R50.9 https://www.cms.gov/files/zip/2026-code-tables-tabular-and-index.zip,"fever, unspecified. WHO: Fever, unspecified; CM: Fever, unspecified"
HIV (initial infection),B20,I33,WHO+CM,related,https://icd.who.int/browse10/2019/en#/I33 https://www.cms.gov/files/zip/2026-code-tables-tabular-and-index.zip,acute and subacute endocarditis. WHO: Acute and subacute endocarditis (header); CM: Acute and subacute endocarditis (header)
HIV (initial infection),B20,B04,WHO+CM,related,https://icd.who.int/browse10/2019/en#/B04 https://www.cms.gov/files/zip/2026-code-tables-tabular-and-index.zip,monkeypox. WHO: Monkeypox; CM: Monkeypox
Anemia,D64.9,D64.9,WHO+CM,equivalent,https://icd.who.int/browse10/2019/en#/D64.9 https://www.cms.gov/files/zip/2026-code-tables-tabular-and-index.zip,"DDXPlus code; anaemia, unspecified. WHO: Anaemia, unspecified; CM: Anemia, unspecified"
Anemia,D64.9,D64,WHO+CM,broader,https://icd.who.int/browse10/2019/en#/D64 https://www.cms.gov/files/zip/2026-code-tables-tabular-and-index.zip,other anaemias (contains D64.9 and specified anaemias). WHO: Other anaemias (header); CM: Other anemias (header)
Anemia,D64.9,D64.0,WHO+CM,narrower,https://icd.who.int/browse10/2019/en#/D64.0 https://www.cms.gov/files/zip/2026-code-tables-tabular-and-index.zip,hereditary sideroblastic anaemia. WHO: Hereditary sideroblastic anaemia; CM: Hereditary sideroblastic anemia
Anemia,D64.9,D64.1,WHO+CM,narrower,https://icd.who.int/browse10/2019/en#/D64.1 https://www.cms.gov/files/zip/2026-code-tables-tabular-and-index.zip,secondary sideroblastic anaemia due to disease. WHO: Secondary sideroblastic anaemia due to disease; CM: Secondary sideroblastic anemia due to disease
Anemia,D64.9,D64.2,WHO+CM,narrower,https://icd.who.int/browse10/2019/en#/D64.2 https://www.cms.gov/files/zip/2026-code-tables-tabular-and-index.zip,secondary sideroblastic anaemia due to drugs and toxins. WHO: Secondary sideroblastic anaemia due to drugs and toxins; CM: Secondary sideroblastic anemia due to drugs and toxins
Anemia,D64.9,D64.3,WHO+CM,narrower,https://icd.who.int/browse10/2019/en#/D64.3 https://www.cms.gov/files/zip/2026-code-tables-tabular-and-index.zip,other sideroblastic anaemias. WHO: Other sideroblastic anaemias; CM: Other sideroblastic anemias
Anemia,D64.9,D64.4,WHO+CM,narrower,https://icd.who.int/browse10/2019/en#/D64.4 https://www.cms.gov/files/zip/2026-code-tables-tabular-and-index.zip,congenital dyserythropoietic anaemia. WHO: Congenital dyserythropoietic anaemia; CM: Congenital dyserythropoietic anemia
Anemia,D64.9,D64.8,WHO+CM,narrower,https://icd.who.int/browse10/2019/en#/D64.8 https://www.cms.gov/files/zip/2026-code-tables-tabular-and-index.zip,"other specified anaemias (CM D64.81, D64.89). WHO: Other specified anaemias; CM: Other specified anemias (header)"
Anemia,D64.9,D50,WHO+CM,narrower,https://icd.who.int/browse10/2019/en#/D50 https://www.cms.gov/files/zip/2026-code-tables-tabular-and-index.zip,iron deficiency anaemia. WHO: Iron deficiency anaemia (header); CM: Iron deficiency anemia (header)
Anemia,D64.9,D51,WHO+CM,narrower,https://icd.who.int/browse10/2019/en#/D51 https://www.cms.gov/files/zip/2026-code-tables-tabular-and-index.zip,vitamin B12 deficiency anaemia. WHO: Vitamin B 12 deficiency anaemia (header); CM: Vitamin B12 deficiency anemia (header)
Anemia,D64.9,D52,WHO+CM,narrower,https://icd.who.int/browse10/2019/en#/D52 https://www.cms.gov/files/zip/2026-code-tables-tabular-and-index.zip,folate deficiency anaemia. WHO: Folate deficiency anaemia (header); CM: Folate deficiency anemia (header)
Anemia,D64.9,D53,WHO+CM,narrower,https://icd.who.int/browse10/2019/en#/D53 https://www.cms.gov/files/zip/2026-code-tables-tabular-and-index.zip,other nutritional anaemias. WHO: Other nutritional anaemias (header); CM: Other nutritional anemias (header)
Anemia,D64.9,D55,WHO+CM,narrower,https://icd.who.int/browse10/2019/en#/D55 https://www.cms.gov/files/zip/2026-code-tables-tabular-and-index.zip,anaemia due to enzyme disorders. WHO: Anaemia due to enzyme disorders (header); CM: Anemia due to enzyme disorders (header)
Anemia,D64.9,D56,WHO+CM,narrower,https://icd.who.int/browse10/2019/en#/D56 https://www.cms.gov/files/zip/2026-code-tables-tabular-and-index.zip,thalassaemia. WHO: Thalassaemia (header); CM: Thalassemia (header)
Anemia,D64.9,D57,WHO+CM,narrower,https://icd.who.int/browse10/2019/en#/D57 https://www.cms.gov/files/zip/2026-code-tables-tabular-and-index.zip,sickle-cell disorders. WHO: Sickle-cell disorders (header); CM: Sickle-cell disorders (header)
Anemia,D64.9,D58,WHO+CM,narrower,https://icd.who.int/browse10/2019/en#/D58 https://www.cms.gov/files/zip/2026-code-tables-tabular-and-index.zip,other hereditary haemolytic anaemias. WHO: Other hereditary haemolytic anaemias (header); CM: Other hereditary hemolytic anemias (header)
Anemia,D64.9,D59,WHO+CM,narrower,https://icd.who.int/browse10/2019/en#/D59 https://www.cms.gov/files/zip/2026-code-tables-tabular-and-index.zip,acquired haemolytic anaemia. WHO: Acquired haemolytic anaemia (header); CM: Acquired hemolytic anemia (header)
Anemia,D64.9,D60,WHO+CM,narrower,https://icd.who.int/browse10/2019/en#/D60 https://www.cms.gov/files/zip/2026-code-tables-tabular-and-index.zip,acquired pure red cell aplasia. WHO: Acquired pure red cell aplasia [erythroblastopenia] (header); CM: Acquired pure red cell aplasia [erythroblastopenia] (header)
Anemia,D64.9,D61,WHO+CM,narrower,https://icd.who.int/browse10/2019/en#/D61 https://www.cms.gov/files/zip/2026-code-tables-tabular-and-index.zip,other aplastic anaemias. WHO: Other aplastic anaemias (header); CM: Oth aplastic anemias and other bone marrow failure syndromes (header)
Anemia,D64.9,D62,WHO+CM,narrower,https://icd.who.int/browse10/2019/en#/D62 https://www.cms.gov/files/zip/2026-code-tables-tabular-and-index.zip,acute posthaemorrhagic anaemia. WHO: Acute posthaemorrhagic anaemia; CM: Acute posthemorrhagic anemia
Anemia,D64.9,D63,WHO+CM,narrower,https://icd.who.int/browse10/2019/en#/D63 https://www.cms.gov/files/zip/2026-code-tables-tabular-and-index.zip,anaemia in chronic diseases classified elsewhere. WHO: Anaemia in chronic diseases classified elsewhere (header); CM: Anemia in chronic diseases classified elsewhere (header)
Anemia,D64.9,O99.0,WHO+CM,narrower,https://icd.who.int/browse10/2019/en#/O99.0 https://www.cms.gov/files/zip/2026-code-tables-tabular-and-index.zip,"anaemia complicating pregnancy, childbirth and the puerperium. WHO: Anaemia complicating pregnancy, childbirth and the puerperium; CM: Anemia complicating pregnancy, childbirth and the puerperium (header)"
Anemia,D64.9,K92.2,WHO+CM,related,https://icd.who.int/browse10/2019/en#/K92.2 https://www.cms.gov/files/zip/2026-code-tables-tabular-and-index.zip,"gastrointestinal haemorrhage (a cause, not the anaemia). WHO: Gastrointestinal haemorrhage, unspecified; CM: Gastrointestinal hemorrhage, unspecified"
Anemia,D64.9,K92.1,WHO+CM,related,https://icd.who.int/browse10/2019/en#/K92.1 https://www.cms.gov/files/zip/2026-code-tables-tabular-and-index.zip,melaena. WHO: Melaena; CM: Melena
Anemia,D64.9,K92.0,WHO+CM,related,https://icd.who.int/browse10/2019/en#/K92.0 https://www.cms.gov/files/zip/2026-code-tables-tabular-and-index.zip,haematemesis. WHO: Haematemesis; CM: Hematemesis
Anemia,D64.9,R42,WHO+CM,related,https://icd.who.int/browse10/2019/en#/R42 https://www.cms.gov/files/zip/2026-code-tables-tabular-and-index.zip,dizziness. WHO: Dizziness and giddiness; CM: Dizziness and giddiness
Anemia,D64.9,R53,WHO+CM,related,https://icd.who.int/browse10/2019/en#/R53 https://www.cms.gov/files/zip/2026-code-tables-tabular-and-index.zip,malaise and fatigue. WHO: Malaise and fatigue; CM: Malaise and fatigue (header)
Anemia,D64.9,R23.1,WHO+CM,related,https://icd.who.int/browse10/2019/en#/R23.1 https://www.cms.gov/files/zip/2026-code-tables-tabular-and-index.zip,pallor. WHO: Pallor; CM: Pallor
Anemia,D64.9,D75.9,WHO+CM,related,https://icd.who.int/browse10/2019/en#/D75.9 https://www.cms.gov/files/zip/2026-code-tables-tabular-and-index.zip,"disease of blood, unspecified. WHO: Disease of blood and blood-forming organs, unspecified; CM: Disease of blood and blood-forming organs, unspecified"
Anemia,D64.9,N18,WHO+CM,related,https://icd.who.int/browse10/2019/en#/N18 https://www.cms.gov/files/zip/2026-code-tables-tabular-and-index.zip,chronic kidney disease. WHO: Chronic kidney disease (header); CM: Chronic kidney disease (CKD) (header)
Anemia,D64.9,M31.6,WHO+CM,related,https://icd.who.int/browse10/2019/en#/M31.6 https://www.cms.gov/files/zip/2026-code-tables-tabular-and-index.zip,giant cell arteritis. WHO: Other giant cell arteritis; CM: Other giant cell arteritis
Anemia,D64.9,R51.9,CM,related,https://www.cms.gov/files/zip/2026-code-tables-tabular-and-index.zip,"headache. CM: Headache, unspecified"
Anemia,D64.9,R06.02,CM,related,https://www.cms.gov/files/zip/2026-code-tables-tabular-and-index.zip,shortness of breath. CM: Shortness of breath
Viral pharyngitis,J02.9,J02.9,WHO+CM,equivalent,https://icd.who.int/browse10/2019/en#/J02.9 https://www.cms.gov/files/zip/2026-code-tables-tabular-and-index.zip,"DDXPlus code; acute pharyngitis, unspecified. WHO: Acute pharyngitis, unspecified; CM: Acute pharyngitis, unspecified"
Viral pharyngitis,J02.9,J02.8,WHO+CM,equivalent,https://icd.who.int/browse10/2019/en#/J02.8 https://www.cms.gov/files/zip/2026-code-tables-tabular-and-index.zip,"acute pharyngitis due to other specified organisms; CM index ""Pharyngitis, viral NEC J02.8"". WHO: Acute pharyngitis due to other specified organisms; CM: Acute pharyngitis due to other specified organisms"
Viral pharyngitis,J02.9,J02,WHO+CM,broader,https://icd.who.int/browse10/2019/en#/J02 https://www.cms.gov/files/zip/2026-code-tables-tabular-and-index.zip,acute pharyngitis (includes streptococcal). WHO: Acute pharyngitis (header); CM: Acute pharyngitis (header)
Viral pharyngitis,J02.9,J02.0,WHO+CM,related,https://icd.who.int/browse10/2019/en#/J02.0 https://www.cms.gov/files/zip/2026-code-tables-tabular-and-index.zip,streptococcal pharyngitis (bacterial). WHO: Streptococcal pharyngitis; CM: Streptococcal pharyngitis
Viral pharyngitis,J02.9,B00.2,WHO+CM,narrower,https://icd.who.int/browse10/2019/en#/B00.2 https://www.cms.gov/files/zip/2026-code-tables-tabular-and-index.zip,herpesviral gingivostomatitis and pharyngotonsillitis. WHO: Herpesviral gingivostomatitis and pharyngotonsillitis; CM: Herpesviral gingivostomatitis and pharyngotonsillitis
Viral pharyngitis,J02.9,B08.5,WHO+CM,narrower,https://icd.who.int/browse10/2019/en#/B08.5 https://www.cms.gov/files/zip/2026-code-tables-tabular-and-index.zip,enteroviral vesicular pharyngitis. WHO: Enteroviral vesicular pharyngitis; CM: Enteroviral vesicular pharyngitis
Viral pharyngitis,J02.9,J03,WHO+CM,related,https://icd.who.int/browse10/2019/en#/J03 https://www.cms.gov/files/zip/2026-code-tables-tabular-and-index.zip,acute tonsillitis. WHO: Acute tonsillitis (header); CM: Acute tonsillitis (header)
Viral pharyngitis,J02.9,J06.9,WHO+CM,broader,https://icd.who.int/browse10/2019/en#/J06.9 https://www.cms.gov/files/zip/2026-code-tables-tabular-and-index.zip,"acute upper respiratory infection, unspecified (owned by URTI). WHO: Acute upper respiratory infection, unspecified; CM: Acute upper respiratory infection, unspecified"
Viral pharyngitis,J02.9,J06.0,WHO+CM,related,https://icd.who.int/browse10/2019/en#/J06.0 https://www.cms.gov/files/zip/2026-code-tables-tabular-and-index.zip,acute laryngopharyngitis (owned by URTI as narrower). WHO: Acute laryngopharyngitis; CM: Acute laryngopharyngitis
Viral pharyngitis,J02.9,J00,WHO+CM,related,https://icd.who.int/browse10/2019/en#/J00 https://www.cms.gov/files/zip/2026-code-tables-tabular-and-index.zip,common cold (owned by URTI as narrower). WHO: Acute nasopharyngitis [common cold]; CM: Acute nasopharyngitis [common cold]
Viral pharyngitis,J02.9,J31.2,WHO+CM,related,https://icd.who.int/browse10/2019/en#/J31.2 https://www.cms.gov/files/zip/2026-code-tables-tabular-and-index.zip,chronic pharyngitis. WHO: Chronic pharyngitis; CM: Chronic pharyngitis
Viral pharyngitis,J02.9,B27,WHO+CM,related,https://icd.who.int/browse10/2019/en#/B27 https://www.cms.gov/files/zip/2026-code-tables-tabular-and-index.zip,infectious mononucleosis. WHO: Infectious mononucleosis (header); CM: Infectious mononucleosis (header)
Viral pharyngitis,J02.9,J36,WHO+CM,related,https://icd.who.int/browse10/2019/en#/J36 https://www.cms.gov/files/zip/2026-code-tables-tabular-and-index.zip,peritonsillar abscess. WHO: Peritonsillar abscess; CM: Peritonsillar abscess
Viral pharyngitis,J02.9,J39.2,WHO+CM,related,https://icd.who.int/browse10/2019/en#/J39.2 https://www.cms.gov/files/zip/2026-code-tables-tabular-and-index.zip,other diseases of pharynx. WHO: Other diseases of pharynx; CM: Other diseases of pharynx
Viral pharyngitis,J02.9,R07.0,WHO+CM,related,https://icd.who.int/browse10/2019/en#/R07.0 https://www.cms.gov/files/zip/2026-code-tables-tabular-and-index.zip,pain in throat. WHO: Pain in throat; CM: Pain in throat
Viral pharyngitis,J02.9,J04.0,WHO+CM,related,https://icd.who.int/browse10/2019/en#/J04.0 https://www.cms.gov/files/zip/2026-code-tables-tabular-and-index.zip,acute laryngitis (own DDXPlus condition). WHO: Acute laryngitis; CM: Acute laryngitis
Viral pharyngitis,J02.9,J11.1,WHO+CM,related,https://icd.who.int/browse10/2019/en#/J11.1 https://www.cms.gov/files/zip/2026-code-tables-tabular-and-index.zip,"influenza (own DDXPlus condition). WHO: Influenza with other respiratory manifestations, virus not identified; CM: Flu due to unidentified influenza virus w oth resp manifest"
Viral pharyngitis,J02.9,A36.0,WHO+CM,related,https://icd.who.int/browse10/2019/en#/A36.0 https://www.cms.gov/files/zip/2026-code-tables-tabular-and-index.zip,pharyngeal diphtheria. WHO: Pharyngeal diphtheria; CM: Pharyngeal diphtheria
Viral pharyngitis,J02.9,A54.5,WHO+CM,related,https://icd.who.int/browse10/2019/en#/A54.5 https://www.cms.gov/files/zip/2026-code-tables-tabular-and-index.zip,gonococcal pharyngitis. WHO: Gonococcal pharyngitis; CM: Gonococcal pharyngitis
Viral pharyngitis,J02.9,A56.4,WHO+CM,related,https://icd.who.int/browse10/2019/en#/A56.4 https://www.cms.gov/files/zip/2026-code-tables-tabular-and-index.zip,chlamydial infection of pharynx. WHO: Chlamydial infection of pharynx; CM: Chlamydial infection of pharynx
Viral pharyngitis,J02.9,J18,WHO+CM,related,https://icd.who.int/browse10/2019/en#/J18 https://www.cms.gov/files/zip/2026-code-tables-tabular-and-index.zip,"pneumonia. WHO: Pneumonia, organism unspecified (header); CM: Pneumonia, unspecified organism (header)"
Viral pharyngitis,J02.9,R04.2,WHO+CM,related,https://icd.who.int/browse10/2019/en#/R04.2 https://www.cms.gov/files/zip/2026-code-tables-tabular-and-index.zip,haemoptysis. WHO: Haemoptysis; CM: Hemoptysis
Inguinal hernia,K40,K40,WHO+CM,equivalent,https://icd.who.int/browse10/2019/en#/K40 https://www.cms.gov/files/zip/2026-code-tables-tabular-and-index.zip,DDXPlus code; inguinal hernia. WHO: Inguinal hernia (header); CM: Inguinal hernia (header)
Inguinal hernia,K40,K40.0,WHO+CM,narrower,https://icd.who.int/browse10/2019/en#/K40.0 https://www.cms.gov/files/zip/2026-code-tables-tabular-and-index.zip,"bilateral inguinal hernia with obstruction. WHO: Bilateral inguinal hernia, with obstruction, without gangrene; CM: Bilateral inguinal hernia, with obstruction, w/o gangrene (header)"
Inguinal hernia,K40,K40.1,WHO+CM,narrower,https://icd.who.int/browse10/2019/en#/K40.1 https://www.cms.gov/files/zip/2026-code-tables-tabular-and-index.zip,"bilateral inguinal hernia with gangrene. WHO: Bilateral inguinal hernia, with gangrene; CM: Bilateral inguinal hernia, with gangrene (header)"
Inguinal hernia,K40,K40.2,WHO+CM,narrower,https://icd.who.int/browse10/2019/en#/K40.2 https://www.cms.gov/files/zip/2026-code-tables-tabular-and-index.zip,"bilateral inguinal hernia without obstruction or gangrene. WHO: Bilateral inguinal hernia, without obstruction or gangrene; CM: Bilateral inguinal hernia, without obstruction or gangrene (header)"
Inguinal hernia,K40,K40.3,WHO+CM,narrower,https://icd.who.int/browse10/2019/en#/K40.3 https://www.cms.gov/files/zip/2026-code-tables-tabular-and-index.zip,"unilateral inguinal hernia with obstruction. WHO: Unilateral or unspecified inguinal hernia, with obstruction, without gangrene; CM: Unilateral inguinal hernia, with obstruction, w/o gangrene (header)"
Inguinal hernia,K40,K40.4,WHO+CM,narrower,https://icd.who.int/browse10/2019/en#/K40.4 https://www.cms.gov/files/zip/2026-code-tables-tabular-and-index.zip,"unilateral inguinal hernia with gangrene. WHO: Unilateral or unspecified inguinal hernia, with gangrene; CM: Unilateral inguinal hernia, with gangrene (header)"
Inguinal hernia,K40,K40.9,WHO+CM,narrower,https://icd.who.int/browse10/2019/en#/K40.9 https://www.cms.gov/files/zip/2026-code-tables-tabular-and-index.zip,"unilateral inguinal hernia without obstruction or gangrene (CM K40.90, K40.91). WHO: Unilateral or unspecified inguinal hernia, without obstruction or gangrene; CM: Unilateral inguinal hernia, without obstruction or gangrene (header)"
Inguinal hernia,K40,K46,WHO+CM,broader,https://icd.who.int/browse10/2019/en#/K46 https://www.cms.gov/files/zip/2026-code-tables-tabular-and-index.zip,unspecified abdominal hernia. WHO: Unspecified abdominal hernia (header); CM: Unspecified abdominal hernia (header)
Inguinal hernia,K40,K41,WHO+CM,related,https://icd.who.int/browse10/2019/en#/K41 https://www.cms.gov/files/zip/2026-code-tables-tabular-and-index.zip,femoral hernia. WHO: Femoral hernia (header); CM: Femoral hernia (header)
Inguinal hernia,K40,K42,WHO+CM,related,https://icd.who.int/browse10/2019/en#/K42 https://www.cms.gov/files/zip/2026-code-tables-tabular-and-index.zip,umbilical hernia. WHO: Umbilical hernia (header); CM: Umbilical hernia (header)
Inguinal hernia,K40,K43,WHO+CM,related,https://icd.who.int/browse10/2019/en#/K43 https://www.cms.gov/files/zip/2026-code-tables-tabular-and-index.zip,ventral hernia. WHO: Ventral hernia (header); CM: Ventral hernia (header)
Inguinal hernia,K40,K45,WHO+CM,related,https://icd.who.int/browse10/2019/en#/K45 https://www.cms.gov/files/zip/2026-code-tables-tabular-and-index.zip,other abdominal hernia. WHO: Other abdominal hernia (header); CM: Other abdominal hernia (header)
Inguinal hernia,K40,N43,WHO+CM,related,https://icd.who.int/browse10/2019/en#/N43 https://www.cms.gov/files/zip/2026-code-tables-tabular-and-index.zip,hydrocele and spermatocele. WHO: Hydrocele and spermatocele (header); CM: Hydrocele and spermatocele (header)
Inguinal hernia,K40,N44,WHO+CM,related,https://icd.who.int/browse10/2019/en#/N44 https://www.cms.gov/files/zip/2026-code-tables-tabular-and-index.zip,torsion of testis. WHO: Torsion of testis; CM: Noninflammatory disorders of testis (header)
Inguinal hernia,K40,N45,WHO+CM,related,https://icd.who.int/browse10/2019/en#/N45 https://www.cms.gov/files/zip/2026-code-tables-tabular-and-index.zip,orchitis and epididymitis. WHO: Orchitis and epididymitis (header); CM: Orchitis and epididymitis (header)
Inguinal hernia,K40,N50.8,WHO+CM,related,https://icd.who.int/browse10/2019/en#/N50.8 https://www.cms.gov/files/zip/2026-code-tables-tabular-and-index.zip,other specified disorders of male genital organs. WHO: Other specified disorders of male genital organs; CM: Other specified disorders of male genital organs (header)
Inguinal hernia,K40,R10.3,WHO+CM,related,https://icd.who.int/browse10/2019/en#/R10.3 https://www.cms.gov/files/zip/2026-code-tables-tabular-and-index.zip,pain localized to other parts of lower abdomen. WHO: Pain localized to other parts of lower abdomen; CM: Pain localized to other parts of lower abdomen (header)
Inguinal hernia,K40,R10.2,WHO+CM,related,https://icd.who.int/browse10/2019/en#/R10.2 https://www.cms.gov/files/zip/2026-code-tables-tabular-and-index.zip,pelvic and perineal pain. WHO: Pelvic and perineal pain; CM: Pelvic and perineal pain (header)
Inguinal hernia,K40,K35,WHO+CM,related,https://icd.who.int/browse10/2019/en#/K35 https://www.cms.gov/files/zip/2026-code-tables-tabular-and-index.zip,acute appendicitis. WHO: Acute appendicitis (header); CM: Acute appendicitis (header)
Inguinal hernia,K40,N23,WHO+CM,related,https://icd.who.int/browse10/2019/en#/N23 https://www.cms.gov/files/zip/2026-code-tables-tabular-and-index.zip,unspecified renal colic. WHO: Unspecified renal colic; CM: Unspecified renal colic
Inguinal hernia,K40,M25.55,CM,related,https://www.cms.gov/files/zip/2026-code-tables-tabular-and-index.zip,pain in hip. CM: Pain in hip (header)
Inguinal hernia,K40,K56,WHO+CM,related,https://icd.who.int/browse10/2019/en#/K56 https://www.cms.gov/files/zip/2026-code-tables-tabular-and-index.zip,paralytic ileus and intestinal obstruction without hernia. WHO: Paralytic ileus and intestinal obstruction without hernia (header); CM: Paralytic ileus and intestinal obstruction without hernia (header)
Inguinal hernia,K40,R19.0,WHO+CM,related,https://icd.who.int/browse10/2019/en#/R19.0 https://www.cms.gov/files/zip/2026-code-tables-tabular-and-index.zip,"intra-abdominal and pelvic swelling. WHO: Intra-abdominal and pelvic swelling, mass and lump; CM: Intra-abdominal and pelvic swelling, mass and lump (header)"
Myasthenia gravis,G70.0,G70.0,WHO+CM,equivalent,https://icd.who.int/browse10/2019/en#/G70.0 https://www.cms.gov/files/zip/2026-code-tables-tabular-and-index.zip,DDXPlus code; myasthenia gravis. WHO: Myasthenia gravis; CM: Myasthenia gravis (header)
Myasthenia gravis,G70.0,G70.00,CM,equivalent,https://www.cms.gov/files/zip/2026-code-tables-tabular-and-index.zip,myasthenia gravis without (acute) exacerbation. CM: Myasthenia gravis without (acute) exacerbation
Myasthenia gravis,G70.0,G70.01,CM,narrower,https://www.cms.gov/files/zip/2026-code-tables-tabular-and-index.zip,myasthenia gravis with (acute) exacerbation. CM: Myasthenia gravis with (acute) exacerbation
Myasthenia gravis,G70.0,G70,WHO+CM,broader,https://icd.who.int/browse10/2019/en#/G70 https://www.cms.gov/files/zip/2026-code-tables-tabular-and-index.zip,myasthenia gravis and other myoneural disorders. WHO: Myasthenia gravis and other myoneural disorders (header); CM: Myasthenia gravis and other myoneural disorders (header)
Myasthenia gravis,G70.0,G70.9,WHO+CM,broader,https://icd.who.int/browse10/2019/en#/G70.9 https://www.cms.gov/files/zip/2026-code-tables-tabular-and-index.zip,"myoneural disorder, unspecified. WHO: Myoneural disorder, unspecified; CM: Myoneural disorder, unspecified"
Myasthenia gravis,G70.0,G70.8,WHO+CM,related,https://icd.who.int/browse10/2019/en#/G70.8 https://www.cms.gov/files/zip/2026-code-tables-tabular-and-index.zip,other specified myoneural disorders (CM G70.80 Lambert-Eaton). WHO: Other specified myoneural disorders; CM: Other specified myoneural disorders (header)
Myasthenia gravis,G70.0,G70.1,WHO+CM,related,https://icd.who.int/browse10/2019/en#/G70.1 https://www.cms.gov/files/zip/2026-code-tables-tabular-and-index.zip,toxic myoneural disorders. WHO: Toxic myoneural disorders; CM: Toxic myoneural disorders
Myasthenia gravis,G70.0,G70.2,WHO+CM,related,https://icd.who.int/browse10/2019/en#/G70.2 https://www.cms.gov/files/zip/2026-code-tables-tabular-and-index.zip,congenital and developmental myasthenia. WHO: Congenital and developmental myasthenia; CM: Congenital and developmental myasthenia
Myasthenia gravis,G70.0,G73,WHO+CM,related,https://icd.who.int/browse10/2019/en#/G73 https://www.cms.gov/files/zip/2026-code-tables-tabular-and-index.zip,myoneural disorders in diseases classified elsewhere. WHO: Disorders of myoneural junction and muscle in diseases classified elsewhere (header); CM: Disord of myoneural junction and muscle in dis classd elswhr (header)
Myasthenia gravis,G70.0,G61.0,WHO+CM,related,https://icd.who.int/browse10/2019/en#/G61.0 https://www.cms.gov/files/zip/2026-code-tables-tabular-and-index.zip,Guillain-Barre syndrome (own DDXPlus condition). WHO: Guillain-Barré syndrome; CM: Guillain-Barre syndrome
Myasthenia gravis,G70.0,G35,WHO+CM,related,https://icd.who.int/browse10/2019/en#/G35 https://www.cms.gov/files/zip/2026-code-tables-tabular-and-index.zip,multiple sclerosis. WHO: Multiple sclerosis; CM: Multiple sclerosis (header)
Myasthenia gravis,G70.0,G12,WHO+CM,related,https://icd.who.int/browse10/2019/en#/G12 https://www.cms.gov/files/zip/2026-code-tables-tabular-and-index.zip,spinal muscular atrophy and related syndromes. WHO: Spinal muscular atrophy and related syndromes (header); CM: Spinal muscular atrophy and related syndromes (header)
Myasthenia gravis,G70.0,I63,WHO+CM,related,https://icd.who.int/browse10/2019/en#/I63 https://www.cms.gov/files/zip/2026-code-tables-tabular-and-index.zip,cerebral infarction. WHO: Cerebral infarction (header); CM: Cerebral infarction (header)
Myasthenia gravis,G70.0,G45,WHO+CM,related,https://icd.who.int/browse10/2019/en#/G45 https://www.cms.gov/files/zip/2026-code-tables-tabular-and-index.zip,transient ischaemic attack. WHO: Transient cerebral ischaemic attacks and related syndromes (header); CM: Transient cerebral ischemic attacks and related syndromes (header)
Myasthenia gravis,G70.0,H49,WHO+CM,related,https://icd.who.int/browse10/2019/en#/H49 https://www.cms.gov/files/zip/2026-code-tables-tabular-and-index.zip,paralytic strabismus. WHO: Paralytic strabismus (header); CM: Paralytic strabismus (header)
Myasthenia gravis,G70.0,A05.1,WHO+CM,related,https://icd.who.int/browse10/2019/en#/A05.1 https://www.cms.gov/files/zip/2026-code-tables-tabular-and-index.zip,botulism. WHO: Botulism; CM: Botulism food poisoning
Myasthenia gravis,G70.0,G72,WHO+CM,related,https://icd.who.int/browse10/2019/en#/G72 https://www.cms.gov/files/zip/2026-code-tables-tabular-and-index.zip,other myopathies. WHO: Other myopathies (header); CM: Other and unspecified myopathies (header)
Myasthenia gravis,G70.0,R13.1,CM,related,https://www.cms.gov/files/zip/2026-code-tables-tabular-and-index.zip,dysphagia. CM: Dysphagia (header)
Myasthenia gravis,G70.0,H02.4,WHO+CM,related,https://icd.who.int/browse10/2019/en#/H02.4 https://www.cms.gov/files/zip/2026-code-tables-tabular-and-index.zip,ptosis of eyelid. WHO: Ptosis of eyelid; CM: Ptosis of eyelid (header)
Whooping cough,A37,A37,WHO+CM,equivalent,https://icd.who.int/browse10/2019/en#/A37 https://www.cms.gov/files/zip/2026-code-tables-tabular-and-index.zip,DDXPlus code; whooping cough. WHO: Whooping cough (header); CM: Whooping cough (header)
Whooping cough,A37,A37.0,WHO+CM,narrower,https://icd.who.int/browse10/2019/en#/A37.0 https://www.cms.gov/files/zip/2026-code-tables-tabular-and-index.zip,"whooping cough due to Bordetella pertussis (CM A37.00, A37.01). WHO: Whooping cough due to Bordetella pertussis; CM: Whooping cough due to Bordetella pertussis (header)"
Whooping cough,A37,A37.1,WHO+CM,narrower,https://icd.who.int/browse10/2019/en#/A37.1 https://www.cms.gov/files/zip/2026-code-tables-tabular-and-index.zip,whooping cough due to Bordetella parapertussis. WHO: Whooping cough due to Bordetella parapertussis; CM: Whooping cough due to Bordetella parapertussis (header)
Whooping cough,A37,A37.8,WHO+CM,narrower,https://icd.who.int/browse10/2019/en#/A37.8 https://www.cms.gov/files/zip/2026-code-tables-tabular-and-index.zip,whooping cough due to other Bordetella species. WHO: Whooping cough due to other Bordetella species; CM: Whooping cough due to other Bordetella species (header)
Whooping cough,A37,A37.9,WHO+CM,equivalent,https://icd.who.int/browse10/2019/en#/A37.9 https://www.cms.gov/files/zip/2026-code-tables-tabular-and-index.zip,"whooping cough, unspecified (CM A37.90, A37.91). WHO: Whooping cough, unspecified; CM: Whooping cough, unspecified species (header)"
Whooping cough,A37,R05,WHO+CM,related,https://icd.who.int/browse10/2019/en#/R05 https://www.cms.gov/files/zip/2026-code-tables-tabular-and-index.zip,cough (symptom). WHO: Cough; CM: Cough (header)
Whooping cough,A37,J20,WHO+CM,related,https://icd.who.int/browse10/2019/en#/J20 https://www.cms.gov/files/zip/2026-code-tables-tabular-and-index.zip,acute bronchitis (owned by Bronchitis). WHO: Acute bronchitis (header); CM: Acute bronchitis (header)
Whooping cough,A37,J21,WHO+CM,related,https://icd.who.int/browse10/2019/en#/J21 https://www.cms.gov/files/zip/2026-code-tables-tabular-and-index.zip,acute bronchiolitis (own DDXPlus condition). WHO: Acute bronchiolitis (header); CM: Acute bronchiolitis (header)
Whooping cough,A37,J45,WHO+CM,related,https://icd.who.int/browse10/2019/en#/J45 https://www.cms.gov/files/zip/2026-code-tables-tabular-and-index.zip,asthma (own DDXPlus condition). WHO: Asthma (header); CM: Asthma (header)
Whooping cough,A37,J06.9,WHO+CM,related,https://icd.who.int/browse10/2019/en#/J06.9 https://www.cms.gov/files/zip/2026-code-tables-tabular-and-index.zip,"acute upper respiratory infection (own DDXPlus condition). WHO: Acute upper respiratory infection, unspecified; CM: Acute upper respiratory infection, unspecified"
Whooping cough,A37,J18,WHO+CM,related,https://icd.who.int/browse10/2019/en#/J18 https://www.cms.gov/files/zip/2026-code-tables-tabular-and-index.zip,"pneumonia. WHO: Pneumonia, organism unspecified (header); CM: Pneumonia, unspecified organism (header)"
Whooping cough,A37,U07.1,WHO+CM,related,https://icd.who.int/browse10/2019/en#/U07.1 https://www.cms.gov/files/zip/2026-code-tables-tabular-and-index.zip,"COVID-19. WHO: COVID-19, virus identified; CM: COVID-19"
Anaphylaxis,T78.0,T78.0,WHO+CM,equivalent,https://icd.who.int/browse10/2019/en#/T78.0 https://www.cms.gov/files/zip/2026-code-tables-tabular-and-index.zip,DDXPlus code; WHO anaphylactic shock due to adverse food reaction; CM anaphylactic reaction due to food. WHO: Anaphylactic shock due to adverse food reaction; CM: Anaphylactic reaction due to food (header)
Anaphylaxis,T78.0,T78.00,CM,narrower,https://www.cms.gov/files/zip/2026-code-tables-tabular-and-index.zip,anaphylactic reaction due to unspecified food (CM). CM: Anaphylactic reaction due to unspecified food (header)
Anaphylaxis,T78.0,T78.01,CM,narrower,https://www.cms.gov/files/zip/2026-code-tables-tabular-and-index.zip,anaphylactic reaction due to peanuts. CM: Anaphylactic reaction due to peanuts (header)
Anaphylaxis,T78.0,T78.02,CM,narrower,https://www.cms.gov/files/zip/2026-code-tables-tabular-and-index.zip,anaphylactic reaction due to shellfish. CM: Anaphylactic reaction due to shellfish (crustaceans) (header)
Anaphylaxis,T78.0,T78.03,CM,narrower,https://www.cms.gov/files/zip/2026-code-tables-tabular-and-index.zip,anaphylactic reaction due to other fish. CM: Anaphylactic reaction due to other fish (header)
Anaphylaxis,T78.0,T78.04,CM,narrower,https://www.cms.gov/files/zip/2026-code-tables-tabular-and-index.zip,anaphylactic reaction due to fruits and vegetables. CM: Anaphylactic reaction due to fruits and vegetables (header)
Anaphylaxis,T78.0,T78.05,CM,narrower,https://www.cms.gov/files/zip/2026-code-tables-tabular-and-index.zip,anaphylactic reaction due to tree nuts and seeds. CM: Anaphylactic reaction due to tree nuts and seeds (header)
Anaphylaxis,T78.0,T78.06,CM,narrower,https://www.cms.gov/files/zip/2026-code-tables-tabular-and-index.zip,anaphylactic reaction due to food additives. CM: Anaphylactic reaction due to food additives (header)
Anaphylaxis,T78.0,T78.07,CM,narrower,https://www.cms.gov/files/zip/2026-code-tables-tabular-and-index.zip,anaphylactic reaction due to milk and dairy products. CM: Anaphylactic reaction due to milk and dairy products (header)
Anaphylaxis,T78.0,T78.08,CM,narrower,https://www.cms.gov/files/zip/2026-code-tables-tabular-and-index.zip,anaphylactic reaction due to eggs. CM: Anaphylactic reaction due to eggs (header)
Anaphylaxis,T78.0,T78.09,CM,narrower,https://www.cms.gov/files/zip/2026-code-tables-tabular-and-index.zip,anaphylactic reaction due to other food products. CM: Anaphylactic reaction due to other food products (header)
Anaphylaxis,T78.0,T78.2,WHO+CM,equivalent,https://icd.who.int/browse10/2019/en#/T78.2 https://www.cms.gov/files/zip/2026-code-tables-tabular-and-index.zip,"anaphylactic shock, unspecified; CM inclusion terms ""Anaphylaxis"", ""Anaphylactic reaction"", ""Allergic shock"". The DDXPlus condition is anaphylaxis with no cause stated; the food code is DDXPlus's choice of representative. WHO: Anaphylactic shock, unspecified; CM: Anaphylactic shock, unspecified (header)"
Anaphylaxis,T78.0,T88.6,WHO+CM,narrower,https://icd.who.int/browse10/2019/en#/T88.6 https://www.cms.gov/files/zip/2026-code-tables-tabular-and-index.zip,anaphylactic reaction due to adverse effect of correct drug properly administered. WHO: Anaphylactic shock due to adverse effect of correct drug or medicament properly administered; CM: Anaphylactic reaction due to advrs eff drug/med prop admin (header)
Anaphylaxis,T78.0,T80.5,WHO+CM,narrower,https://icd.who.int/browse10/2019/en#/T80.5 https://www.cms.gov/files/zip/2026-code-tables-tabular-and-index.zip,anaphylactic reaction due to serum. WHO: Anaphylactic shock due to serum; CM: Anaphylactic reaction due to serum (header)
Anaphylaxis,T78.0,T78.4,WHO+CM,broader,https://icd.who.int/browse10/2019/en#/T78.4 https://www.cms.gov/files/zip/2026-code-tables-tabular-and-index.zip,"allergy, unspecified (CM T78.40 ""Allergic reaction NOS""). WHO: Allergy, unspecified; CM: Other and unspecified allergy (header)"
Anaphylaxis,T78.0,T78.3,WHO+CM,broader,https://icd.who.int/browse10/2019/en#/T78.3 https://www.cms.gov/files/zip/2026-code-tables-tabular-and-index.zip,"angioneurotic oedema (angioedema without anaphylaxis). WHO: Angioneurotic oedema; CM: Angioneurotic edema (header); relation raised from related: family row (docs/v0.3-validity-review.md section 1.1), clinical-family prefix T78"
Anaphylaxis,T78.0,T78.1,WHO+CM,broader,https://icd.who.int/browse10/2019/en#/T78.1 https://www.cms.gov/files/zip/2026-code-tables-tabular-and-index.zip,"other adverse food reactions, not elsewhere classified. WHO: Other adverse food reactions, not elsewhere classified; CM: Other adverse food reactions, not elsewhere classified (header); relation raised from related: family row (docs/v0.3-validity-review.md section 1.1), clinical-family prefix T78"
Anaphylaxis,T78.0,T78.8,WHO+CM,broader,https://icd.who.int/browse10/2019/en#/T78.8 https://www.cms.gov/files/zip/2026-code-tables-tabular-and-index.zip,"other adverse effects, not elsewhere classified. WHO: Other adverse effects, not elsewhere classified; CM: Other adverse effects, not elsewhere classified (header); relation raised from related: family row (docs/v0.3-validity-review.md section 1.1), clinical-family prefix T78"
Anaphylaxis,T78.0,L50.0,WHO+CM,related,https://icd.who.int/browse10/2019/en#/L50.0 https://www.cms.gov/files/zip/2026-code-tables-tabular-and-index.zip,allergic urticaria. WHO: Allergic urticaria; CM: Allergic urticaria
Anaphylaxis,T78.0,L50,WHO+CM,related,https://icd.who.int/browse10/2019/en#/L50 https://www.cms.gov/files/zip/2026-code-tables-tabular-and-index.zip,urticaria. WHO: Urticaria (header); CM: Urticaria (header)
Anaphylaxis,T78.0,J38.4,WHO+CM,related,https://icd.who.int/browse10/2019/en#/J38.4 https://www.cms.gov/files/zip/2026-code-tables-tabular-and-index.zip,oedema of larynx. WHO: Oedema of larynx; CM: Edema of larynx
Anaphylaxis,T78.0,J39.3,WHO+CM,related,https://icd.who.int/browse10/2019/en#/J39.3 https://www.cms.gov/files/zip/2026-code-tables-tabular-and-index.zip,"upper respiratory tract hypersensitivity reaction. WHO: Upper respiratory tract hypersensitivity reaction, site unspecified; CM: Upper respiratory tract hypersensitivity reaction, site unsp"
Anaphylaxis,T78.0,R06.1,WHO+CM,related,https://icd.who.int/browse10/2019/en#/R06.1 https://www.cms.gov/files/zip/2026-code-tables-tabular-and-index.zip,stridor. WHO: Stridor; CM: Stridor
Anaphylaxis,T78.0,R57,WHO+CM,related,https://icd.who.int/browse10/2019/en#/R57 https://www.cms.gov/files/zip/2026-code-tables-tabular-and-index.zip,"shock, not elsewhere classified (excludes anaphylactic shock). WHO: Shock, not elsewhere classified (header); CM: Shock, not elsewhere classified (header)"
Anaphylaxis,T78.0,T63,WHO+CM,related,https://icd.who.int/browse10/2019/en#/T63 https://www.cms.gov/files/zip/2026-code-tables-tabular-and-index.zip,"toxic effect of contact with venomous animals (venom, not the anaphylaxis). WHO: Toxic effect of contact with venomous animals (header); CM: Toxic effect of contact with venomous animals and plants (header)"
Anaphylaxis,T78.0,Z91.01,CM,related,https://www.cms.gov/files/zip/2026-code-tables-tabular-and-index.zip,allergy to food status. CM: Food allergy status (header)
Anaphylaxis,T78.0,T61.1,WHO+CM,broader,https://icd.who.int/browse10/2019/en#/T61.1 https://www.cms.gov/files/zip/2026-code-tables-tabular-and-index.zip,"scombroid fish poisoning (own DDXPlus condition). WHO: Toxic effect: Scombroid fish poisoning; CM: Scombroid fish poisoning (header); relation raised from related: family row (docs/v0.3-validity-review.md section 1.1), clinical-family prefix T61.1"
Anaphylaxis,T78.0,J45,WHO+CM,related,https://icd.who.int/browse10/2019/en#/J45 https://www.cms.gov/files/zip/2026-code-tables-tabular-and-index.zip,asthma. WHO: Asthma (header); CM: Asthma (header)
Anaphylaxis,T78.0,J98.01,CM,related,https://www.cms.gov/files/zip/2026-code-tables-tabular-and-index.zip,acute bronchospasm (owned by asthma). CM: Acute bronchospasm
Anaphylaxis,T78.0,R06.02,CM,related,https://www.cms.gov/files/zip/2026-code-tables-tabular-and-index.zip,shortness of breath. CM: Shortness of breath
Epiglottitis,J05.1,J05.1,WHO+CM,equivalent,https://icd.who.int/browse10/2019/en#/J05.1 https://www.cms.gov/files/zip/2026-code-tables-tabular-and-index.zip,DDXPlus code; acute epiglottitis. WHO: Acute epiglottitis; CM: Acute epiglottitis (header)
Epiglottitis,J05.1,J05.10,CM,equivalent,https://www.cms.gov/files/zip/2026-code-tables-tabular-and-index.zip,acute epiglottitis without obstruction. CM: Acute epiglottitis without obstruction
Epiglottitis,J05.1,J05.11,CM,narrower,https://www.cms.gov/files/zip/2026-code-tables-tabular-and-index.zip,acute epiglottitis with obstruction. CM: Acute epiglottitis with obstruction
Epiglottitis,J05.1,J05,WHO+CM,broader,https://icd.who.int/browse10/2019/en#/J05 https://www.cms.gov/files/zip/2026-code-tables-tabular-and-index.zip,acute obstructive laryngitis [croup] and epiglottitis. WHO: Acute obstructive laryngitis [croup] and epiglottitis (header); CM: Acute obstructive laryngitis [croup] and epiglottitis (header)
Epiglottitis,J05.1,J04.3,CM,related,https://www.cms.gov/files/zip/2026-code-tables-tabular-and-index.zip,"supraglottitis, unspecified (CM); adult clinical synonym but CM indexes ""Supraglottitis J04.30"" separately from ""Epiglottitis J05.10"". CM: Supraglottitis, unspecified (header)"
Epiglottitis,J05.1,J37.0,WHO+CM,related,https://icd.who.int/browse10/2019/en#/J37.0 https://www.cms.gov/files/zip/2026-code-tables-tabular-and-index.zip,chronic laryngitis (CM index: chronic epiglottitis). WHO: Chronic laryngitis; CM: Chronic laryngitis
Epiglottitis,J05.1,J36,WHO+CM,broader,https://icd.who.int/browse10/2019/en#/J36 https://www.cms.gov/files/zip/2026-code-tables-tabular-and-index.zip,"peritonsillar abscess. WHO: Peritonsillar abscess; CM: Peritonsillar abscess; relation raised from related: family row (docs/v0.3-validity-review.md section 1.1), clinical-family prefix J36"
Epiglottitis,J05.1,J39.0,WHO+CM,broader,https://icd.who.int/browse10/2019/en#/J39.0 https://www.cms.gov/files/zip/2026-code-tables-tabular-and-index.zip,"retropharyngeal and parapharyngeal abscess. WHO: Retropharyngeal and parapharyngeal abscess; CM: Retropharyngeal and parapharyngeal abscess; relation raised from related: family row (docs/v0.3-validity-review.md section 1.1), clinical-family prefix J39.0"
Epiglottitis,J05.1,J39.1,WHO+CM,related,https://icd.who.int/browse10/2019/en#/J39.1 https://www.cms.gov/files/zip/2026-code-tables-tabular-and-index.zip,other abscess of pharynx. WHO: Other abscess of pharynx; CM: Other abscess of pharynx
Epiglottitis,J05.1,J38.4,WHO+CM,broader,https://icd.who.int/browse10/2019/en#/J38.4 https://www.cms.gov/files/zip/2026-code-tables-tabular-and-index.zip,"oedema of larynx. WHO: Oedema of larynx; CM: Edema of larynx; relation raised from related: family row (docs/v0.3-validity-review.md section 1.1), clinical-family prefix J38.4"
Epiglottitis,J05.1,J02.9,WHO+CM,related,https://icd.who.int/browse10/2019/en#/J02.9 https://www.cms.gov/files/zip/2026-code-tables-tabular-and-index.zip,"acute pharyngitis (own DDXPlus condition). WHO: Acute pharyngitis, unspecified; CM: Acute pharyngitis, unspecified"
Epiglottitis,J05.1,J03,WHO+CM,related,https://icd.who.int/browse10/2019/en#/J03 https://www.cms.gov/files/zip/2026-code-tables-tabular-and-index.zip,acute tonsillitis. WHO: Acute tonsillitis (header); CM: Acute tonsillitis (header)
Epiglottitis,J05.1,K12.2,WHO+CM,related,https://icd.who.int/browse10/2019/en#/K12.2 https://www.cms.gov/files/zip/2026-code-tables-tabular-and-index.zip,cellulitis and abscess of mouth. WHO: Cellulitis and abscess of mouth; CM: Cellulitis and abscess of mouth
Epiglottitis,J05.1,J05.0,WHO+CM,broader,https://icd.who.int/browse10/2019/en#/J05.0 https://www.cms.gov/files/zip/2026-code-tables-tabular-and-index.zip,"croup (own DDXPlus condition). WHO: Acute obstructive laryngitis [croup]; CM: Acute obstructive laryngitis [croup]; relation raised from related: family row (docs/v0.3-validity-review.md section 1.1), clinical-family prefix J05"
Epiglottitis,J05.1,J04.0,WHO+CM,related,https://icd.who.int/browse10/2019/en#/J04.0 https://www.cms.gov/files/zip/2026-code-tables-tabular-and-index.zip,acute laryngitis (own DDXPlus condition). WHO: Acute laryngitis; CM: Acute laryngitis
Epiglottitis,J05.1,R06.1,WHO+CM,broader,https://icd.who.int/browse10/2019/en#/R06.1 https://www.cms.gov/files/zip/2026-code-tables-tabular-and-index.zip,"stridor. WHO: Stridor; CM: Stridor; relation raised from related: family row (docs/v0.3-validity-review.md section 1.1), clinical-family prefix R06.1"
Epiglottitis,J05.1,T78.2,WHO+CM,related,https://icd.who.int/browse10/2019/en#/T78.2 https://www.cms.gov/files/zip/2026-code-tables-tabular-and-index.zip,"anaphylaxis (owned by Anaphylaxis). WHO: Anaphylactic shock, unspecified; CM: Anaphylactic shock, unspecified (header)"
Epiglottitis,J05.1,J38.5,WHO+CM,broader,https://icd.who.int/browse10/2019/en#/J38.5 https://www.cms.gov/files/zip/2026-code-tables-tabular-and-index.zip,"laryngeal spasm (own DDXPlus condition). WHO: Laryngeal spasm; CM: Laryngeal spasm; relation raised from related: family row (docs/v0.3-validity-review.md section 1.1), clinical-family prefix J38.5"
Guillain-Barré syndrome,G61.0,G61.0,WHO+CM,equivalent,https://icd.who.int/browse10/2019/en#/G61.0 https://www.cms.gov/files/zip/2026-code-tables-tabular-and-index.zip,"DDXPlus code; Guillain-Barre syndrome (CM inclusion: acute (post-)infective polyneuritis, Miller Fisher syndrome). WHO: Guillain-Barré syndrome; CM: Guillain-Barre syndrome"
Guillain-Barré syndrome,G61.0,G61,WHO+CM,broader,https://icd.who.int/browse10/2019/en#/G61 https://www.cms.gov/files/zip/2026-code-tables-tabular-and-index.zip,inflammatory polyneuropathy. WHO: Inflammatory polyneuropathy (header); CM: Inflammatory polyneuropathy (header)
Guillain-Barré syndrome,G61.0,G61.9,WHO+CM,broader,https://icd.who.int/browse10/2019/en#/G61.9 https://www.cms.gov/files/zip/2026-code-tables-tabular-and-index.zip,"inflammatory polyneuropathy, unspecified. WHO: Inflammatory polyneuropathy, unspecified; CM: Inflammatory polyneuropathy, unspecified"
Guillain-Barré syndrome,G61.0,G62.9,WHO+CM,broader,https://icd.who.int/browse10/2019/en#/G62.9 https://www.cms.gov/files/zip/2026-code-tables-tabular-and-index.zip,"polyneuropathy, unspecified. WHO: Polyneuropathy, unspecified; CM: Polyneuropathy, unspecified"
Guillain-Barré syndrome,G61.0,G62,WHO+CM,broader,https://icd.who.int/browse10/2019/en#/G62 https://www.cms.gov/files/zip/2026-code-tables-tabular-and-index.zip,other and unspecified polyneuropathies. WHO: Other polyneuropathies (header); CM: Other and unspecified polyneuropathies (header)
Guillain-Barré syndrome,G61.0,G61.8,WHO+CM,broader,https://icd.who.int/browse10/2019/en#/G61.8 https://www.cms.gov/files/zip/2026-code-tables-tabular-and-index.zip,"other inflammatory polyneuropathies (CM G61.81 CIDP). WHO: Other inflammatory polyneuropathies; CM: Other inflammatory polyneuropathies (header); relation raised from related: family row (docs/v0.3-validity-review.md section 1.1), clinical-family prefix G61"
Guillain-Barré syndrome,G61.0,G61.1,WHO+CM,broader,https://icd.who.int/browse10/2019/en#/G61.1 https://www.cms.gov/files/zip/2026-code-tables-tabular-and-index.zip,"serum neuropathy. WHO: Serum neuropathy; CM: Serum neuropathy; relation raised from related: family row (docs/v0.3-validity-review.md section 1.1), clinical-family prefix G61"
Guillain-Barré syndrome,G61.0,G65.0,CM,related,https://www.cms.gov/files/zip/2026-code-tables-tabular-and-index.zip,sequelae of Guillain-Barre syndrome. CM: Sequelae of Guillain-Barre syndrome
Guillain-Barré syndrome,G61.0,G37.3,WHO+CM,related,https://icd.who.int/browse10/2019/en#/G37.3 https://www.cms.gov/files/zip/2026-code-tables-tabular-and-index.zip,acute transverse myelitis. WHO: Acute transverse myelitis in demyelinating disease of central nervous system; CM: Acute transverse myelitis in demyelinating disease of cnsl
Guillain-Barré syndrome,G61.0,G70,WHO+CM,related,https://icd.who.int/browse10/2019/en#/G70 https://www.cms.gov/files/zip/2026-code-tables-tabular-and-index.zip,myasthenia gravis and other myoneural disorders (own DDXPlus condition). WHO: Myasthenia gravis and other myoneural disorders (header); CM: Myasthenia gravis and other myoneural disorders (header)
Guillain-Barré syndrome,G61.0,G04,WHO+CM,related,https://icd.who.int/browse10/2019/en#/G04 https://www.cms.gov/files/zip/2026-code-tables-tabular-and-index.zip,"encephalitis, myelitis and encephalomyelitis. WHO: Encephalitis, myelitis and encephalomyelitis (header); CM: Encephalitis, myelitis and encephalomyelitis (header)"
Guillain-Barré syndrome,G61.0,A80,WHO+CM,related,https://icd.who.int/browse10/2019/en#/A80 https://www.cms.gov/files/zip/2026-code-tables-tabular-and-index.zip,acute poliomyelitis. WHO: Acute poliomyelitis (header); CM: Acute poliomyelitis (header)
Guillain-Barré syndrome,G61.0,G83,WHO+CM,related,https://icd.who.int/browse10/2019/en#/G83 https://www.cms.gov/files/zip/2026-code-tables-tabular-and-index.zip,other paralytic syndromes. WHO: Other paralytic syndromes (header); CM: Other paralytic syndromes (header)
Guillain-Barré syndrome,G61.0,E87.6,WHO+CM,related,https://icd.who.int/browse10/2019/en#/E87.6 https://www.cms.gov/files/zip/2026-code-tables-tabular-and-index.zip,hypokalaemia. WHO: Hypokalaemia; CM: Hypokalemia
Guillain-Barré syndrome,G61.0,E83.51,CM,related,https://www.cms.gov/files/zip/2026-code-tables-tabular-and-index.zip,hypocalcaemia. CM: Hypocalcemia
Guillain-Barré syndrome,G61.0,R29.898,CM,related,https://www.cms.gov/files/zip/2026-code-tables-tabular-and-index.zip,other symptoms involving the nervous system. CM: Oth symptoms and signs involving the musculoskeletal system
Guillain-Barré syndrome,G61.0,R53.1,CM,related,https://www.cms.gov/files/zip/2026-code-tables-tabular-and-index.zip,weakness. CM: Weakness
Guillain-Barré syndrome,G61.0,G45,WHO+CM,related,https://icd.who.int/browse10/2019/en#/G45 https://www.cms.gov/files/zip/2026-code-tables-tabular-and-index.zip,transient ischaemic attack. WHO: Transient cerebral ischaemic attacks and related syndromes (header); CM: Transient cerebral ischemic attacks and related syndromes (header)
Guillain-Barré syndrome,G61.0,I63,WHO+CM,related,https://icd.who.int/browse10/2019/en#/I63 https://www.cms.gov/files/zip/2026-code-tables-tabular-and-index.zip,cerebral infarction. WHO: Cerebral infarction (header); CM: Cerebral infarction (header)
Guillain-Barré syndrome,G61.0,G51.0,WHO+CM,related,https://icd.who.int/browse10/2019/en#/G51.0 https://www.cms.gov/files/zip/2026-code-tables-tabular-and-index.zip,Bell's palsy. WHO: Bell palsy; CM: Bell's palsy
Guillain-Barré syndrome,G61.0,G12.21,CM,related,https://www.cms.gov/files/zip/2026-code-tables-tabular-and-index.zip,amyotrophic lateral sclerosis. CM: Amyotrophic lateral sclerosis
Guillain-Barré syndrome,G61.0,G36.0,WHO+CM,related,https://icd.who.int/browse10/2019/en#/G36.0 https://www.cms.gov/files/zip/2026-code-tables-tabular-and-index.zip,neuromyelitis optica. WHO: Neuromyelitis optica [Devic]; CM: Neuromyelitis optica [Devic]
Guillain-Barré syndrome,G61.0,G95,WHO+CM,related,https://icd.who.int/browse10/2019/en#/G95 https://www.cms.gov/files/zip/2026-code-tables-tabular-and-index.zip,other diseases of spinal cord. WHO: Other diseases of spinal cord (header); CM: Other and unspecified diseases of spinal cord (header)
Guillain-Barré syndrome,G61.0,A05.1,WHO+CM,related,https://icd.who.int/browse10/2019/en#/A05.1 https://www.cms.gov/files/zip/2026-code-tables-tabular-and-index.zip,botulism. WHO: Botulism; CM: Botulism food poisoning
Guillain-Barré syndrome,G61.0,G72,WHO+CM,related,https://icd.who.int/browse10/2019/en#/G72 https://www.cms.gov/files/zip/2026-code-tables-tabular-and-index.zip,other myopathies. WHO: Other myopathies (header); CM: Other and unspecified myopathies (header)
Guillain-Barré syndrome,G61.0,M79.2,WHO+CM,related,https://icd.who.int/browse10/2019/en#/M79.2 https://www.cms.gov/files/zip/2026-code-tables-tabular-and-index.zip,"neuralgia and neuritis. WHO: Neuralgia and neuritis, unspecified; CM: Neuralgia and neuritis, unspecified"
Acute laryngitis,J04.0,J04.0,WHO+CM,equivalent,https://icd.who.int/browse10/2019/en#/J04.0 https://www.cms.gov/files/zip/2026-code-tables-tabular-and-index.zip,DDXPlus code; acute laryngitis. WHO: Acute laryngitis; CM: Acute laryngitis
Acute laryngitis,J04.0,J04,WHO+CM,broader,https://icd.who.int/browse10/2019/en#/J04 https://www.cms.gov/files/zip/2026-code-tables-tabular-and-index.zip,acute laryngitis and tracheitis. WHO: Acute laryngitis and tracheitis (header); CM: Acute laryngitis and tracheitis (header)
Acute laryngitis,J04.0,J04.2,WHO+CM,narrower,https://icd.who.int/browse10/2019/en#/J04.2 https://www.cms.gov/files/zip/2026-code-tables-tabular-and-index.zip,acute laryngotracheitis (laryngitis with tracheitis). WHO: Acute laryngotracheitis; CM: Acute laryngotracheitis
Acute laryngitis,J04.0,J04.1,WHO+CM,related,https://icd.who.int/browse10/2019/en#/J04.1 https://www.cms.gov/files/zip/2026-code-tables-tabular-and-index.zip,acute tracheitis. WHO: Acute tracheitis; CM: Acute tracheitis (header)
Acute laryngitis,J04.0,J04.3,CM,related,https://www.cms.gov/files/zip/2026-code-tables-tabular-and-index.zip,"supraglottitis (CM). CM: Supraglottitis, unspecified (header)"
Acute laryngitis,J04.0,J05.0,WHO+CM,related,https://icd.who.int/browse10/2019/en#/J05.0 https://www.cms.gov/files/zip/2026-code-tables-tabular-and-index.zip,croup (own DDXPlus condition). WHO: Acute obstructive laryngitis [croup]; CM: Acute obstructive laryngitis [croup]
Acute laryngitis,J04.0,J05.1,WHO+CM,related,https://icd.who.int/browse10/2019/en#/J05.1 https://www.cms.gov/files/zip/2026-code-tables-tabular-and-index.zip,acute epiglottitis (own DDXPlus condition). WHO: Acute epiglottitis; CM: Acute epiglottitis (header)
Acute laryngitis,J04.0,J37.0,WHO+CM,related,https://icd.who.int/browse10/2019/en#/J37.0 https://www.cms.gov/files/zip/2026-code-tables-tabular-and-index.zip,chronic laryngitis. WHO: Chronic laryngitis; CM: Chronic laryngitis
Acute laryngitis,J04.0,J37.1,WHO+CM,related,https://icd.who.int/browse10/2019/en#/J37.1 https://www.cms.gov/files/zip/2026-code-tables-tabular-and-index.zip,chronic laryngotracheitis. WHO: Chronic laryngotracheitis; CM: Chronic laryngotracheitis
Acute laryngitis,J04.0,J06.0,WHO+CM,related,https://icd.who.int/browse10/2019/en#/J06.0 https://www.cms.gov/files/zip/2026-code-tables-tabular-and-index.zip,acute laryngopharyngitis (owned by URTI). WHO: Acute laryngopharyngitis; CM: Acute laryngopharyngitis
Acute laryngitis,J04.0,J06.9,WHO+CM,broader,https://icd.who.int/browse10/2019/en#/J06.9 https://www.cms.gov/files/zip/2026-code-tables-tabular-and-index.zip,"acute upper respiratory infection, unspecified (owned by URTI). WHO: Acute upper respiratory infection, unspecified; CM: Acute upper respiratory infection, unspecified"
Acute laryngitis,J04.0,R49.0,WHO+CM,related,https://icd.who.int/browse10/2019/en#/R49.0 https://www.cms.gov/files/zip/2026-code-tables-tabular-and-index.zip,dysphonia. WHO: Dysphonia; CM: Dysphonia
Acute laryngitis,J04.0,R49.1,WHO+CM,related,https://icd.who.int/browse10/2019/en#/R49.1 https://www.cms.gov/files/zip/2026-code-tables-tabular-and-index.zip,aphonia. WHO: Aphonia; CM: Aphonia
Acute laryngitis,J04.0,J02.9,WHO+CM,related,https://icd.who.int/browse10/2019/en#/J02.9 https://www.cms.gov/files/zip/2026-code-tables-tabular-and-index.zip,"acute pharyngitis (own DDXPlus condition). WHO: Acute pharyngitis, unspecified; CM: Acute pharyngitis, unspecified"
Acute laryngitis,J04.0,J03,WHO+CM,related,https://icd.who.int/browse10/2019/en#/J03 https://www.cms.gov/files/zip/2026-code-tables-tabular-and-index.zip,acute tonsillitis. WHO: Acute tonsillitis (header); CM: Acute tonsillitis (header)
Acute laryngitis,J04.0,J38,WHO+CM,related,https://icd.who.int/browse10/2019/en#/J38 https://www.cms.gov/files/zip/2026-code-tables-tabular-and-index.zip,"diseases of vocal cords and larynx, not elsewhere classified. WHO: Diseases of vocal cords and larynx, not elsewhere classified (header); CM: Diseases of vocal cords and larynx, not elsewhere classified (header)"
Acute laryngitis,J04.0,J36,WHO+CM,related,https://icd.who.int/browse10/2019/en#/J36 https://www.cms.gov/files/zip/2026-code-tables-tabular-and-index.zip,peritonsillar abscess. WHO: Peritonsillar abscess; CM: Peritonsillar abscess
Acute laryngitis,J04.0,K12.2,WHO+CM,related,https://icd.who.int/browse10/2019/en#/K12.2 https://www.cms.gov/files/zip/2026-code-tables-tabular-and-index.zip,cellulitis and abscess of mouth. WHO: Cellulitis and abscess of mouth; CM: Cellulitis and abscess of mouth
Acute laryngitis,J04.0,K21.9,WHO+CM,related,https://icd.who.int/browse10/2019/en#/K21.9 https://www.cms.gov/files/zip/2026-code-tables-tabular-and-index.zip,GERD (laryngopharyngeal reflux confuser). WHO: Gastro-oesophageal reflux disease without oesophagitis; CM: Gastro-esophageal reflux disease without esophagitis
Acute laryngitis,J04.0,J39.2,WHO+CM,related,https://icd.who.int/browse10/2019/en#/J39.2 https://www.cms.gov/files/zip/2026-code-tables-tabular-and-index.zip,other diseases of pharynx. WHO: Other diseases of pharynx; CM: Other diseases of pharynx
Acute laryngitis,J04.0,R05,WHO+CM,related,https://icd.who.int/browse10/2019/en#/R05 https://www.cms.gov/files/zip/2026-code-tables-tabular-and-index.zip,cough. WHO: Cough; CM: Cough (header)
Croup,J05.0,J05.0,WHO+CM,equivalent,https://icd.who.int/browse10/2019/en#/J05.0 https://www.cms.gov/files/zip/2026-code-tables-tabular-and-index.zip,"DDXPlus code; acute obstructive laryngitis [croup]; CM index ""Croup J05.0"". WHO: Acute obstructive laryngitis [croup]; CM: Acute obstructive laryngitis [croup]"
Croup,J05.0,J05,WHO+CM,broader,https://icd.who.int/browse10/2019/en#/J05 https://www.cms.gov/files/zip/2026-code-tables-tabular-and-index.zip,croup and epiglottitis. WHO: Acute obstructive laryngitis [croup] and epiglottitis (header); CM: Acute obstructive laryngitis [croup] and epiglottitis (header)
Croup,J05.0,J04.0,WHO+CM,related,https://icd.who.int/browse10/2019/en#/J04.0 https://www.cms.gov/files/zip/2026-code-tables-tabular-and-index.zip,acute laryngitis (own DDXPlus condition). WHO: Acute laryngitis; CM: Acute laryngitis
Croup,J05.0,J04.2,WHO+CM,related,https://icd.who.int/browse10/2019/en#/J04.2 https://www.cms.gov/files/zip/2026-code-tables-tabular-and-index.zip,acute laryngotracheitis (owned by Acute laryngitis as narrower). WHO: Acute laryngotracheitis; CM: Acute laryngotracheitis
Croup,J05.0,J38.5,WHO+CM,broader,https://icd.who.int/browse10/2019/en#/J38.5 https://www.cms.gov/files/zip/2026-code-tables-tabular-and-index.zip,"laryngeal spasm; CM index ""Croup, spasmodic J38.5"" (own DDXPlus condition). WHO: Laryngeal spasm; CM: Laryngeal spasm; relation raised from related: family row (docs/v0.3-validity-review.md section 1.1), clinical-family prefix J38.5"
Croup,J05.0,A36.2,WHO+CM,related,https://icd.who.int/browse10/2019/en#/A36.2 https://www.cms.gov/files/zip/2026-code-tables-tabular-and-index.zip,laryngeal diphtheria. WHO: Laryngeal diphtheria; CM: Laryngeal diphtheria
Croup,J05.0,J05.1,WHO+CM,broader,https://icd.who.int/browse10/2019/en#/J05.1 https://www.cms.gov/files/zip/2026-code-tables-tabular-and-index.zip,"acute epiglottitis (own DDXPlus condition). WHO: Acute epiglottitis; CM: Acute epiglottitis (header); relation raised from related: family row (docs/v0.3-validity-review.md section 1.1), clinical-family prefix J05"
Croup,J05.0,J21,WHO+CM,related,https://icd.who.int/browse10/2019/en#/J21 https://www.cms.gov/files/zip/2026-code-tables-tabular-and-index.zip,acute bronchiolitis (own DDXPlus condition). WHO: Acute bronchiolitis (header); CM: Acute bronchiolitis (header)
Croup,J05.0,R06.1,WHO+CM,broader,https://icd.who.int/browse10/2019/en#/R06.1 https://www.cms.gov/files/zip/2026-code-tables-tabular-and-index.zip,"stridor. WHO: Stridor; CM: Stridor; relation raised from related: family row (docs/v0.3-validity-review.md section 1.1), clinical-family prefix R06.1"
Croup,J05.0,J20,WHO+CM,related,https://icd.who.int/browse10/2019/en#/J20 https://www.cms.gov/files/zip/2026-code-tables-tabular-and-index.zip,acute bronchitis. WHO: Acute bronchitis (header); CM: Acute bronchitis (header)
Croup,J05.0,J39.0,WHO+CM,broader,https://icd.who.int/browse10/2019/en#/J39.0 https://www.cms.gov/files/zip/2026-code-tables-tabular-and-index.zip,"retropharyngeal abscess. WHO: Retropharyngeal and parapharyngeal abscess; CM: Retropharyngeal and parapharyngeal abscess; relation raised from related: family row (docs/v0.3-validity-review.md section 1.1), clinical-family prefix J39.0"
Croup,J05.0,T17,WHO+CM,broader,https://icd.who.int/browse10/2019/en#/T17 https://www.cms.gov/files/zip/2026-code-tables-tabular-and-index.zip,"foreign body in respiratory tract. WHO: Foreign body in respiratory tract (header); CM: Foreign body in respiratory tract (header); relation raised from related: family row (docs/v0.3-validity-review.md section 1.1), clinical-family prefix T17"
Croup,J05.0,J06.9,WHO+CM,related,https://icd.who.int/browse10/2019/en#/J06.9 https://www.cms.gov/files/zip/2026-code-tables-tabular-and-index.zip,"acute upper respiratory infection (own DDXPlus condition). WHO: Acute upper respiratory infection, unspecified; CM: Acute upper respiratory infection, unspecified"
PSVT,I47.1,I47.1,WHO+CM,equivalent,https://icd.who.int/browse10/2019/en#/I47.1 https://www.cms.gov/files/zip/2026-code-tables-tabular-and-index.zip,DDXPlus code; supraventricular tachycardia. WHO: Supraventricular tachycardia; CM: Supraventricular tachycardia (header)
PSVT,I47.1,I47.10,CM,equivalent,https://www.cms.gov/files/zip/2026-code-tables-tabular-and-index.zip,"supraventricular tachycardia, unspecified (CM). CM: Supraventricular tachycardia, unspecified"
PSVT,I47.1,I47.19,CM,narrower,https://www.cms.gov/files/zip/2026-code-tables-tabular-and-index.zip,"other supraventricular tachycardia; CM index sends paroxysmal atrial, AV re-entrant, junctional and nodal tachycardia here. CM: Other supraventricular tachycardia"
PSVT,I47.1,I47.11,CM,broader,https://www.cms.gov/files/zip/2026-code-tables-tabular-and-index.zip,"inappropriate sinus tachycardia, so stated (not paroxysmal SVT). CM: Inappropriate sinus tachycardia, so stated; relation raised from related: family row (docs/v0.3-validity-review.md section 1.1), clinical-family prefix I47"
PSVT,I47.1,I47,WHO+CM,broader,https://icd.who.int/browse10/2019/en#/I47 https://www.cms.gov/files/zip/2026-code-tables-tabular-and-index.zip,paroxysmal tachycardia. WHO: Paroxysmal tachycardia (header); CM: Paroxysmal tachycardia (header)
PSVT,I47.1,I47.9,WHO+CM,broader,https://icd.who.int/browse10/2019/en#/I47.9 https://www.cms.gov/files/zip/2026-code-tables-tabular-and-index.zip,"paroxysmal tachycardia, unspecified. WHO: Paroxysmal tachycardia, unspecified; CM: Paroxysmal tachycardia, unspecified"
PSVT,I47.1,I47.0,WHO+CM,broader,https://icd.who.int/browse10/2019/en#/I47.0 https://www.cms.gov/files/zip/2026-code-tables-tabular-and-index.zip,"re-entry ventricular arrhythmia. WHO: Re-entry ventricular arrhythmia; CM: Re-entry ventricular arrhythmia; relation raised from related: family row (docs/v0.3-validity-review.md section 1.1), clinical-family prefix I47"
PSVT,I47.1,I47.2,WHO+CM,broader,https://icd.who.int/browse10/2019/en#/I47.2 https://www.cms.gov/files/zip/2026-code-tables-tabular-and-index.zip,"ventricular tachycardia. WHO: Ventricular tachycardia; CM: Ventricular tachycardia (header); relation raised from related: family row (docs/v0.3-validity-review.md section 1.1), clinical-family prefix I47"
PSVT,I47.1,I45.6,WHO+CM,related,https://icd.who.int/browse10/2019/en#/I45.6 https://www.cms.gov/files/zip/2026-code-tables-tabular-and-index.zip,"pre-excitation syndrome (substrate, not the arrhythmia). WHO: Pre-excitation syndrome; CM: Pre-excitation syndrome"
PSVT,I47.1,I48,WHO+CM,broader,https://icd.who.int/browse10/2019/en#/I48 https://www.cms.gov/files/zip/2026-code-tables-tabular-and-index.zip,"atrial fibrillation and flutter (own DDXPlus condition). WHO: Atrial fibrillation and flutter (header); CM: Atrial fibrillation and flutter (header); relation raised from related: family row (docs/v0.3-validity-review.md section 1.1), clinical-family prefix I48"
PSVT,I47.1,I49.9,WHO+CM,broader,https://icd.who.int/browse10/2019/en#/I49.9 https://www.cms.gov/files/zip/2026-code-tables-tabular-and-index.zip,"cardiac arrhythmia, unspecified. WHO: Cardiac arrhythmia, unspecified; CM: Cardiac arrhythmia, unspecified"
PSVT,I47.1,I49.8,WHO+CM,broader,https://icd.who.int/browse10/2019/en#/I49.8 https://www.cms.gov/files/zip/2026-code-tables-tabular-and-index.zip,"other specified cardiac arrhythmias. WHO: Other specified cardiac arrhythmias; CM: Other specified cardiac arrhythmias; relation raised from related: family row (docs/v0.3-validity-review.md section 1.1), clinical-family prefix I49"
PSVT,I47.1,I49.5,WHO+CM,broader,https://icd.who.int/browse10/2019/en#/I49.5 https://www.cms.gov/files/zip/2026-code-tables-tabular-and-index.zip,"sick sinus syndrome. WHO: Sick sinus syndrome; CM: Sick sinus syndrome; relation raised from related: family row (docs/v0.3-validity-review.md section 1.1), clinical-family prefix I49"
PSVT,I47.1,I49.1,WHO+CM,broader,https://icd.who.int/browse10/2019/en#/I49.1 https://www.cms.gov/files/zip/2026-code-tables-tabular-and-index.zip,"atrial premature depolarization. WHO: Atrial premature depolarization; CM: Atrial premature depolarization; relation raised from related: family row (docs/v0.3-validity-review.md section 1.1), clinical-family prefix I49"
PSVT,I47.1,R00.0,WHO+CM,broader,https://icd.who.int/browse10/2019/en#/R00.0 https://www.cms.gov/files/zip/2026-code-tables-tabular-and-index.zip,"tachycardia, unspecified (CM excludes paroxysmal tachycardia, but as a code it is the unspecified form). WHO: Tachycardia, unspecified; CM: Tachycardia, unspecified"
PSVT,I47.1,R00.2,WHO+CM,related,https://icd.who.int/browse10/2019/en#/R00.2 https://www.cms.gov/files/zip/2026-code-tables-tabular-and-index.zip,palpitations (symptom). WHO: Palpitations; CM: Palpitations
PSVT,I47.1,F41.0,WHO+CM,related,https://icd.who.int/browse10/2019/en#/F41.0 https://www.cms.gov/files/zip/2026-code-tables-tabular-and-index.zip,panic disorder (own DDXPlus condition). WHO: Panic disorder [episodic paroxysmal anxiety]; CM: Panic disorder [episodic paroxysmal anxiety]
PSVT,I47.1,I10,WHO+CM,related,https://icd.who.int/browse10/2019/en#/I10 https://www.cms.gov/files/zip/2026-code-tables-tabular-and-index.zip,essential hypertension. WHO: Essential (primary) hypertension; CM: Essential (primary) hypertension
PSVT,I47.1,E05,WHO+CM,related,https://icd.who.int/browse10/2019/en#/E05 https://www.cms.gov/files/zip/2026-code-tables-tabular-and-index.zip,thyrotoxicosis. WHO: Thyrotoxicosis [hyperthyroidism] (header); CM: Thyrotoxicosis [hyperthyroidism] (header)
PSVT,I47.1,R42,WHO+CM,related,https://icd.who.int/browse10/2019/en#/R42 https://www.cms.gov/files/zip/2026-code-tables-tabular-and-index.zip,dizziness. WHO: Dizziness and giddiness; CM: Dizziness and giddiness
PSVT,I47.1,R55,WHO+CM,related,https://icd.who.int/browse10/2019/en#/R55 https://www.cms.gov/files/zip/2026-code-tables-tabular-and-index.zip,syncope. WHO: Syncope and collapse; CM: Syncope and collapse
PSVT,I47.1,I20,WHO+CM,related,https://icd.who.int/browse10/2019/en#/I20 https://www.cms.gov/files/zip/2026-code-tables-tabular-and-index.zip,angina pectoris. WHO: Angina pectoris (header); CM: Angina pectoris (header)
PSVT,I47.1,I21,WHO+CM,related,https://icd.who.int/browse10/2019/en#/I21 https://www.cms.gov/files/zip/2026-code-tables-tabular-and-index.zip,acute myocardial infarction. WHO: Acute myocardial infarction (header); CM: Acute myocardial infarction (header)
Atrial fibrillation,I48.91,I48.91,CM,equivalent,https://www.cms.gov/files/zip/2026-code-tables-tabular-and-index.zip,DDXPlus code; unspecified atrial fibrillation (CM). CM: Unspecified atrial fibrillation
Atrial fibrillation,I48.91,I48.9,WHO+CM,broader,https://icd.who.int/browse10/2019/en#/I48.9 https://www.cms.gov/files/zip/2026-code-tables-tabular-and-index.zip,"WHO ""Atrial fibrillation and flutter, unspecified"" (includes flutter); CM header for I48.91-I48.92. WHO: Atrial fibrillation and atrial flutter, unspecified; CM: Unspecified atrial fibrillation and atrial flutter (header)"
Atrial fibrillation,I48.91,I48.0,WHO+CM,narrower,https://icd.who.int/browse10/2019/en#/I48.0 https://www.cms.gov/files/zip/2026-code-tables-tabular-and-index.zip,paroxysmal atrial fibrillation. WHO: Paroxysmal atrial fibrillation; CM: Paroxysmal atrial fibrillation
Atrial fibrillation,I48.91,I48.1,WHO+CM,narrower,https://icd.who.int/browse10/2019/en#/I48.1 https://www.cms.gov/files/zip/2026-code-tables-tabular-and-index.zip,"persistent atrial fibrillation (CM I48.11, I48.19). WHO: Persistent atrial fibrillation; CM: Persistent atrial fibrillation (header)"
Atrial fibrillation,I48.91,I48.2,WHO+CM,narrower,https://icd.who.int/browse10/2019/en#/I48.2 https://www.cms.gov/files/zip/2026-code-tables-tabular-and-index.zip,"chronic atrial fibrillation (CM I48.20, I48.21). WHO: Chronic atrial fibrillation; CM: Chronic atrial fibrillation (header)"
Atrial fibrillation,I48.91,I48,WHO+CM,broader,https://icd.who.int/browse10/2019/en#/I48 https://www.cms.gov/files/zip/2026-code-tables-tabular-and-index.zip,atrial fibrillation and flutter. WHO: Atrial fibrillation and flutter (header); CM: Atrial fibrillation and flutter (header)
Atrial fibrillation,I48.91,I48.3,WHO+CM,related,https://icd.who.int/browse10/2019/en#/I48.3 https://www.cms.gov/files/zip/2026-code-tables-tabular-and-index.zip,typical atrial flutter. WHO: Typical atrial flutter; CM: Typical atrial flutter
Atrial fibrillation,I48.91,I48.4,WHO+CM,related,https://icd.who.int/browse10/2019/en#/I48.4 https://www.cms.gov/files/zip/2026-code-tables-tabular-and-index.zip,atypical atrial flutter. WHO: Atypical atrial flutter; CM: Atypical atrial flutter
Atrial fibrillation,I48.91,I48.92,CM,related,https://www.cms.gov/files/zip/2026-code-tables-tabular-and-index.zip,unspecified atrial flutter. CM: Unspecified atrial flutter
Atrial fibrillation,I48.91,I49.9,WHO+CM,broader,https://icd.who.int/browse10/2019/en#/I49.9 https://www.cms.gov/files/zip/2026-code-tables-tabular-and-index.zip,"cardiac arrhythmia, unspecified. WHO: Cardiac arrhythmia, unspecified; CM: Cardiac arrhythmia, unspecified"
Atrial fibrillation,I48.91,I49.8,WHO+CM,related,https://icd.who.int/browse10/2019/en#/I49.8 https://www.cms.gov/files/zip/2026-code-tables-tabular-and-index.zip,other specified cardiac arrhythmias. WHO: Other specified cardiac arrhythmias; CM: Other specified cardiac arrhythmias
Atrial fibrillation,I48.91,I49.1,WHO+CM,related,https://icd.who.int/browse10/2019/en#/I49.1 https://www.cms.gov/files/zip/2026-code-tables-tabular-and-index.zip,atrial premature depolarization. WHO: Atrial premature depolarization; CM: Atrial premature depolarization
Atrial fibrillation,I48.91,I49.5,WHO+CM,related,https://icd.who.int/browse10/2019/en#/I49.5 https://www.cms.gov/files/zip/2026-code-tables-tabular-and-index.zip,sick sinus syndrome. WHO: Sick sinus syndrome; CM: Sick sinus syndrome
Atrial fibrillation,I48.91,I47.1,WHO+CM,related,https://icd.who.int/browse10/2019/en#/I47.1 https://www.cms.gov/files/zip/2026-code-tables-tabular-and-index.zip,supraventricular tachycardia (own DDXPlus condition). WHO: Supraventricular tachycardia; CM: Supraventricular tachycardia (header)
Atrial fibrillation,I48.91,R00.0,WHO+CM,broader,https://icd.who.int/browse10/2019/en#/R00.0 https://www.cms.gov/files/zip/2026-code-tables-tabular-and-index.zip,"tachycardia, unspecified. WHO: Tachycardia, unspecified; CM: Tachycardia, unspecified"
Atrial fibrillation,I48.91,R00.2,WHO+CM,related,https://icd.who.int/browse10/2019/en#/R00.2 https://www.cms.gov/files/zip/2026-code-tables-tabular-and-index.zip,palpitations. WHO: Palpitations; CM: Palpitations
Atrial fibrillation,I48.91,R00.1,WHO+CM,related,https://icd.who.int/browse10/2019/en#/R00.1 https://www.cms.gov/files/zip/2026-code-tables-tabular-and-index.zip,"bradycardia. WHO: Bradycardia, unspecified; CM: Bradycardia, unspecified"
Atrial fibrillation,I48.91,I50,WHO+CM,related,https://icd.who.int/browse10/2019/en#/I50 https://www.cms.gov/files/zip/2026-code-tables-tabular-and-index.zip,heart failure. WHO: Heart failure (header); CM: Heart failure (header)
Atrial fibrillation,I48.91,I26,WHO+CM,related,https://icd.who.int/browse10/2019/en#/I26 https://www.cms.gov/files/zip/2026-code-tables-tabular-and-index.zip,pulmonary embolism (own DDXPlus condition). WHO: Pulmonary embolism (header); CM: Pulmonary embolism (header)
Atrial fibrillation,I48.91,E05,WHO+CM,related,https://icd.who.int/browse10/2019/en#/E05 https://www.cms.gov/files/zip/2026-code-tables-tabular-and-index.zip,thyrotoxicosis. WHO: Thyrotoxicosis [hyperthyroidism] (header); CM: Thyrotoxicosis [hyperthyroidism] (header)
Atrial fibrillation,I48.91,I20,WHO+CM,related,https://icd.who.int/browse10/2019/en#/I20 https://www.cms.gov/files/zip/2026-code-tables-tabular-and-index.zip,angina pectoris. WHO: Angina pectoris (header); CM: Angina pectoris (header)
Atrial fibrillation,I48.91,I24,WHO+CM,related,https://icd.who.int/browse10/2019/en#/I24 https://www.cms.gov/files/zip/2026-code-tables-tabular-and-index.zip,other acute ischaemic heart diseases. WHO: Other acute ischaemic heart diseases (header); CM: Other acute ischemic heart diseases (header)
Atrial fibrillation,I48.91,I63,WHO+CM,related,https://icd.who.int/browse10/2019/en#/I63 https://www.cms.gov/files/zip/2026-code-tables-tabular-and-index.zip,cerebral infarction. WHO: Cerebral infarction (header); CM: Cerebral infarction (header)
Atrial fibrillation,I48.91,I10,WHO+CM,related,https://icd.who.int/browse10/2019/en#/I10 https://www.cms.gov/files/zip/2026-code-tables-tabular-and-index.zip,essential hypertension. WHO: Essential (primary) hypertension; CM: Essential (primary) hypertension
Bronchiectasis,J47,J47,WHO+CM,equivalent,https://icd.who.int/browse10/2019/en#/J47 https://www.cms.gov/files/zip/2026-code-tables-tabular-and-index.zip,DDXPlus code; bronchiectasis. WHO: Bronchiectasis; CM: Bronchiectasis (header)
Bronchiectasis,J47,J47.0,CM,narrower,https://www.cms.gov/files/zip/2026-code-tables-tabular-and-index.zip,bronchiectasis with acute lower respiratory infection. CM: Bronchiectasis with acute lower respiratory infection
Bronchiectasis,J47,J47.1,CM,narrower,https://www.cms.gov/files/zip/2026-code-tables-tabular-and-index.zip,bronchiectasis with (acute) exacerbation. CM: Bronchiectasis with (acute) exacerbation
Bronchiectasis,J47,J47.9,CM,equivalent,https://www.cms.gov/files/zip/2026-code-tables-tabular-and-index.zip,"bronchiectasis, uncomplicated. CM: Bronchiectasis, uncomplicated"
Bronchiectasis,J47,Q33.4,WHO+CM,narrower,https://icd.who.int/browse10/2019/en#/Q33.4 https://www.cms.gov/files/zip/2026-code-tables-tabular-and-index.zip,congenital bronchiectasis. WHO: Congenital bronchiectasis; CM: Congenital bronchiectasis
Bronchiectasis,J47,E84.0,WHO+CM,related,https://icd.who.int/browse10/2019/en#/E84.0 https://www.cms.gov/files/zip/2026-code-tables-tabular-and-index.zip,cystic fibrosis with pulmonary manifestations (cause; CM codes bronchiectasis separately). WHO: Cystic fibrosis with pulmonary manifestations; CM: Cystic fibrosis with pulmonary manifestations
Bronchiectasis,J47,J44,WHO+CM,related,https://icd.who.int/browse10/2019/en#/J44 https://www.cms.gov/files/zip/2026-code-tables-tabular-and-index.zip,chronic obstructive pulmonary disease (own DDXPlus condition). WHO: Other chronic obstructive pulmonary disease (header); CM: Other chronic obstructive pulmonary disease (header)
Bronchiectasis,J47,A15,WHO+CM,related,https://icd.who.int/browse10/2019/en#/A15 https://www.cms.gov/files/zip/2026-code-tables-tabular-and-index.zip,"respiratory tuberculosis (own DDXPlus condition). WHO: Respiratory tuberculosis, bacteriologically and histologically confirmed (header); CM: Respiratory tuberculosis (header)"
Bronchiectasis,J47,J41,WHO+CM,related,https://icd.who.int/browse10/2019/en#/J41 https://www.cms.gov/files/zip/2026-code-tables-tabular-and-index.zip,chronic bronchitis (owned by Bronchitis). WHO: Simple and mucopurulent chronic bronchitis (header); CM: Simple and mucopurulent chronic bronchitis (header)
Bronchiectasis,J47,J42,WHO+CM,related,https://icd.who.int/browse10/2019/en#/J42 https://www.cms.gov/files/zip/2026-code-tables-tabular-and-index.zip,unspecified chronic bronchitis (owned by Bronchitis). WHO: Unspecified chronic bronchitis; CM: Unspecified chronic bronchitis
Bronchiectasis,J47,J18,WHO+CM,related,https://icd.who.int/browse10/2019/en#/J18 https://www.cms.gov/files/zip/2026-code-tables-tabular-and-index.zip,"pneumonia (own DDXPlus condition). WHO: Pneumonia, organism unspecified (header); CM: Pneumonia, unspecified organism (header)"
Bronchiectasis,J47,J15,WHO+CM,related,https://icd.who.int/browse10/2019/en#/J15 https://www.cms.gov/files/zip/2026-code-tables-tabular-and-index.zip,"bacterial pneumonia (owned by Pneumonia). WHO: Bacterial pneumonia, not elsewhere classified (header); CM: Bacterial pneumonia, not elsewhere classified (header)"
Bronchiectasis,J47,R04.2,WHO+CM,related,https://icd.who.int/browse10/2019/en#/R04.2 https://www.cms.gov/files/zip/2026-code-tables-tabular-and-index.zip,haemoptysis. WHO: Haemoptysis; CM: Hemoptysis
Bronchiectasis,J47,J84,WHO+CM,related,https://icd.who.int/browse10/2019/en#/J84 https://www.cms.gov/files/zip/2026-code-tables-tabular-and-index.zip,interstitial lung disease. WHO: Other interstitial pulmonary diseases (header); CM: Other interstitial pulmonary diseases (header)
Bronchiectasis,J47,J98.4,WHO+CM,related,https://icd.who.int/browse10/2019/en#/J98.4 https://www.cms.gov/files/zip/2026-code-tables-tabular-and-index.zip,other disorders of lung. WHO: Other disorders of lung; CM: Other disorders of lung
Bronchiectasis,J47,J45,WHO+CM,related,https://icd.who.int/browse10/2019/en#/J45 https://www.cms.gov/files/zip/2026-code-tables-tabular-and-index.zip,asthma (own DDXPlus condition). WHO: Asthma (header); CM: Asthma (header)
Bronchiectasis,J47,C34,WHO+CM,related,https://icd.who.int/browse10/2019/en#/C34 https://www.cms.gov/files/zip/2026-code-tables-tabular-and-index.zip,lung cancer (own DDXPlus condition). WHO: Malignant neoplasm of bronchus and lung (header); CM: Malignant neoplasm of bronchus and lung (header)
Bronchiectasis,J47,J20,WHO+CM,related,https://icd.who.int/browse10/2019/en#/J20 https://www.cms.gov/files/zip/2026-code-tables-tabular-and-index.zip,acute bronchitis (owned by Bronchitis). WHO: Acute bronchitis (header); CM: Acute bronchitis (header)
Bronchiectasis,J47,J85,WHO+CM,related,https://icd.who.int/browse10/2019/en#/J85 https://www.cms.gov/files/zip/2026-code-tables-tabular-and-index.zip,abscess of lung. WHO: Abscess of lung and mediastinum (header); CM: Abscess of lung and mediastinum (header)
Bronchiectasis,J47,J67,WHO+CM,related,https://icd.who.int/browse10/2019/en#/J67 https://www.cms.gov/files/zip/2026-code-tables-tabular-and-index.zip,hypersensitivity pneumonitis. WHO: Hypersensitivity pneumonitis due to organic dust (header); CM: Hypersensitivity pneumonitis due to organic dust (header)
Bronchiectasis,J47,B44,WHO+CM,related,https://icd.who.int/browse10/2019/en#/B44 https://www.cms.gov/files/zip/2026-code-tables-tabular-and-index.zip,aspergillosis. WHO: Aspergillosis (header); CM: Aspergillosis (header)
Bronchiectasis,J47,D80,WHO+CM,related,https://icd.who.int/browse10/2019/en#/D80 https://www.cms.gov/files/zip/2026-code-tables-tabular-and-index.zip,immunodeficiency with predominantly antibody defects. WHO: Immunodeficiency with predominantly antibody defects (header); CM: Immunodeficiency with predominantly antibody defects (header)
Bronchiectasis,J47,J98.09,CM,related,https://www.cms.gov/files/zip/2026-code-tables-tabular-and-index.zip,"other diseases of bronchus. CM: Other diseases of bronchus, not elsewhere classified"
Allergic sinusitis,J30,J30,WHO+CM,equivalent,https://icd.who.int/browse10/2019/en#/J30 https://www.cms.gov/files/zip/2026-code-tables-tabular-and-index.zip,DDXPlus code; vasomotor and allergic rhinitis. WHO: Vasomotor and allergic rhinitis (header); CM: Vasomotor and allergic rhinitis (header)
Allergic sinusitis,J30,J30.1,WHO+CM,narrower,https://icd.who.int/browse10/2019/en#/J30.1 https://www.cms.gov/files/zip/2026-code-tables-tabular-and-index.zip,allergic rhinitis due to pollen. WHO: Allergic rhinitis due to pollen; CM: Allergic rhinitis due to pollen
Allergic sinusitis,J30,J30.2,WHO+CM,narrower,https://icd.who.int/browse10/2019/en#/J30.2 https://www.cms.gov/files/zip/2026-code-tables-tabular-and-index.zip,other seasonal allergic rhinitis. WHO: Other seasonal allergic rhinitis; CM: Other seasonal allergic rhinitis
Allergic sinusitis,J30,J30.3,WHO,narrower,https://icd.who.int/browse10/2019/en#/J30.3,other allergic rhinitis (WHO). WHO: Other allergic rhinitis
Allergic sinusitis,J30,J30.4,WHO,equivalent,https://icd.who.int/browse10/2019/en#/J30.4,"allergic rhinitis, unspecified (WHO). WHO: Allergic rhinitis, unspecified"
Allergic sinusitis,J30,J30.5,CM,narrower,https://www.cms.gov/files/zip/2026-code-tables-tabular-and-index.zip,allergic rhinitis due to food (CM). CM: Allergic rhinitis due to food
Allergic sinusitis,J30,J30.8,CM,narrower,https://www.cms.gov/files/zip/2026-code-tables-tabular-and-index.zip,"other allergic rhinitis (CM J30.81 animal dander, J30.89). CM: Other allergic rhinitis (header)"
Allergic sinusitis,J30,J30.9,CM,equivalent,https://www.cms.gov/files/zip/2026-code-tables-tabular-and-index.zip,"allergic rhinitis, unspecified (CM). CM: Allergic rhinitis, unspecified"
Allergic sinusitis,J30,J30.0,WHO+CM,related,https://icd.who.int/browse10/2019/en#/J30.0 https://www.cms.gov/files/zip/2026-code-tables-tabular-and-index.zip,vasomotor rhinitis (not allergic). WHO: Vasomotor rhinitis; CM: Vasomotor rhinitis
Allergic sinusitis,J30,J31.0,WHO+CM,related,https://icd.who.int/browse10/2019/en#/J31.0 https://www.cms.gov/files/zip/2026-code-tables-tabular-and-index.zip,chronic rhinitis. WHO: Chronic rhinitis; CM: Chronic rhinitis
Allergic sinusitis,J30,J31,WHO+CM,related,https://icd.who.int/browse10/2019/en#/J31 https://www.cms.gov/files/zip/2026-code-tables-tabular-and-index.zip,"chronic rhinitis, nasopharyngitis and pharyngitis. WHO: Chronic rhinitis, nasopharyngitis and pharyngitis (header); CM: Chronic rhinitis, nasopharyngitis and pharyngitis (header)"
Allergic sinusitis,J30,J01,WHO+CM,related,https://icd.who.int/browse10/2019/en#/J01 https://www.cms.gov/files/zip/2026-code-tables-tabular-and-index.zip,acute sinusitis (own DDXPlus condition). WHO: Acute sinusitis (header); CM: Acute sinusitis (header)
Allergic sinusitis,J30,J32,WHO+CM,related,https://icd.who.int/browse10/2019/en#/J32 https://www.cms.gov/files/zip/2026-code-tables-tabular-and-index.zip,chronic sinusitis (own DDXPlus condition). WHO: Chronic sinusitis (header); CM: Chronic sinusitis (header)
Allergic sinusitis,J30,J33,WHO+CM,related,https://icd.who.int/browse10/2019/en#/J33 https://www.cms.gov/files/zip/2026-code-tables-tabular-and-index.zip,nasal polyp. WHO: Nasal polyp (header); CM: Nasal polyp (header)
Allergic sinusitis,J30,J34.2,WHO+CM,related,https://icd.who.int/browse10/2019/en#/J34.2 https://www.cms.gov/files/zip/2026-code-tables-tabular-and-index.zip,deviated nasal septum. WHO: Deviated nasal septum; CM: Deviated nasal septum
Allergic sinusitis,J30,J34.3,WHO+CM,related,https://icd.who.int/browse10/2019/en#/J34.3 https://www.cms.gov/files/zip/2026-code-tables-tabular-and-index.zip,hypertrophy of nasal turbinates. WHO: Hypertrophy of nasal turbinates; CM: Hypertrophy of nasal turbinates
Allergic sinusitis,J30,H10.1,WHO+CM,related,https://icd.who.int/browse10/2019/en#/H10.1 https://www.cms.gov/files/zip/2026-code-tables-tabular-and-index.zip,"acute atopic conjunctivitis (co-presentation, not the condition). WHO: Acute atopic conjunctivitis; CM: Acute atopic conjunctivitis (header)"
Allergic sinusitis,J30,H10.4,WHO+CM,related,https://icd.who.int/browse10/2019/en#/H10.4 https://www.cms.gov/files/zip/2026-code-tables-tabular-and-index.zip,chronic conjunctivitis (CM H10.45 other chronic allergic conjunctivitis). WHO: Chronic conjunctivitis; CM: Chronic conjunctivitis (header)
Allergic sinusitis,J30,H10.9,WHO+CM,related,https://icd.who.int/browse10/2019/en#/H10.9 https://www.cms.gov/files/zip/2026-code-tables-tabular-and-index.zip,"conjunctivitis, unspecified. WHO: Conjunctivitis, unspecified; CM: Unspecified conjunctivitis"
Allergic sinusitis,J30,H10,WHO+CM,related,https://icd.who.int/browse10/2019/en#/H10 https://www.cms.gov/files/zip/2026-code-tables-tabular-and-index.zip,conjunctivitis. WHO: Conjunctivitis (header); CM: Conjunctivitis (header)
Allergic sinusitis,J30,J45,WHO+CM,related,https://icd.who.int/browse10/2019/en#/J45 https://www.cms.gov/files/zip/2026-code-tables-tabular-and-index.zip,asthma (own DDXPlus condition). WHO: Asthma (header); CM: Asthma (header)
Allergic sinusitis,J30,T78.4,WHO+CM,broader,https://icd.who.int/browse10/2019/en#/T78.4 https://www.cms.gov/files/zip/2026-code-tables-tabular-and-index.zip,"allergy, unspecified. WHO: Allergy, unspecified; CM: Other and unspecified allergy (header)"
Allergic sinusitis,J30,R05,WHO+CM,related,https://icd.who.int/browse10/2019/en#/R05 https://www.cms.gov/files/zip/2026-code-tables-tabular-and-index.zip,cough. WHO: Cough; CM: Cough (header)
Allergic sinusitis,J30,J00,WHO+CM,related,https://icd.who.int/browse10/2019/en#/J00 https://www.cms.gov/files/zip/2026-code-tables-tabular-and-index.zip,common cold (owned by URTI). WHO: Acute nasopharyngitis [common cold]; CM: Acute nasopharyngitis [common cold]
Allergic sinusitis,J30,J06.9,WHO+CM,related,https://icd.who.int/browse10/2019/en#/J06.9 https://www.cms.gov/files/zip/2026-code-tables-tabular-and-index.zip,"acute upper respiratory infection (own DDXPlus condition). WHO: Acute upper respiratory infection, unspecified; CM: Acute upper respiratory infection, unspecified"
Allergic sinusitis,J30,R09.81,CM,related,https://www.cms.gov/files/zip/2026-code-tables-tabular-and-index.zip,nasal congestion. CM: Nasal congestion
Allergic sinusitis,J30,H66,WHO+CM,related,https://icd.who.int/browse10/2019/en#/H66 https://www.cms.gov/files/zip/2026-code-tables-tabular-and-index.zip,otitis media (own DDXPlus condition). WHO: Suppurative and unspecified otitis media (header); CM: Suppurative and unspecified otitis media (header)
Allergic sinusitis,J30,L50,WHO+CM,related,https://icd.who.int/browse10/2019/en#/L50 https://www.cms.gov/files/zip/2026-code-tables-tabular-and-index.zip,urticaria. WHO: Urticaria (header); CM: Urticaria (header)
Allergic sinusitis,J30,L20,WHO+CM,related,https://icd.who.int/browse10/2019/en#/L20 https://www.cms.gov/files/zip/2026-code-tables-tabular-and-index.zip,atopic dermatitis. WHO: Atopic dermatitis (header); CM: Atopic dermatitis (header)
Chagas,B57,B57,WHO+CM,equivalent,https://icd.who.int/browse10/2019/en#/B57 https://www.cms.gov/files/zip/2026-code-tables-tabular-and-index.zip,DDXPlus code; Chagas disease (American trypanosomiasis). WHO: Chagas disease (header); CM: Chagas' disease (header)
Chagas,B57,B57.0,WHO+CM,narrower,https://icd.who.int/browse10/2019/en#/B57.0 https://www.cms.gov/files/zip/2026-code-tables-tabular-and-index.zip,acute Chagas disease with heart involvement. WHO: Acute Chagas disease with heart involvement; CM: Acute Chagas' disease with heart involvement
Chagas,B57,B57.1,WHO+CM,narrower,https://icd.who.int/browse10/2019/en#/B57.1 https://www.cms.gov/files/zip/2026-code-tables-tabular-and-index.zip,acute Chagas disease without heart involvement. WHO: Acute Chagas disease without heart involvement; CM: Acute Chagas' disease without heart involvement
Chagas,B57,B57.2,WHO+CM,narrower,https://icd.who.int/browse10/2019/en#/B57.2 https://www.cms.gov/files/zip/2026-code-tables-tabular-and-index.zip,chronic Chagas disease with heart involvement. WHO: Chagas disease (chronic) with heart involvement; CM: Chagas' disease (chronic) with heart involvement
Chagas,B57,B57.3,WHO+CM,narrower,https://icd.who.int/browse10/2019/en#/B57.3 https://www.cms.gov/files/zip/2026-code-tables-tabular-and-index.zip,Chagas disease with digestive system involvement. WHO: Chagas disease (chronic) with digestive system involvement; CM: Chagas' disease (chronic) with digestive system involvement (header)
Chagas,B57,B57.4,WHO+CM,narrower,https://icd.who.int/browse10/2019/en#/B57.4 https://www.cms.gov/files/zip/2026-code-tables-tabular-and-index.zip,Chagas disease with nervous system involvement. WHO: Chagas disease (chronic) with nervous system involvement; CM: Chagas' disease (chronic) with nervous system involvement (header)
Chagas,B57,B57.5,WHO+CM,narrower,https://icd.who.int/browse10/2019/en#/B57.5 https://www.cms.gov/files/zip/2026-code-tables-tabular-and-index.zip,Chagas disease with other organ involvement. WHO: Chagas disease (chronic) with other organ involvement; CM: Chagas' disease (chronic) with other organ involvement
Chagas,B57,B56,WHO+CM,related,https://icd.who.int/browse10/2019/en#/B56 https://www.cms.gov/files/zip/2026-code-tables-tabular-and-index.zip,African trypanosomiasis. WHO: African trypanosomiasis (header); CM: African trypanosomiasis (header)
Chagas,B57,B55,WHO+CM,related,https://icd.who.int/browse10/2019/en#/B55 https://www.cms.gov/files/zip/2026-code-tables-tabular-and-index.zip,leishmaniasis. WHO: Leishmaniasis (header); CM: Leishmaniasis (header)
Chagas,B57,I42,WHO+CM,related,https://icd.who.int/browse10/2019/en#/I42 https://www.cms.gov/files/zip/2026-code-tables-tabular-and-index.zip,cardiomyopathy (complication). WHO: Cardiomyopathy (header); CM: Cardiomyopathy (header)
Chagas,B57,I40,WHO+CM,related,https://icd.who.int/browse10/2019/en#/I40 https://www.cms.gov/files/zip/2026-code-tables-tabular-and-index.zip,acute myocarditis (owned by Myocarditis). WHO: Acute myocarditis (header); CM: Acute myocarditis (header)
Chagas,B57,K22.0,WHO+CM,related,https://icd.who.int/browse10/2019/en#/K22.0 https://www.cms.gov/files/zip/2026-code-tables-tabular-and-index.zip,achalasia (complication). WHO: Achalasia of cardia; CM: Achalasia of cardia
Chagas,B57,B50,WHO+CM,related,https://icd.who.int/browse10/2019/en#/B50 https://www.cms.gov/files/zip/2026-code-tables-tabular-and-index.zip,malaria. WHO: Plasmodium falciparum malaria (header); CM: Plasmodium falciparum malaria (header)
Chagas,B57,A75,WHO+CM,related,https://icd.who.int/browse10/2019/en#/A75 https://www.cms.gov/files/zip/2026-code-tables-tabular-and-index.zip,typhus. WHO: Typhus fever (header); CM: Typhus fever (header)
Chagas,B57,B60,WHO+CM,related,https://icd.who.int/browse10/2019/en#/B60 https://www.cms.gov/files/zip/2026-code-tables-tabular-and-index.zip,"other protozoal diseases. WHO: Other protozoal diseases, not elsewhere classified (header); CM: Other protozoal diseases, not elsewhere classified (header)"
Scombroid food poisoning,T61.1,T61.1,WHO+CM,equivalent,https://icd.who.int/browse10/2019/en#/T61.1 https://www.cms.gov/files/zip/2026-code-tables-tabular-and-index.zip,"DDXPlus code; scombroid fish poisoning (CM inclusion ""Histamine-like syndrome""). WHO: Toxic effect: Scombroid fish poisoning; CM: Scombroid fish poisoning (header)"
Scombroid food poisoning,T61.1,T61,WHO+CM,broader,https://icd.who.int/browse10/2019/en#/T61 https://www.cms.gov/files/zip/2026-code-tables-tabular-and-index.zip,toxic effect of noxious substances eaten as seafood. WHO: Toxic effect of noxious substances eaten as seafood (header); CM: Toxic effect of noxious substances eaten as seafood (header)
Scombroid food poisoning,T61.1,T61.9,WHO+CM,broader,https://icd.who.int/browse10/2019/en#/T61.9 https://www.cms.gov/files/zip/2026-code-tables-tabular-and-index.zip,toxic effect of unspecified seafood. WHO: Toxic effect: Toxic effect of unspecified seafood; CM: Toxic effect of unspecified seafood (header)
Scombroid food poisoning,T61.1,T61.0,WHO+CM,related,https://icd.who.int/browse10/2019/en#/T61.0 https://www.cms.gov/files/zip/2026-code-tables-tabular-and-index.zip,ciguatera fish poisoning. WHO: Toxic effect: Ciguatera fish poisoning; CM: Ciguatera fish poisoning (header)
Scombroid food poisoning,T61.1,T61.7,CM,related,https://www.cms.gov/files/zip/2026-code-tables-tabular-and-index.zip,other fish and shellfish poisoning (WHO). CM: Other fish and shellfish poisoning (header)
Scombroid food poisoning,T61.1,T61.8,WHO+CM,related,https://icd.who.int/browse10/2019/en#/T61.8 https://www.cms.gov/files/zip/2026-code-tables-tabular-and-index.zip,toxic effect of other seafood. WHO: Toxic effect: Toxic effect of other seafoods; CM: Toxic effect of other seafood (header)
Scombroid food poisoning,T61.1,T62,WHO+CM,related,https://icd.who.int/browse10/2019/en#/T62 https://www.cms.gov/files/zip/2026-code-tables-tabular-and-index.zip,toxic effect of other noxious substances eaten as food. WHO: Toxic effect of other noxious substances eaten as food (header); CM: Toxic effect of other noxious substances eaten as food (header)
Scombroid food poisoning,T61.1,A05,WHO+CM,related,https://icd.who.int/browse10/2019/en#/A05 https://www.cms.gov/files/zip/2026-code-tables-tabular-and-index.zip,"other bacterial foodborne intoxications. WHO: Other bacterial foodborne intoxications, not elsewhere classified (header); CM: Oth bacterial foodborne intoxications, NEC (header)"
Scombroid food poisoning,T61.1,A05.1,WHO+CM,related,https://icd.who.int/browse10/2019/en#/A05.1 https://www.cms.gov/files/zip/2026-code-tables-tabular-and-index.zip,botulism. WHO: Botulism; CM: Botulism food poisoning
Scombroid food poisoning,T61.1,A05.9,WHO+CM,related,https://icd.who.int/browse10/2019/en#/A05.9 https://www.cms.gov/files/zip/2026-code-tables-tabular-and-index.zip,"bacterial foodborne intoxication, unspecified. WHO: Bacterial foodborne intoxication, unspecified; CM: Bacterial foodborne intoxication, unspecified"
Scombroid food poisoning,T61.1,T78.1,WHO+CM,broader,https://icd.who.int/browse10/2019/en#/T78.1 https://www.cms.gov/files/zip/2026-code-tables-tabular-and-index.zip,"other adverse food reactions. WHO: Other adverse food reactions, not elsewhere classified; CM: Other adverse food reactions, not elsewhere classified (header); relation raised from related: family row (docs/v0.3-validity-review.md section 1.1), clinical-family prefix T78.1"
Scombroid food poisoning,T61.1,T78.0,WHO+CM,broader,https://icd.who.int/browse10/2019/en#/T78.0 https://www.cms.gov/files/zip/2026-code-tables-tabular-and-index.zip,"anaphylaxis due to food (own DDXPlus condition). WHO: Anaphylactic shock due to adverse food reaction; CM: Anaphylactic reaction due to food (header); relation raised from related: family row (docs/v0.3-validity-review.md section 1.1), clinical-family prefix T78.0"
Scombroid food poisoning,T61.1,T78.2,WHO+CM,broader,https://icd.who.int/browse10/2019/en#/T78.2 https://www.cms.gov/files/zip/2026-code-tables-tabular-and-index.zip,"anaphylactic shock (owned by Anaphylaxis). WHO: Anaphylactic shock, unspecified; CM: Anaphylactic shock, unspecified (header); relation raised from related: family row (docs/v0.3-validity-review.md section 1.1), clinical-family prefix T78.2"
Scombroid food poisoning,T61.1,T78.3,WHO+CM,related,https://icd.who.int/browse10/2019/en#/T78.3 https://www.cms.gov/files/zip/2026-code-tables-tabular-and-index.zip,angioedema. WHO: Angioneurotic oedema; CM: Angioneurotic edema (header)
Scombroid food poisoning,T61.1,L50.0,WHO+CM,related,https://icd.who.int/browse10/2019/en#/L50.0 https://www.cms.gov/files/zip/2026-code-tables-tabular-and-index.zip,allergic urticaria. WHO: Allergic urticaria; CM: Allergic urticaria
Scombroid food poisoning,T61.1,L50,WHO+CM,related,https://icd.who.int/browse10/2019/en#/L50 https://www.cms.gov/files/zip/2026-code-tables-tabular-and-index.zip,urticaria. WHO: Urticaria (header); CM: Urticaria (header)
Scombroid food poisoning,T61.1,A02,WHO+CM,related,https://icd.who.int/browse10/2019/en#/A02 https://www.cms.gov/files/zip/2026-code-tables-tabular-and-index.zip,salmonella infections. WHO: Other salmonella infections (header); CM: Other salmonella infections (header)
Scombroid food poisoning,T61.1,A04,WHO+CM,related,https://icd.who.int/browse10/2019/en#/A04 https://www.cms.gov/files/zip/2026-code-tables-tabular-and-index.zip,other bacterial intestinal infections. WHO: Other bacterial intestinal infections (header); CM: Other bacterial intestinal infections (header)
Scombroid food poisoning,T61.1,A08,WHO+CM,related,https://icd.who.int/browse10/2019/en#/A08 https://www.cms.gov/files/zip/2026-code-tables-tabular-and-index.zip,viral intestinal infections. WHO: Viral and other specified intestinal infections (header); CM: Viral and other specified intestinal infections (header)
Scombroid food poisoning,T61.1,K52.9,WHO+CM,related,https://icd.who.int/browse10/2019/en#/K52.9 https://www.cms.gov/files/zip/2026-code-tables-tabular-and-index.zip,"gastroenteritis and colitis, unspecified. WHO: Noninfective gastroenteritis and colitis, unspecified; CM: Noninfective gastroenteritis and colitis, unspecified"
Scombroid food poisoning,T61.1,R11,WHO+CM,related,https://icd.who.int/browse10/2019/en#/R11 https://www.cms.gov/files/zip/2026-code-tables-tabular-and-index.zip,nausea and vomiting. WHO: Nausea and vomiting; CM: Nausea and vomiting (header)
Scombroid food poisoning,T61.1,T78.4,WHO+CM,broader,https://icd.who.int/browse10/2019/en#/T78.4 https://www.cms.gov/files/zip/2026-code-tables-tabular-and-index.zip,"allergy, unspecified. WHO: Allergy, unspecified; CM: Other and unspecified allergy (header); relation raised from related: family row (docs/v0.3-validity-review.md section 1.1), names Anaphylaxis (broader), a family condition"
Scombroid food poisoning,T61.1,T65,WHO+CM,related,https://icd.who.int/browse10/2019/en#/T65 https://www.cms.gov/files/zip/2026-code-tables-tabular-and-index.zip,toxic effect of other and unspecified substances. WHO: Toxic effect of other and unspecified substances (header); CM: Toxic effect of other and unspecified substances (header)
Scombroid food poisoning,T61.1,R23.2,WHO+CM,related,https://icd.who.int/browse10/2019/en#/R23.2 https://www.cms.gov/files/zip/2026-code-tables-tabular-and-index.zip,flushing. WHO: Flushing; CM: Flushing
Myocarditis,I51.4,I51.4,WHO+CM,equivalent,https://icd.who.int/browse10/2019/en#/I51.4 https://www.cms.gov/files/zip/2026-code-tables-tabular-and-index.zip,"DDXPlus code; myocarditis, unspecified (CM inclusion: myocarditis NOS, chronic myocarditis; CM excludes acute myocarditis I40.-). WHO: Myocarditis, unspecified; CM: Myocarditis, unspecified"
Myocarditis,I51.4,I40,WHO+CM,narrower,https://icd.who.int/browse10/2019/en#/I40 https://www.cms.gov/files/zip/2026-code-tables-tabular-and-index.zip,acute myocarditis (acute form of the condition). WHO: Acute myocarditis (header); CM: Acute myocarditis (header)
Myocarditis,I51.4,I40.0,WHO+CM,narrower,https://icd.who.int/browse10/2019/en#/I40.0 https://www.cms.gov/files/zip/2026-code-tables-tabular-and-index.zip,infective myocarditis. WHO: Infective myocarditis; CM: Infective myocarditis
Myocarditis,I51.4,I40.1,WHO+CM,narrower,https://icd.who.int/browse10/2019/en#/I40.1 https://www.cms.gov/files/zip/2026-code-tables-tabular-and-index.zip,isolated myocarditis. WHO: Isolated myocarditis; CM: Isolated myocarditis
Myocarditis,I51.4,I40.8,WHO+CM,narrower,https://icd.who.int/browse10/2019/en#/I40.8 https://www.cms.gov/files/zip/2026-code-tables-tabular-and-index.zip,other acute myocarditis. WHO: Other acute myocarditis; CM: Other acute myocarditis
Myocarditis,I51.4,I40.9,WHO+CM,narrower,https://icd.who.int/browse10/2019/en#/I40.9 https://www.cms.gov/files/zip/2026-code-tables-tabular-and-index.zip,"acute myocarditis, unspecified. WHO: Acute myocarditis, unspecified; CM: Acute myocarditis, unspecified"
Myocarditis,I51.4,I41,WHO+CM,narrower,https://icd.who.int/browse10/2019/en#/I41 https://www.cms.gov/files/zip/2026-code-tables-tabular-and-index.zip,myocarditis in diseases classified elsewhere. WHO: Myocarditis in diseases classified elsewhere (header); CM: Myocarditis in diseases classified elsewhere
Myocarditis,I51.4,B33.22,CM,narrower,https://www.cms.gov/files/zip/2026-code-tables-tabular-and-index.zip,viral myocarditis (CM). CM: Viral myocarditis
Myocarditis,I51.4,B33.2,WHO+CM,broader,https://icd.who.int/browse10/2019/en#/B33.2 https://www.cms.gov/files/zip/2026-code-tables-tabular-and-index.zip,viral carditis (covers myocarditis and pericarditis). WHO: Viral carditis; CM: Viral carditis (header)
Myocarditis,I51.4,B33.20,CM,broader,https://www.cms.gov/files/zip/2026-code-tables-tabular-and-index.zip,"viral carditis, unspecified (CM). CM: Viral carditis, unspecified"
Myocarditis,I51.4,B33.21,CM,broader,https://www.cms.gov/files/zip/2026-code-tables-tabular-and-index.zip,"viral endocarditis. CM: Viral endocarditis; relation raised from related: family row (docs/v0.3-validity-review.md section 1.1), names Pericarditis (broader), a family condition"
Myocarditis,I51.4,B33.23,CM,broader,https://www.cms.gov/files/zip/2026-code-tables-tabular-and-index.zip,"viral pericarditis (owned by Pericarditis as narrower). CM: Viral pericarditis; relation raised from related: family row (docs/v0.3-validity-review.md section 1.1), names Pericarditis (narrower), a family condition"
Myocarditis,I51.4,B33.24,CM,broader,https://www.cms.gov/files/zip/2026-code-tables-tabular-and-index.zip,"viral cardiomyopathy. CM: Viral cardiomyopathy; relation raised from related: family row (docs/v0.3-validity-review.md section 1.1), names Pericarditis (broader), a family condition"
Myocarditis,I51.4,I01.2,WHO+CM,narrower,https://icd.who.int/browse10/2019/en#/I01.2 https://www.cms.gov/files/zip/2026-code-tables-tabular-and-index.zip,acute rheumatic myocarditis. WHO: Acute rheumatic myocarditis; CM: Acute rheumatic myocarditis
Myocarditis,I51.4,I09.0,WHO+CM,narrower,https://icd.who.int/browse10/2019/en#/I09.0 https://www.cms.gov/files/zip/2026-code-tables-tabular-and-index.zip,rheumatic myocarditis. WHO: Rheumatic myocarditis; CM: Rheumatic myocarditis
Myocarditis,I51.4,I51.9,WHO+CM,broader,https://icd.who.int/browse10/2019/en#/I51.9 https://www.cms.gov/files/zip/2026-code-tables-tabular-and-index.zip,"heart disease, unspecified. WHO: Heart disease, unspecified; CM: Heart disease, unspecified"
Myocarditis,I51.4,I30,WHO+CM,broader,https://icd.who.int/browse10/2019/en#/I30 https://www.cms.gov/files/zip/2026-code-tables-tabular-and-index.zip,"acute pericarditis (own DDXPlus condition). WHO: Acute pericarditis (header); CM: Acute pericarditis (header); relation raised from related: family row (docs/v0.3-validity-review.md section 1.1), clinical-family prefix I30"
Myocarditis,I51.4,I31,WHO+CM,broader,https://icd.who.int/browse10/2019/en#/I31 https://www.cms.gov/files/zip/2026-code-tables-tabular-and-index.zip,"other diseases of pericardium. WHO: Other diseases of pericardium (header); CM: Other diseases of pericardium (header); relation raised from related: family row (docs/v0.3-validity-review.md section 1.1), names Pericarditis (broader), a family condition"
Myocarditis,I51.4,I42,WHO+CM,related,https://icd.who.int/browse10/2019/en#/I42 https://www.cms.gov/files/zip/2026-code-tables-tabular-and-index.zip,cardiomyopathy. WHO: Cardiomyopathy (header); CM: Cardiomyopathy (header)
Myocarditis,I51.4,I21,WHO+CM,related,https://icd.who.int/browse10/2019/en#/I21 https://www.cms.gov/files/zip/2026-code-tables-tabular-and-index.zip,acute myocardial infarction (own DDXPlus condition). WHO: Acute myocardial infarction (header); CM: Acute myocardial infarction (header)
Myocarditis,I51.4,I20,WHO+CM,related,https://icd.who.int/browse10/2019/en#/I20 https://www.cms.gov/files/zip/2026-code-tables-tabular-and-index.zip,angina pectoris. WHO: Angina pectoris (header); CM: Angina pectoris (header)
Myocarditis,I51.4,I50,WHO+CM,related,https://icd.who.int/browse10/2019/en#/I50 https://www.cms.gov/files/zip/2026-code-tables-tabular-and-index.zip,heart failure. WHO: Heart failure (header); CM: Heart failure (header)
Myocarditis,I51.4,R07.9,CM,related,https://www.cms.gov/files/zip/2026-code-tables-tabular-and-index.zip,"chest pain, unspecified. CM: Chest pain, unspecified"
Myocarditis,I51.4,R07.89,CM,related,https://www.cms.gov/files/zip/2026-code-tables-tabular-and-index.zip,other chest pain. CM: Other chest pain
Myocarditis,I51.4,M94.0,WHO+CM,related,https://icd.who.int/browse10/2019/en#/M94.0 https://www.cms.gov/files/zip/2026-code-tables-tabular-and-index.zip,chondrocostal junction syndrome. WHO: Chondrocostal junction syndrome [Tietze]; CM: Chondrocostal junction syndrome [Tietze]
Myocarditis,I51.4,I26,WHO+CM,related,https://icd.who.int/browse10/2019/en#/I26 https://www.cms.gov/files/zip/2026-code-tables-tabular-and-index.zip,pulmonary embolism (own DDXPlus condition). WHO: Pulmonary embolism (header); CM: Pulmonary embolism (header)
Myocarditis,I51.4,J93,WHO+CM,related,https://icd.who.int/browse10/2019/en#/J93 https://www.cms.gov/files/zip/2026-code-tables-tabular-and-index.zip,pneumothorax (own DDXPlus condition). WHO: Pneumothorax (header); CM: Pneumothorax and air leak (header)
Myocarditis,I51.4,J18,WHO+CM,related,https://icd.who.int/browse10/2019/en#/J18 https://www.cms.gov/files/zip/2026-code-tables-tabular-and-index.zip,"pneumonia (own DDXPlus condition). WHO: Pneumonia, organism unspecified (header); CM: Pneumonia, unspecified organism (header)"
Myocarditis,I51.4,R09.1,WHO+CM,related,https://icd.who.int/browse10/2019/en#/R09.1 https://www.cms.gov/files/zip/2026-code-tables-tabular-and-index.zip,pleurisy. WHO: Pleurisy; CM: Pleurisy
Myocarditis,I51.4,D86.85,CM,related,https://www.cms.gov/files/zip/2026-code-tables-tabular-and-index.zip,sarcoid myocarditis (owned by Sarcoidosis). CM: Sarcoid myocarditis
Myocarditis,I51.4,I33,WHO+CM,related,https://icd.who.int/browse10/2019/en#/I33 https://www.cms.gov/files/zip/2026-code-tables-tabular-and-index.zip,acute and subacute endocarditis. WHO: Acute and subacute endocarditis (header); CM: Acute and subacute endocarditis (header)
Larygospasm,J38.5,J38.5,WHO+CM,equivalent,https://icd.who.int/browse10/2019/en#/J38.5 https://www.cms.gov/files/zip/2026-code-tables-tabular-and-index.zip,"DDXPlus code; laryngeal spasm (laryngismus stridulus); CM index ""Laryngospasm J38.5"". WHO: Laryngeal spasm; CM: Laryngeal spasm"
Larygospasm,J38.5,J38,WHO+CM,broader,https://icd.who.int/browse10/2019/en#/J38 https://www.cms.gov/files/zip/2026-code-tables-tabular-and-index.zip,"diseases of vocal cords and larynx, not elsewhere classified. WHO: Diseases of vocal cords and larynx, not elsewhere classified (header); CM: Diseases of vocal cords and larynx, not elsewhere classified (header)"
Larygospasm,J38.5,J38.4,WHO+CM,broader,https://icd.who.int/browse10/2019/en#/J38.4 https://www.cms.gov/files/zip/2026-code-tables-tabular-and-index.zip,"oedema of larynx. WHO: Oedema of larynx; CM: Edema of larynx; relation raised from related: family row (docs/v0.3-validity-review.md section 1.1), clinical-family prefix J38.4"
Larygospasm,J38.5,J38.6,WHO+CM,broader,https://icd.who.int/browse10/2019/en#/J38.6 https://www.cms.gov/files/zip/2026-code-tables-tabular-and-index.zip,"stenosis of larynx. WHO: Stenosis of larynx; CM: Stenosis of larynx; relation raised from related: family row (docs/v0.3-validity-review.md section 1.1), clinical-family prefix J38.6"
Larygospasm,J38.5,J38.7,WHO+CM,broader,https://icd.who.int/browse10/2019/en#/J38.7 https://www.cms.gov/files/zip/2026-code-tables-tabular-and-index.zip,"other diseases of larynx. WHO: Other diseases of larynx; CM: Other diseases of larynx; relation raised from related: family row (docs/v0.3-validity-review.md section 1.1), clinical-family prefix J38.7"
Larygospasm,J38.5,J38.3,WHO+CM,related,https://icd.who.int/browse10/2019/en#/J38.3 https://www.cms.gov/files/zip/2026-code-tables-tabular-and-index.zip,other diseases of vocal cords. WHO: Other diseases of vocal cords; CM: Other diseases of vocal cords
Larygospasm,J38.5,J38.0,WHO+CM,broader,https://icd.who.int/browse10/2019/en#/J38.0 https://www.cms.gov/files/zip/2026-code-tables-tabular-and-index.zip,"paralysis of vocal cords and larynx. WHO: Paralysis of vocal cords and larynx; CM: Paralysis of vocal cords and larynx (header); relation raised from related: family row (docs/v0.3-validity-review.md section 1.1), clinical-family prefix J38.0"
Larygospasm,J38.5,R06.1,WHO+CM,broader,https://icd.who.int/browse10/2019/en#/R06.1 https://www.cms.gov/files/zip/2026-code-tables-tabular-and-index.zip,"stridor. WHO: Stridor; CM: Stridor; relation raised from related: family row (docs/v0.3-validity-review.md section 1.1), clinical-family prefix R06.1"
Larygospasm,J38.5,J39.3,WHO+CM,related,https://icd.who.int/browse10/2019/en#/J39.3 https://www.cms.gov/files/zip/2026-code-tables-tabular-and-index.zip,"upper respiratory tract hypersensitivity reaction. WHO: Upper respiratory tract hypersensitivity reaction, site unspecified; CM: Upper respiratory tract hypersensitivity reaction, site unsp"
Larygospasm,J38.5,J05.0,WHO+CM,broader,https://icd.who.int/browse10/2019/en#/J05.0 https://www.cms.gov/files/zip/2026-code-tables-tabular-and-index.zip,"croup (own DDXPlus condition). WHO: Acute obstructive laryngitis [croup]; CM: Acute obstructive laryngitis [croup]; relation raised from related: family row (docs/v0.3-validity-review.md section 1.1), clinical-family prefix J05"
Larygospasm,J38.5,T78.3,WHO+CM,related,https://icd.who.int/browse10/2019/en#/T78.3 https://www.cms.gov/files/zip/2026-code-tables-tabular-and-index.zip,angioedema. WHO: Angioneurotic oedema; CM: Angioneurotic edema (header)
Larygospasm,J38.5,T78.2,WHO+CM,related,https://icd.who.int/browse10/2019/en#/T78.2 https://www.cms.gov/files/zip/2026-code-tables-tabular-and-index.zip,"anaphylaxis (owned by Anaphylaxis). WHO: Anaphylactic shock, unspecified; CM: Anaphylactic shock, unspecified (header)"
Larygospasm,J38.5,R49.0,WHO+CM,related,https://icd.who.int/browse10/2019/en#/R49.0 https://www.cms.gov/files/zip/2026-code-tables-tabular-and-index.zip,dysphonia. WHO: Dysphonia; CM: Dysphonia
Larygospasm,J38.5,R06.89,CM,related,https://www.cms.gov/files/zip/2026-code-tables-tabular-and-index.zip,other abnormalities of breathing. CM: Other abnormalities of breathing
Larygospasm,J38.5,T17,WHO+CM,broader,https://icd.who.int/browse10/2019/en#/T17 https://www.cms.gov/files/zip/2026-code-tables-tabular-and-index.zip,"foreign body in respiratory tract. WHO: Foreign body in respiratory tract (header); CM: Foreign body in respiratory tract (header); relation raised from related: family row (docs/v0.3-validity-review.md section 1.1), clinical-family prefix T17"
Larygospasm,J38.5,J05.1,WHO+CM,broader,https://icd.who.int/browse10/2019/en#/J05.1 https://www.cms.gov/files/zip/2026-code-tables-tabular-and-index.zip,"acute epiglottitis (own DDXPlus condition). WHO: Acute epiglottitis; CM: Acute epiglottitis (header); relation raised from related: family row (docs/v0.3-validity-review.md section 1.1), clinical-family prefix J05"
Larygospasm,J38.5,F44.4,WHO+CM,related,https://icd.who.int/browse10/2019/en#/F44.4 https://www.cms.gov/files/zip/2026-code-tables-tabular-and-index.zip,conversion disorder with motor symptom. WHO: Dissociative motor disorders; CM: Conversion disorder with motor symptom or deficit
Larygospasm,J38.5,K21.9,WHO+CM,related,https://icd.who.int/browse10/2019/en#/K21.9 https://www.cms.gov/files/zip/2026-code-tables-tabular-and-index.zip,GERD (reflux-triggered spasm is coded as the reflux). WHO: Gastro-oesophageal reflux disease without oesophagitis; CM: Gastro-esophageal reflux disease without esophagitis
Larygospasm,J38.5,J04.0,WHO+CM,related,https://icd.who.int/browse10/2019/en#/J04.0 https://www.cms.gov/files/zip/2026-code-tables-tabular-and-index.zip,acute laryngitis (own DDXPlus condition). WHO: Acute laryngitis; CM: Acute laryngitis
Acute dystonic reactions,G24.02,G24.02,CM,equivalent,https://www.cms.gov/files/zip/2026-code-tables-tabular-and-index.zip,"DDXPlus code; drug induced acute dystonia (CM index ""Dystonia, drug induced, acute G24.02""). CM: Drug induced acute dystonia"
Acute dystonic reactions,G24.02,G24.0,WHO+CM,equivalent,https://icd.who.int/browse10/2019/en#/G24.0 https://www.cms.gov/files/zip/2026-code-tables-tabular-and-index.zip,"WHO leaf ""Drug-induced dystonia""; CM header for G24.01-G24.09; read as the WHO leaf. WHO: Drug-induced dystonia; CM: Drug induced dystonia (header)"
Acute dystonic reactions,G24.02,G24.01,CM,broader,https://www.cms.gov/files/zip/2026-code-tables-tabular-and-index.zip,"drug induced subacute dyskinesia (CM). CM: Drug induced subacute dyskinesia; relation raised from related: family row (docs/v0.3-validity-review.md section 1.1), clinical-family prefix G24"
Acute dystonic reactions,G24.02,G24.09,CM,broader,https://www.cms.gov/files/zip/2026-code-tables-tabular-and-index.zip,"other drug induced dystonia (CM; not the acute reaction). CM: Other drug induced dystonia; relation raised from related: family row (docs/v0.3-validity-review.md section 1.1), clinical-family prefix G24"
Acute dystonic reactions,G24.02,G24,WHO+CM,broader,https://icd.who.int/browse10/2019/en#/G24 https://www.cms.gov/files/zip/2026-code-tables-tabular-and-index.zip,dystonia. WHO: Dystonia (header); CM: Dystonia (header)
Acute dystonic reactions,G24.02,G24.9,WHO+CM,broader,https://icd.who.int/browse10/2019/en#/G24.9 https://www.cms.gov/files/zip/2026-code-tables-tabular-and-index.zip,"dystonia, unspecified. WHO: Dystonia, unspecified; CM: Dystonia, unspecified"
Acute dystonic reactions,G24.02,G24.8,WHO+CM,broader,https://icd.who.int/browse10/2019/en#/G24.8 https://www.cms.gov/files/zip/2026-code-tables-tabular-and-index.zip,"other dystonia. WHO: Other dystonia; CM: Other dystonia; relation raised from related: family row (docs/v0.3-validity-review.md section 1.1), clinical-family prefix G24"
Acute dystonic reactions,G24.02,G24.1,WHO+CM,broader,https://icd.who.int/browse10/2019/en#/G24.1 https://www.cms.gov/files/zip/2026-code-tables-tabular-and-index.zip,"genetic torsion dystonia. WHO: Idiopathic familial dystonia; CM: Genetic torsion dystonia; relation raised from related: family row (docs/v0.3-validity-review.md section 1.1), clinical-family prefix G24"
Acute dystonic reactions,G24.02,G24.2,WHO+CM,broader,https://icd.who.int/browse10/2019/en#/G24.2 https://www.cms.gov/files/zip/2026-code-tables-tabular-and-index.zip,"idiopathic nonfamilial dystonia. WHO: Idiopathic nonfamilial dystonia; CM: Idiopathic nonfamilial dystonia; relation raised from related: family row (docs/v0.3-validity-review.md section 1.1), clinical-family prefix G24"
Acute dystonic reactions,G24.02,G24.3,WHO+CM,broader,https://icd.who.int/browse10/2019/en#/G24.3 https://www.cms.gov/files/zip/2026-code-tables-tabular-and-index.zip,"spasmodic torticollis (a presentation, but coded as its own entity). WHO: Spasmodic torticollis; CM: Spasmodic torticollis; relation raised from related: family row (docs/v0.3-validity-review.md section 1.1), clinical-family prefix G24"
Acute dystonic reactions,G24.02,G24.4,WHO+CM,broader,https://icd.who.int/browse10/2019/en#/G24.4 https://www.cms.gov/files/zip/2026-code-tables-tabular-and-index.zip,"idiopathic orofacial dystonia. WHO: Idiopathic orofacial dystonia; CM: Idiopathic orofacial dystonia; relation raised from related: family row (docs/v0.3-validity-review.md section 1.1), clinical-family prefix G24"
Acute dystonic reactions,G24.02,G24.5,WHO+CM,broader,https://icd.who.int/browse10/2019/en#/G24.5 https://www.cms.gov/files/zip/2026-code-tables-tabular-and-index.zip,"blepharospasm. WHO: Blepharospasm; CM: Blepharospasm; relation raised from related: family row (docs/v0.3-validity-review.md section 1.1), clinical-family prefix G24"
Acute dystonic reactions,G24.02,G25.7,CM,broader,https://www.cms.gov/files/zip/2026-code-tables-tabular-and-index.zip,"other and unspecified drug induced movement disorders (CM G25.70, G25.71, G25.79). CM: Other and unspecified drug induced movement disorders (header); relation raised from related: family row (docs/v0.3-validity-review.md section 1.1), clinical-family prefix G25"
Acute dystonic reactions,G24.02,G25.6,WHO+CM,broader,https://icd.who.int/browse10/2019/en#/G25.6 https://www.cms.gov/files/zip/2026-code-tables-tabular-and-index.zip,"drug induced tics. WHO: Drug-induced tics and other tics of organic origin; CM: Drug induced tics and other tics of organic origin (header); relation raised from related: family row (docs/v0.3-validity-review.md section 1.1), clinical-family prefix G25"
Acute dystonic reactions,G24.02,G21.0,WHO+CM,related,https://icd.who.int/browse10/2019/en#/G21.0 https://www.cms.gov/files/zip/2026-code-tables-tabular-and-index.zip,malignant neuroleptic syndrome. WHO: Malignant neuroleptic syndrome; CM: Malignant neuroleptic syndrome
Acute dystonic reactions,G24.02,G21.1,WHO+CM,related,https://icd.who.int/browse10/2019/en#/G21.1 https://www.cms.gov/files/zip/2026-code-tables-tabular-and-index.zip,other secondary parkinsonism (CM G21.11 neuroleptic induced). WHO: Other drug-induced secondary parkinsonism; CM: Other drug-induced secondary parkinsonism (header)
Acute dystonic reactions,G24.02,T43,WHO+CM,related,https://icd.who.int/browse10/2019/en#/T43 https://www.cms.gov/files/zip/2026-code-tables-tabular-and-index.zip,"poisoning by or adverse effect of psychotropic drugs (the external cause, paired with G24.02). WHO: Poisoning by psychotropic drugs, not elsewhere classified (header); CM: Psychotropic drugs, not elsewhere classified (header)"
Acute dystonic reactions,G24.02,T42,WHO+CM,related,https://icd.who.int/browse10/2019/en#/T42 https://www.cms.gov/files/zip/2026-code-tables-tabular-and-index.zip,"poisoning by or adverse effect of antiepileptic and sedative drugs. WHO: Poisoning by antiepileptic, sedative-hypnotic and antiparkinsonism drugs (header); CM: Antiepileptic, sedative- hypnotic and antiparkinsonism drugs (header)"
Acute dystonic reactions,G24.02,T45.0,WHO+CM,related,https://icd.who.int/browse10/2019/en#/T45.0 https://www.cms.gov/files/zip/2026-code-tables-tabular-and-index.zip,poisoning by or adverse effect of antiallergic and antiemetic drugs (metoclopramide). WHO: Poisoning: Antiallergic and antiemetic drugs; CM: Antiallergic and antiemetic drugs (header)
Acute dystonic reactions,G24.02,A35,WHO+CM,related,https://icd.who.int/browse10/2019/en#/A35 https://www.cms.gov/files/zip/2026-code-tables-tabular-and-index.zip,tetanus. WHO: Other tetanus; CM: Other tetanus
Acute dystonic reactions,G24.02,R25.2,WHO+CM,related,https://icd.who.int/browse10/2019/en#/R25.2 https://www.cms.gov/files/zip/2026-code-tables-tabular-and-index.zip,cramp and spasm. WHO: Cramp and spasm; CM: Cramp and spasm
Acute dystonic reactions,G24.02,R29.3,WHO+CM,related,https://icd.who.int/browse10/2019/en#/R29.3 https://www.cms.gov/files/zip/2026-code-tables-tabular-and-index.zip,abnormal posture. WHO: Abnormal posture; CM: Abnormal posture
Acute dystonic reactions,G24.02,R25.8,WHO+CM,related,https://icd.who.int/browse10/2019/en#/R25.8 https://www.cms.gov/files/zip/2026-code-tables-tabular-and-index.zip,other abnormal involuntary movements. WHO: Other and unspecified abnormal involuntary movements; CM: Other abnormal involuntary movements
Acute dystonic reactions,G24.02,F44.4,WHO+CM,related,https://icd.who.int/browse10/2019/en#/F44.4 https://www.cms.gov/files/zip/2026-code-tables-tabular-and-index.zip,conversion disorder with motor symptom. WHO: Dissociative motor disorders; CM: Conversion disorder with motor symptom or deficit
Acute dystonic reactions,G24.02,G40,WHO+CM,related,https://icd.who.int/browse10/2019/en#/G40 https://www.cms.gov/files/zip/2026-code-tables-tabular-and-index.zip,epilepsy. WHO: Epilepsy (header); CM: Epilepsy and recurrent seizures (header)
Acute dystonic reactions,G24.02,R56,WHO+CM,related,https://icd.who.int/browse10/2019/en#/R56 https://www.cms.gov/files/zip/2026-code-tables-tabular-and-index.zip,"convulsions. WHO: Convulsions, not elsewhere classified (header); CM: Convulsions, not elsewhere classified (header)"
Acute dystonic reactions,G24.02,R13.1,CM,related,https://www.cms.gov/files/zip/2026-code-tables-tabular-and-index.zip,dysphagia. CM: Dysphagia (header)
Acute dystonic reactions,G24.02,G47.6,CM,related,https://www.cms.gov/files/zip/2026-code-tables-tabular-and-index.zip,sleep related movement disorders. CM: Sleep related movement disorders (header)
Acute dystonic reactions,G24.02,R47.1,WHO+CM,related,https://icd.who.int/browse10/2019/en#/R47.1 https://www.cms.gov/files/zip/2026-code-tables-tabular-and-index.zip,dysarthria. WHO: Dysarthria and anarthria; CM: Dysarthria and anarthria
Localized edema,R60.0,R60.0,WHO+CM,equivalent,https://icd.who.int/browse10/2019/en#/R60.0 https://www.cms.gov/files/zip/2026-code-tables-tabular-and-index.zip,"DDXPlus code; localized oedema (CM index ""Edema, localized R60.0""). WHO: Localized oedema; CM: Localized edema"
Localized edema,R60.0,R60,WHO+CM,broader,https://icd.who.int/browse10/2019/en#/R60 https://www.cms.gov/files/zip/2026-code-tables-tabular-and-index.zip,"oedema, not elsewhere classified. WHO: Oedema, not elsewhere classified (header); CM: Edema, not elsewhere classified (header)"
Localized edema,R60.0,R60.9,WHO+CM,broader,https://icd.who.int/browse10/2019/en#/R60.9 https://www.cms.gov/files/zip/2026-code-tables-tabular-and-index.zip,"oedema, unspecified. WHO: Oedema, unspecified; CM: Edema, unspecified"
Localized edema,R60.0,R60.1,WHO+CM,related,https://icd.who.int/browse10/2019/en#/R60.1 https://www.cms.gov/files/zip/2026-code-tables-tabular-and-index.zip,generalized oedema. WHO: Generalized oedema; CM: Generalized edema
Localized edema,R60.0,I89.0,WHO+CM,related,https://icd.who.int/browse10/2019/en#/I89.0 https://www.cms.gov/files/zip/2026-code-tables-tabular-and-index.zip,"lymphoedema, not elsewhere classified. WHO: Lymphoedema, not elsewhere classified; CM: Lymphedema, not elsewhere classified"
Localized edema,R60.0,I89,WHO+CM,related,https://icd.who.int/browse10/2019/en#/I89 https://www.cms.gov/files/zip/2026-code-tables-tabular-and-index.zip,other noninfective disorders of lymphatic vessels. WHO: Other noninfective disorders of lymphatic vessels and lymph nodes (header); CM: Oth noninfective disorders of lymphatic vessels and nodes (header)
Localized edema,R60.0,I87.2,WHO+CM,related,https://icd.who.int/browse10/2019/en#/I87.2 https://www.cms.gov/files/zip/2026-code-tables-tabular-and-index.zip,venous insufficiency (chronic) (peripheral). WHO: Venous insufficiency (chronic)(peripheral); CM: Venous insufficiency (chronic) (peripheral)
Localized edema,R60.0,I87.1,WHO+CM,related,https://icd.who.int/browse10/2019/en#/I87.1 https://www.cms.gov/files/zip/2026-code-tables-tabular-and-index.zip,"compression of vein (CM index ""Edema, localized, due to venous obstruction I87.1""). WHO: Compression of vein; CM: Compression of vein"
Localized edema,R60.0,I87.3,CM,related,https://www.cms.gov/files/zip/2026-code-tables-tabular-and-index.zip,chronic venous hypertension. CM: Chronic venous hypertension (idiopathic) (header)
Localized edema,R60.0,I82,WHO+CM,related,https://icd.who.int/browse10/2019/en#/I82 https://www.cms.gov/files/zip/2026-code-tables-tabular-and-index.zip,other venous embolism and thrombosis (DVT). WHO: Other venous embolism and thrombosis (header); CM: Other venous embolism and thrombosis (header)
Localized edema,R60.0,I80,WHO+CM,related,https://icd.who.int/browse10/2019/en#/I80 https://www.cms.gov/files/zip/2026-code-tables-tabular-and-index.zip,phlebitis and thrombophlebitis. WHO: Phlebitis and thrombophlebitis (header); CM: Phlebitis and thrombophlebitis (header)
Localized edema,R60.0,L03,WHO+CM,related,https://icd.who.int/browse10/2019/en#/L03 https://www.cms.gov/files/zip/2026-code-tables-tabular-and-index.zip,cellulitis. WHO: Cellulitis (header); CM: Cellulitis and acute lymphangitis (header)
Localized edema,R60.0,M79.89,CM,related,https://www.cms.gov/files/zip/2026-code-tables-tabular-and-index.zip,other specified soft tissue disorders. CM: Other specified soft tissue disorders
Localized edema,R60.0,M79.81,CM,related,https://www.cms.gov/files/zip/2026-code-tables-tabular-and-index.zip,nontraumatic haematoma of soft tissue. CM: Nontraumatic hematoma of soft tissue
Localized edema,R60.0,T78.3,WHO+CM,related,https://icd.who.int/browse10/2019/en#/T78.3 https://www.cms.gov/files/zip/2026-code-tables-tabular-and-index.zip,angioedema. WHO: Angioneurotic oedema; CM: Angioneurotic edema (header)
Localized edema,R60.0,I50,WHO+CM,related,https://icd.who.int/browse10/2019/en#/I50 https://www.cms.gov/files/zip/2026-code-tables-tabular-and-index.zip,heart failure. WHO: Heart failure (header); CM: Heart failure (header)
Localized edema,R60.0,N04,WHO+CM,related,https://icd.who.int/browse10/2019/en#/N04 https://www.cms.gov/files/zip/2026-code-tables-tabular-and-index.zip,nephrotic syndrome. WHO: Nephrotic syndrome (header); CM: Nephrotic syndrome (header)
Localized edema,R60.0,N18,WHO+CM,related,https://icd.who.int/browse10/2019/en#/N18 https://www.cms.gov/files/zip/2026-code-tables-tabular-and-index.zip,chronic kidney disease. WHO: Chronic kidney disease (header); CM: Chronic kidney disease (CKD) (header)
Localized edema,R60.0,K74,WHO+CM,related,https://icd.who.int/browse10/2019/en#/K74 https://www.cms.gov/files/zip/2026-code-tables-tabular-and-index.zip,fibrosis and cirrhosis of liver. WHO: Fibrosis and cirrhosis of liver (header); CM: Fibrosis and cirrhosis of liver (header)
Localized edema,R60.0,R22,WHO+CM,related,https://icd.who.int/browse10/2019/en#/R22 https://www.cms.gov/files/zip/2026-code-tables-tabular-and-index.zip,"localized swelling, mass and lump of skin. WHO: Localized swelling, mass and lump of skin and subcutaneous tissue (header); CM: Localized swelling, mass and lump of skin, subcu (header)"
Localized edema,R60.0,Q82.0,WHO+CM,related,https://icd.who.int/browse10/2019/en#/Q82.0 https://www.cms.gov/files/zip/2026-code-tables-tabular-and-index.zip,hereditary lymphoedema. WHO: Hereditary lymphoedema; CM: Hereditary lymphedema
Localized edema,R60.0,M25.4,WHO+CM,related,https://icd.who.int/browse10/2019/en#/M25.4 https://www.cms.gov/files/zip/2026-code-tables-tabular-and-index.zip,effusion of joint. WHO: Effusion of joint; CM: Effusion of joint (header)
Localized edema,R60.0,S80,WHO+CM,related,https://icd.who.int/browse10/2019/en#/S80 https://www.cms.gov/files/zip/2026-code-tables-tabular-and-index.zip,superficial injury of lower leg. WHO: Superficial injury of lower leg (header); CM: Superficial injury of knee and lower leg (header)
Localized edema,R60.0,S90,WHO+CM,related,https://icd.who.int/browse10/2019/en#/S90 https://www.cms.gov/files/zip/2026-code-tables-tabular-and-index.zip,"superficial injury of ankle and foot. WHO: Superficial injury of ankle and foot (header); CM: Superficial injury of ankle, foot and toes (header)"
Localized edema,R60.0,M10,WHO+CM,related,https://icd.who.int/browse10/2019/en#/M10 https://www.cms.gov/files/zip/2026-code-tables-tabular-and-index.zip,gout. WHO: Gout (header); CM: Gout (header)
Localized edema,R60.0,L50,WHO+CM,related,https://icd.who.int/browse10/2019/en#/L50 https://www.cms.gov/files/zip/2026-code-tables-tabular-and-index.zip,urticaria. WHO: Urticaria (header); CM: Urticaria (header)
Localized edema,R60.0,I83,WHO+CM,related,https://icd.who.int/browse10/2019/en#/I83 https://www.cms.gov/files/zip/2026-code-tables-tabular-and-index.zip,varicose veins of lower extremities. WHO: Varicose veins of lower extremities (header); CM: Varicose veins of lower extremities (header)
Localized edema,R60.0,M00,WHO+CM,related,https://icd.who.int/browse10/2019/en#/M00 https://www.cms.gov/files/zip/2026-code-tables-tabular-and-index.zip,pyogenic arthritis. WHO: Pyogenic arthritis (header); CM: Pyogenic arthritis (header)
Localized edema,R60.0,M17,WHO+CM,related,https://icd.who.int/browse10/2019/en#/M17 https://www.cms.gov/files/zip/2026-code-tables-tabular-and-index.zip,osteoarthritis of knee. WHO: Gonarthrosis [arthrosis of knee] (header); CM: Osteoarthritis of knee (header)
SLE,M32,M32,WHO+CM,equivalent,https://icd.who.int/browse10/2019/en#/M32 https://www.cms.gov/files/zip/2026-code-tables-tabular-and-index.zip,DDXPlus code; systemic lupus erythematosus. WHO: Systemic lupus erythematosus (header); CM: Systemic lupus erythematosus (SLE) (header)
SLE,M32,M32.0,WHO+CM,narrower,https://icd.who.int/browse10/2019/en#/M32.0 https://www.cms.gov/files/zip/2026-code-tables-tabular-and-index.zip,drug-induced systemic lupus erythematosus. WHO: Drug-induced systemic lupus erythematosus; CM: Drug-induced systemic lupus erythematosus
SLE,M32,M32.1,WHO+CM,narrower,https://icd.who.int/browse10/2019/en#/M32.1 https://www.cms.gov/files/zip/2026-code-tables-tabular-and-index.zip,SLE with organ or system involvement (CM M32.10-M32.19). WHO: Systemic lupus erythematosus with organ or system involvement; CM: Systemic lupus erythematosus w organ or system involvement (header)
SLE,M32,M32.8,WHO+CM,narrower,https://icd.who.int/browse10/2019/en#/M32.8 https://www.cms.gov/files/zip/2026-code-tables-tabular-and-index.zip,other forms of systemic lupus erythematosus. WHO: Other forms of systemic lupus erythematosus; CM: Other forms of systemic lupus erythematosus
SLE,M32,M32.9,WHO+CM,equivalent,https://icd.who.int/browse10/2019/en#/M32.9 https://www.cms.gov/files/zip/2026-code-tables-tabular-and-index.zip,"systemic lupus erythematosus, unspecified (CM index ""Lupus, erythematosus, systemic M32.9""). WHO: Systemic lupus erythematosus, unspecified; CM: Systemic lupus erythematosus, unspecified"
SLE,M32,L93,WHO+CM,related,https://icd.who.int/browse10/2019/en#/L93 https://www.cms.gov/files/zip/2026-code-tables-tabular-and-index.zip,cutaneous lupus erythematosus (CM excludes from M32). WHO: Lupus erythematosus (header); CM: Lupus erythematosus (header)
SLE,M32,M35.9,WHO+CM,broader,https://icd.who.int/browse10/2019/en#/M35.9 https://www.cms.gov/files/zip/2026-code-tables-tabular-and-index.zip,"systemic involvement of connective tissue, unspecified. WHO: Systemic involvement of connective tissue, unspecified; CM: Systemic involvement of connective tissue, unspecified"
SLE,M32,M35.1,WHO+CM,related,https://icd.who.int/browse10/2019/en#/M35.1 https://www.cms.gov/files/zip/2026-code-tables-tabular-and-index.zip,other overlap syndromes (mixed connective tissue disease). WHO: Other overlap syndromes; CM: Other overlap syndromes
SLE,M32,M35.0,WHO+CM,related,https://icd.who.int/browse10/2019/en#/M35.0 https://www.cms.gov/files/zip/2026-code-tables-tabular-and-index.zip,sicca syndrome. WHO: Sicca syndrome [Sjögren]; CM: Sjogren syndrome (header)
SLE,M32,M35.3,WHO+CM,related,https://icd.who.int/browse10/2019/en#/M35.3 https://www.cms.gov/files/zip/2026-code-tables-tabular-and-index.zip,polymyalgia rheumatica. WHO: Polymyalgia rheumatica; CM: Polymyalgia rheumatica
SLE,M32,M35.2,WHO+CM,related,https://icd.who.int/browse10/2019/en#/M35.2 https://www.cms.gov/files/zip/2026-code-tables-tabular-and-index.zip,Behcet's disease. WHO: Behçet disease; CM: Behcet's disease
SLE,M32,M35,WHO+CM,related,https://icd.who.int/browse10/2019/en#/M35 https://www.cms.gov/files/zip/2026-code-tables-tabular-and-index.zip,other systemic involvement of connective tissue. WHO: Other systemic involvement of connective tissue (header); CM: Other systemic involvement of connective tissue (header)
SLE,M32,M06.9,WHO+CM,related,https://icd.who.int/browse10/2019/en#/M06.9 https://www.cms.gov/files/zip/2026-code-tables-tabular-and-index.zip,"rheumatoid arthritis, unspecified. WHO: Rheumatoid arthritis, unspecified; CM: Rheumatoid arthritis, unspecified"
SLE,M32,M06,WHO+CM,related,https://icd.who.int/browse10/2019/en#/M06 https://www.cms.gov/files/zip/2026-code-tables-tabular-and-index.zip,other rheumatoid arthritis. WHO: Other rheumatoid arthritis (header); CM: Other rheumatoid arthritis (header)
SLE,M32,M05,WHO+CM,related,https://icd.who.int/browse10/2019/en#/M05 https://www.cms.gov/files/zip/2026-code-tables-tabular-and-index.zip,rheumatoid arthritis with rheumatoid factor. WHO: Seropositive rheumatoid arthritis (header); CM: Rheumatoid arthritis with rheumatoid factor (header)
SLE,M32,M31.6,WHO+CM,related,https://icd.who.int/browse10/2019/en#/M31.6 https://www.cms.gov/files/zip/2026-code-tables-tabular-and-index.zip,giant cell arteritis. WHO: Other giant cell arteritis; CM: Other giant cell arteritis
SLE,M32,M31,WHO+CM,related,https://icd.who.int/browse10/2019/en#/M31 https://www.cms.gov/files/zip/2026-code-tables-tabular-and-index.zip,other necrotizing vasculopathies. WHO: Other necrotizing vasculopathies (header); CM: Other necrotizing vasculopathies (header)
SLE,M32,M33,WHO+CM,related,https://icd.who.int/browse10/2019/en#/M33 https://www.cms.gov/files/zip/2026-code-tables-tabular-and-index.zip,dermatopolymyositis. WHO: Dermatopolymyositis (header); CM: Dermatopolymyositis (header)
SLE,M32,M34,WHO+CM,related,https://icd.who.int/browse10/2019/en#/M34 https://www.cms.gov/files/zip/2026-code-tables-tabular-and-index.zip,systemic sclerosis. WHO: Systemic sclerosis (header); CM: Systemic sclerosis [scleroderma] (header)
SLE,M32,D68.61,CM,related,https://www.cms.gov/files/zip/2026-code-tables-tabular-and-index.zip,antiphospholipid syndrome. CM: Antiphospholipid syndrome
SLE,M32,N05,WHO+CM,related,https://icd.who.int/browse10/2019/en#/N05 https://www.cms.gov/files/zip/2026-code-tables-tabular-and-index.zip,unspecified nephritic syndrome. WHO: Unspecified nephritic syndrome (header); CM: Unspecified nephritic syndrome (header)
SLE,M32,L53,WHO+CM,related,https://icd.who.int/browse10/2019/en#/L53 https://www.cms.gov/files/zip/2026-code-tables-tabular-and-index.zip,other erythematous conditions. WHO: Other erythematous conditions (header); CM: Other erythematous conditions (header)
SLE,M32,R76.0,WHO+CM,related,https://icd.who.int/browse10/2019/en#/R76.0 https://www.cms.gov/files/zip/2026-code-tables-tabular-and-index.zip,raised antibody titre. WHO: Raised antibody titre; CM: Raised antibody titer
SLE,M32,I30.9,WHO+CM,related,https://icd.who.int/browse10/2019/en#/I30.9 https://www.cms.gov/files/zip/2026-code-tables-tabular-and-index.zip,"acute pericarditis (own DDXPlus condition). WHO: Acute pericarditis, unspecified; CM: Acute pericarditis, unspecified"
SLE,M32,I31.9,WHO+CM,related,https://icd.who.int/browse10/2019/en#/I31.9 https://www.cms.gov/files/zip/2026-code-tables-tabular-and-index.zip,"disease of pericardium, unspecified. WHO: Disease of pericardium, unspecified; CM: Disease of pericardium, unspecified"
SLE,M32,M25.5,WHO+CM,related,https://icd.who.int/browse10/2019/en#/M25.5 https://www.cms.gov/files/zip/2026-code-tables-tabular-and-index.zip,pain in joint. WHO: Pain in joint; CM: Pain in joint (header)
SLE,M32,M79.7,WHO+CM,related,https://icd.who.int/browse10/2019/en#/M79.7 https://www.cms.gov/files/zip/2026-code-tables-tabular-and-index.zip,fibromyalgia. WHO: Fibromyalgia; CM: Fibromyalgia
SLE,M32,L57.8,WHO+CM,related,https://icd.who.int/browse10/2019/en#/L57.8 https://www.cms.gov/files/zip/2026-code-tables-tabular-and-index.zip,other skin changes due to chronic exposure to nonionizing radiation. WHO: Other skin changes due to chronic exposure to nonionizing radiation; CM: Oth skin changes due to chr expsr to nonionizing radiation
SLE,M32,L56,WHO+CM,related,https://icd.who.int/browse10/2019/en#/L56 https://www.cms.gov/files/zip/2026-code-tables-tabular-and-index.zip,other acute skin changes due to ultraviolet radiation. WHO: Other acute skin changes due to ultraviolet radiation (header); CM: Other acute skin changes due to ultraviolet radiation (header)
SLE,M32,D69.3,WHO+CM,related,https://icd.who.int/browse10/2019/en#/D69.3 https://www.cms.gov/files/zip/2026-code-tables-tabular-and-index.zip,immune thrombocytopenic purpura. WHO: Idiopathic thrombocytopenic purpura; CM: Immune thrombocytopenic purpura
SLE,M32,R50.9,WHO+CM,related,https://icd.who.int/browse10/2019/en#/R50.9 https://www.cms.gov/files/zip/2026-code-tables-tabular-and-index.zip,"fever, unspecified. WHO: Fever, unspecified; CM: Fever, unspecified"
Tuberculosis,a15,A15,WHO+CM,equivalent,https://icd.who.int/browse10/2019/en#/A15 https://www.cms.gov/files/zip/2026-code-tables-tabular-and-index.zip,"DDXPlus code; respiratory tuberculosis (WHO: bacteriologically and histologically confirmed). WHO: Respiratory tuberculosis, bacteriologically and histologically confirmed (header); CM: Respiratory tuberculosis (header)"
Tuberculosis,a15,A15.0,WHO+CM,narrower,https://icd.who.int/browse10/2019/en#/A15.0 https://www.cms.gov/files/zip/2026-code-tables-tabular-and-index.zip,"tuberculosis of lung. WHO: Tuberculosis of lung, confirmed by sputum microscopy with or without culture; CM: Tuberculosis of lung"
Tuberculosis,a15,A15.1,WHO,narrower,https://icd.who.int/browse10/2019/en#/A15.1,"tuberculosis of lung, confirmed by culture only (WHO). WHO: Tuberculosis of lung, confirmed by culture only"
Tuberculosis,a15,A15.2,WHO,narrower,https://icd.who.int/browse10/2019/en#/A15.2,"tuberculosis of lung, confirmed histologically (WHO). WHO: Tuberculosis of lung, confirmed histologically"
Tuberculosis,a15,A15.3,WHO,narrower,https://icd.who.int/browse10/2019/en#/A15.3,"tuberculosis of lung, confirmed by unspecified means (WHO). WHO: Tuberculosis of lung, confirmed by unspecified means"
Tuberculosis,a15,A15.4,WHO+CM,narrower,https://icd.who.int/browse10/2019/en#/A15.4 https://www.cms.gov/files/zip/2026-code-tables-tabular-and-index.zip,"tuberculosis of intrathoracic lymph nodes. WHO: Tuberculosis of intrathoracic lymph nodes, confirmed bacteriologically and histologically; CM: Tuberculosis of intrathoracic lymph nodes"
Tuberculosis,a15,A15.5,WHO+CM,narrower,https://icd.who.int/browse10/2019/en#/A15.5 https://www.cms.gov/files/zip/2026-code-tables-tabular-and-index.zip,"tuberculosis of larynx, trachea and bronchus. WHO: Tuberculosis of larynx, trachea and bronchus, confirmed bacteriologically and histologically; CM: Tuberculosis of larynx, trachea and bronchus"
Tuberculosis,a15,A15.6,WHO+CM,narrower,https://icd.who.int/browse10/2019/en#/A15.6 https://www.cms.gov/files/zip/2026-code-tables-tabular-and-index.zip,"tuberculous pleurisy. WHO: Tuberculous pleurisy, confirmed bacteriologically and histologically; CM: Tuberculous pleurisy"
Tuberculosis,a15,A15.7,WHO+CM,narrower,https://icd.who.int/browse10/2019/en#/A15.7 https://www.cms.gov/files/zip/2026-code-tables-tabular-and-index.zip,"primary respiratory tuberculosis. WHO: Primary respiratory tuberculosis, confirmed bacteriologically and histologically; CM: Primary respiratory tuberculosis"
Tuberculosis,a15,A15.8,WHO+CM,narrower,https://icd.who.int/browse10/2019/en#/A15.8 https://www.cms.gov/files/zip/2026-code-tables-tabular-and-index.zip,"other respiratory tuberculosis. WHO: Other respiratory tuberculosis, confirmed bacteriologically and histologically; CM: Other respiratory tuberculosis"
Tuberculosis,a15,A15.9,WHO+CM,narrower,https://icd.who.int/browse10/2019/en#/A15.9 https://www.cms.gov/files/zip/2026-code-tables-tabular-and-index.zip,"respiratory tuberculosis unspecified. WHO: Respiratory tuberculosis unspecified, confirmed bacteriologically and histologically; CM: Respiratory tuberculosis unspecified"
Tuberculosis,a15,A16,WHO,equivalent,https://icd.who.int/browse10/2019/en#/A16,"WHO respiratory tuberculosis, not confirmed bacteriologically or histologically (same disease; WHO splits by confirmation status). WHO: Respiratory tuberculosis, not confirmed bacteriologically or histologically (header)"
Tuberculosis,a15,A19,WHO+CM,narrower,https://icd.who.int/browse10/2019/en#/A19 https://www.cms.gov/files/zip/2026-code-tables-tabular-and-index.zip,"miliary tuberculosis (disseminated, involves the lungs). WHO: Miliary tuberculosis (header); CM: Miliary tuberculosis (header)"
Tuberculosis,a15,A17,WHO+CM,related,https://icd.who.int/browse10/2019/en#/A17 https://www.cms.gov/files/zip/2026-code-tables-tabular-and-index.zip,tuberculosis of nervous system (non-respiratory site; DDXPlus code is respiratory). WHO: Tuberculosis of nervous system (header); CM: Tuberculosis of nervous system (header)
Tuberculosis,a15,A18,WHO+CM,related,https://icd.who.int/browse10/2019/en#/A18 https://www.cms.gov/files/zip/2026-code-tables-tabular-and-index.zip,tuberculosis of other organs. WHO: Tuberculosis of other organs (header); CM: Tuberculosis of other organs (header)
Tuberculosis,a15,B90,WHO+CM,related,https://icd.who.int/browse10/2019/en#/B90 https://www.cms.gov/files/zip/2026-code-tables-tabular-and-index.zip,sequelae of tuberculosis. WHO: Sequelae of tuberculosis (header); CM: Sequelae of tuberculosis (header)
Tuberculosis,a15,Z22.7,WHO+CM,related,https://icd.who.int/browse10/2019/en#/Z22.7 https://www.cms.gov/files/zip/2026-code-tables-tabular-and-index.zip,latent tuberculosis. WHO: Latent tuberculosis; CM: Latent tuberculosis
Tuberculosis,a15,R76.1,WHO+CM,related,https://icd.who.int/browse10/2019/en#/R76.1 https://www.cms.gov/files/zip/2026-code-tables-tabular-and-index.zip,nonspecific reaction to test for tuberculosis. WHO: Abnormal reaction to tuberculin test; CM: Nonspecific reaction to test for tuberculosis (header)
Tuberculosis,a15,A31,WHO+CM,related,https://icd.who.int/browse10/2019/en#/A31 https://www.cms.gov/files/zip/2026-code-tables-tabular-and-index.zip,infection due to other mycobacteria. WHO: Infection due to other mycobacteria (header); CM: Infection due to other mycobacteria (header)
Tuberculosis,a15,J85,WHO+CM,related,https://icd.who.int/browse10/2019/en#/J85 https://www.cms.gov/files/zip/2026-code-tables-tabular-and-index.zip,abscess of lung and mediastinum. WHO: Abscess of lung and mediastinum (header); CM: Abscess of lung and mediastinum (header)
Tuberculosis,a15,J18,WHO+CM,related,https://icd.who.int/browse10/2019/en#/J18 https://www.cms.gov/files/zip/2026-code-tables-tabular-and-index.zip,"pneumonia (own DDXPlus condition). WHO: Pneumonia, organism unspecified (header); CM: Pneumonia, unspecified organism (header)"
Tuberculosis,a15,C34,WHO+CM,related,https://icd.who.int/browse10/2019/en#/C34 https://www.cms.gov/files/zip/2026-code-tables-tabular-and-index.zip,lung cancer (own DDXPlus condition). WHO: Malignant neoplasm of bronchus and lung (header); CM: Malignant neoplasm of bronchus and lung (header)
Tuberculosis,a15,J84,WHO+CM,related,https://icd.who.int/browse10/2019/en#/J84 https://www.cms.gov/files/zip/2026-code-tables-tabular-and-index.zip,interstitial lung disease. WHO: Other interstitial pulmonary diseases (header); CM: Other interstitial pulmonary diseases (header)
Tuberculosis,a15,R04.2,WHO+CM,related,https://icd.who.int/browse10/2019/en#/R04.2 https://www.cms.gov/files/zip/2026-code-tables-tabular-and-index.zip,haemoptysis. WHO: Haemoptysis; CM: Hemoptysis
Tuberculosis,a15,J90,WHO+CM,related,https://icd.who.int/browse10/2019/en#/J90 https://www.cms.gov/files/zip/2026-code-tables-tabular-and-index.zip,"pleural effusion. WHO: Pleural effusion, not elsewhere classified; CM: Pleural effusion, not elsewhere classified"
Tuberculosis,a15,I33,WHO+CM,related,https://icd.who.int/browse10/2019/en#/I33 https://www.cms.gov/files/zip/2026-code-tables-tabular-and-index.zip,acute and subacute endocarditis. WHO: Acute and subacute endocarditis (header); CM: Acute and subacute endocarditis (header)
Tuberculosis,a15,A41,WHO+CM,related,https://icd.who.int/browse10/2019/en#/A41 https://www.cms.gov/files/zip/2026-code-tables-tabular-and-index.zip,other sepsis. WHO: Other sepsis (header); CM: Other sepsis (header)
Tuberculosis,a15,B59,CM,related,https://www.cms.gov/files/zip/2026-code-tables-tabular-and-index.zip,pneumocystosis (owned by Pneumonia). CM: Pneumocystosis
Tuberculosis,a15,U07.1,WHO+CM,related,https://icd.who.int/browse10/2019/en#/U07.1 https://www.cms.gov/files/zip/2026-code-tables-tabular-and-index.zip,"COVID-19. WHO: COVID-19, virus identified; CM: COVID-19"
Tuberculosis,a15,J47,WHO+CM,related,https://icd.who.int/browse10/2019/en#/J47 https://www.cms.gov/files/zip/2026-code-tables-tabular-and-index.zip,bronchiectasis (own DDXPlus condition). WHO: Bronchiectasis; CM: Bronchiectasis (header)
Tuberculosis,a15,R50.9,WHO+CM,related,https://icd.who.int/browse10/2019/en#/R50.9 https://www.cms.gov/files/zip/2026-code-tables-tabular-and-index.zip,"fever, unspecified. WHO: Fever, unspecified; CM: Fever, unspecified"
Tuberculosis,a15,B38,WHO+CM,related,https://icd.who.int/browse10/2019/en#/B38 https://www.cms.gov/files/zip/2026-code-tables-tabular-and-index.zip,coccidioidomycosis. WHO: Coccidioidomycosis (header); CM: Coccidioidomycosis (header)
Tuberculosis,a15,B39,WHO+CM,related,https://icd.who.int/browse10/2019/en#/B39 https://www.cms.gov/files/zip/2026-code-tables-tabular-and-index.zip,histoplasmosis. WHO: Histoplasmosis (header); CM: Histoplasmosis (header)
Tuberculosis,a15,C81,WHO+CM,related,https://icd.who.int/browse10/2019/en#/C81 https://www.cms.gov/files/zip/2026-code-tables-tabular-and-index.zip,Hodgkin lymphoma. WHO: Hodgkin lymphoma (header); CM: Hodgkin lymphoma (header)
Tuberculosis,a15,C85,WHO+CM,related,https://icd.who.int/browse10/2019/en#/C85 https://www.cms.gov/files/zip/2026-code-tables-tabular-and-index.zip,non-Hodgkin lymphoma. WHO: Other and unspecified types of non-Hodgkin lymphoma (header); CM: Oth and unspecified types of non-Hodgkin lymphoma (header)
Tuberculosis,a15,D86,WHO+CM,related,https://icd.who.int/browse10/2019/en#/D86 https://www.cms.gov/files/zip/2026-code-tables-tabular-and-index.zip,sarcoidosis (own DDXPlus condition). WHO: Sarcoidosis (header); CM: Sarcoidosis (header)
Unstable angina,I20.0,I20.0,WHO+CM,equivalent,https://icd.who.int/browse10/2019/en#/I20.0 https://www.cms.gov/files/zip/2026-code-tables-tabular-and-index.zip,"DDXPlus code; unstable angina (CM index ""Angina, unstable I20.0""). WHO: Unstable angina; CM: Unstable angina"
Unstable angina,I20.0,I25.110,CM,narrower,https://www.cms.gov/files/zip/2026-code-tables-tabular-and-index.zip,atherosclerotic heart disease of native coronary artery with unstable angina (CM). CM: Athscl heart disease of native cor art w unstable ang pctrs
Unstable angina,I20.0,I25.700,CM,narrower,https://www.cms.gov/files/zip/2026-code-tables-tabular-and-index.zip,"atherosclerosis of coronary artery bypass graft, unspecified, with unstable angina. CM: Atherosclerosis of CABG, unsp, w unstable angina pectoris"
Unstable angina,I20.0,I25.710,CM,narrower,https://www.cms.gov/files/zip/2026-code-tables-tabular-and-index.zip,atherosclerosis of autologous vein bypass graft with unstable angina. CM: Athscl autologous vein CABG w unstable angina pectoris
Unstable angina,I20.0,I25.720,CM,narrower,https://www.cms.gov/files/zip/2026-code-tables-tabular-and-index.zip,atherosclerosis of autologous artery bypass graft with unstable angina. CM: Athscl autologous artery CABG w unstable angina pectoris
Unstable angina,I20.0,I25.730,CM,narrower,https://www.cms.gov/files/zip/2026-code-tables-tabular-and-index.zip,atherosclerosis of nonautologous biological bypass graft with unstable angina. CM: Athscl nonautologous biological CABG w unstable ang pctrs
Unstable angina,I20.0,I25.750,CM,narrower,https://www.cms.gov/files/zip/2026-code-tables-tabular-and-index.zip,atherosclerosis of native coronary artery of transplanted heart with unstable angina. CM: Athscl native cor art of txplt heart w unstable angina
Unstable angina,I20.0,I25.760,CM,narrower,https://www.cms.gov/files/zip/2026-code-tables-tabular-and-index.zip,atherosclerosis of bypass graft of transplanted heart with unstable angina. CM: Athscl bypass of cor art of txplt heart w unstable angina
Unstable angina,I20.0,I25.790,CM,narrower,https://www.cms.gov/files/zip/2026-code-tables-tabular-and-index.zip,atherosclerosis of other bypass graft with unstable angina. CM: Atherosclerosis of CABG w unstable angina pectoris
Unstable angina,I20.0,I20,WHO+CM,broader,https://icd.who.int/browse10/2019/en#/I20 https://www.cms.gov/files/zip/2026-code-tables-tabular-and-index.zip,angina pectoris. WHO: Angina pectoris (header); CM: Angina pectoris (header)
Unstable angina,I20.0,I20.9,WHO+CM,broader,https://icd.who.int/browse10/2019/en#/I20.9 https://www.cms.gov/files/zip/2026-code-tables-tabular-and-index.zip,"angina pectoris, unspecified (owned by Stable angina). WHO: Angina pectoris, unspecified; CM: Angina pectoris, unspecified"
Unstable angina,I20.0,I24.9,WHO+CM,broader,https://icd.who.int/browse10/2019/en#/I24.9 https://www.cms.gov/files/zip/2026-code-tables-tabular-and-index.zip,"acute ischaemic heart disease, unspecified; CM index ""Syndrome, coronary, acute NEC I24.9"" (acute coronary syndrome covers unstable angina and MI). WHO: Acute ischaemic heart disease, unspecified; CM: Acute ischemic heart disease, unspecified"
Unstable angina,I20.0,I24,WHO+CM,broader,https://icd.who.int/browse10/2019/en#/I24 https://www.cms.gov/files/zip/2026-code-tables-tabular-and-index.zip,other acute ischaemic heart diseases. WHO: Other acute ischaemic heart diseases (header); CM: Other acute ischemic heart diseases (header)
Unstable angina,I20.0,I25.119,CM,broader,https://www.cms.gov/files/zip/2026-code-tables-tabular-and-index.zip,atherosclerotic heart disease with unspecified angina (owned by Stable angina). CM: Athscl heart disease of native cor art w unsp ang pctrs
Unstable angina,I20.0,I25.1,WHO+CM,broader,https://icd.who.int/browse10/2019/en#/I25.1 https://www.cms.gov/files/zip/2026-code-tables-tabular-and-index.zip,atherosclerotic heart disease of native coronary artery (contains the with-angina codes). WHO: Atherosclerotic heart disease; CM: Atherosclerotic heart disease of native coronary artery (header)
Unstable angina,I20.0,I25.11,CM,broader,https://www.cms.gov/files/zip/2026-code-tables-tabular-and-index.zip,atherosclerotic heart disease of native coronary artery with angina pectoris (CM header). CM: Athscl heart disease of native coronary artery w ang pctrs (header)
Unstable angina,I20.0,I25,WHO+CM,broader,https://icd.who.int/browse10/2019/en#/I25 https://www.cms.gov/files/zip/2026-code-tables-tabular-and-index.zip,chronic ischaemic heart disease (contains the CAD-with-angina codes). WHO: Chronic ischaemic heart disease (header); CM: Chronic ischemic heart disease (header)
Unstable angina,I20.0,I24.8,WHO+CM,broader,https://icd.who.int/browse10/2019/en#/I24.8 https://www.cms.gov/files/zip/2026-code-tables-tabular-and-index.zip,"other forms of acute ischaemic heart disease. WHO: Other forms of acute ischaemic heart disease; CM: Other forms of acute ischemic heart disease (header); relation raised from related: family row (docs/v0.3-validity-review.md section 1.1), clinical-family prefix I24"
Unstable angina,I20.0,I24.0,WHO+CM,broader,https://icd.who.int/browse10/2019/en#/I24.0 https://www.cms.gov/files/zip/2026-code-tables-tabular-and-index.zip,"coronary thrombosis not resulting in myocardial infarction. WHO: Coronary thrombosis not resulting in myocardial infarction; CM: Acute coronary thrombosis not resulting in myocardial infrc; relation raised from related: family row (docs/v0.3-validity-review.md section 1.1), clinical-family prefix I24"
Unstable angina,I20.0,I24.1,WHO+CM,broader,https://icd.who.int/browse10/2019/en#/I24.1 https://www.cms.gov/files/zip/2026-code-tables-tabular-and-index.zip,"Dressler's syndrome (owned by Pericarditis). WHO: Dressler syndrome; CM: Dressler's syndrome; relation raised from related: family row (docs/v0.3-validity-review.md section 1.1), clinical-family prefix I24"
Unstable angina,I20.0,I20.1,WHO+CM,broader,https://icd.who.int/browse10/2019/en#/I20.1 https://www.cms.gov/files/zip/2026-code-tables-tabular-and-index.zip,"angina pectoris with documented spasm. WHO: Angina pectoris with documented spasm; CM: Angina pectoris with documented spasm; relation raised from related: family row (docs/v0.3-validity-review.md section 1.1), clinical-family prefix I20"
Unstable angina,I20.0,I20.2,CM,broader,https://www.cms.gov/files/zip/2026-code-tables-tabular-and-index.zip,"refractory angina pectoris (CM). CM: Refractory angina pectoris; relation raised from related: family row (docs/v0.3-validity-review.md section 1.1), clinical-family prefix I20"
Unstable angina,I20.0,I20.8,WHO+CM,broader,https://icd.who.int/browse10/2019/en#/I20.8 https://www.cms.gov/files/zip/2026-code-tables-tabular-and-index.zip,"other forms of angina pectoris (owned by Stable angina). WHO: Other forms of angina pectoris; CM: Other forms of angina pectoris (header); relation raised from related: family row (docs/v0.3-validity-review.md section 1.1), clinical-family prefix I20"
Unstable angina,I20.0,I20.81,CM,broader,https://www.cms.gov/files/zip/2026-code-tables-tabular-and-index.zip,"angina pectoris with coronary microvascular dysfunction (CM). CM: Angina pectoris with coronary microvascular dysfunction; relation raised from related: family row (docs/v0.3-validity-review.md section 1.1), clinical-family prefix I20"
Unstable angina,I20.0,I20.89,CM,broader,https://www.cms.gov/files/zip/2026-code-tables-tabular-and-index.zip,"other forms of angina pectoris (owned by Stable angina). CM: Other forms of angina pectoris; relation raised from related: family row (docs/v0.3-validity-review.md section 1.1), clinical-family prefix I20"
Unstable angina,I20.0,I21,WHO+CM,broader,https://icd.who.int/browse10/2019/en#/I21 https://www.cms.gov/files/zip/2026-code-tables-tabular-and-index.zip,"acute myocardial infarction (own DDXPlus condition). WHO: Acute myocardial infarction (header); CM: Acute myocardial infarction (header); relation raised from related: family row (docs/v0.3-validity-review.md section 1.1), clinical-family prefix I21"
Unstable angina,I20.0,I22,WHO+CM,broader,https://icd.who.int/browse10/2019/en#/I22 https://www.cms.gov/files/zip/2026-code-tables-tabular-and-index.zip,"subsequent myocardial infarction (owned by NSTEMI/STEMI). WHO: Subsequent myocardial infarction (header); CM: Subsequent STEMI & NSTEMI mocard infrc (header); relation raised from related: family row (docs/v0.3-validity-review.md section 1.1), clinical-family prefix I22"
Unstable angina,I20.0,I25.10,CM,broader,https://www.cms.gov/files/zip/2026-code-tables-tabular-and-index.zip,"atherosclerotic heart disease without angina pectoris. CM: Athscl heart disease of native coronary artery w/o ang pctrs; relation raised from related: family row (docs/v0.3-validity-review.md section 1.1), clinical-family prefix I25"
Unstable angina,I20.0,I25.118,CM,broader,https://www.cms.gov/files/zip/2026-code-tables-tabular-and-index.zip,"atherosclerotic heart disease with other forms of angina (owned by Stable angina). CM: Athscl heart disease of native cor art w oth ang pctrs; relation raised from related: family row (docs/v0.3-validity-review.md section 1.1), clinical-family prefix I25"
Unstable angina,I20.0,I25.2,WHO+CM,broader,https://icd.who.int/browse10/2019/en#/I25.2 https://www.cms.gov/files/zip/2026-code-tables-tabular-and-index.zip,"old myocardial infarction. WHO: Old myocardial infarction; CM: Old myocardial infarction; relation raised from related: family row (docs/v0.3-validity-review.md section 1.1), clinical-family prefix I25"
Unstable angina,I20.0,R07.9,CM,related,https://www.cms.gov/files/zip/2026-code-tables-tabular-and-index.zip,"chest pain, unspecified. CM: Chest pain, unspecified"
Unstable angina,I20.0,R07.89,CM,related,https://www.cms.gov/files/zip/2026-code-tables-tabular-and-index.zip,other chest pain. CM: Other chest pain
Unstable angina,I20.0,R07.2,WHO+CM,related,https://icd.who.int/browse10/2019/en#/R07.2 https://www.cms.gov/files/zip/2026-code-tables-tabular-and-index.zip,precordial pain. WHO: Precordial pain; CM: Precordial pain
Unstable angina,I20.0,I50,WHO+CM,related,https://icd.who.int/browse10/2019/en#/I50 https://www.cms.gov/files/zip/2026-code-tables-tabular-and-index.zip,heart failure. WHO: Heart failure (header); CM: Heart failure (header)
Unstable angina,I20.0,I30,WHO+CM,related,https://icd.who.int/browse10/2019/en#/I30 https://www.cms.gov/files/zip/2026-code-tables-tabular-and-index.zip,acute pericarditis (own DDXPlus condition). WHO: Acute pericarditis (header); CM: Acute pericarditis (header)
Unstable angina,I20.0,K21.9,WHO+CM,related,https://icd.who.int/browse10/2019/en#/K21.9 https://www.cms.gov/files/zip/2026-code-tables-tabular-and-index.zip,GERD (own DDXPlus condition). WHO: Gastro-oesophageal reflux disease without oesophagitis; CM: Gastro-esophageal reflux disease without esophagitis
Unstable angina,I20.0,I26,WHO+CM,related,https://icd.who.int/browse10/2019/en#/I26 https://www.cms.gov/files/zip/2026-code-tables-tabular-and-index.zip,pulmonary embolism (own DDXPlus condition). WHO: Pulmonary embolism (header); CM: Pulmonary embolism (header)
Unstable angina,I20.0,I71,WHO+CM,related,https://icd.who.int/browse10/2019/en#/I71 https://www.cms.gov/files/zip/2026-code-tables-tabular-and-index.zip,aortic aneurysm and dissection. WHO: Aortic aneurysm and dissection (header); CM: Aortic aneurysm and dissection (header)
Unstable angina,I20.0,I47.1,WHO+CM,related,https://icd.who.int/browse10/2019/en#/I47.1 https://www.cms.gov/files/zip/2026-code-tables-tabular-and-index.zip,supraventricular tachycardia (own DDXPlus condition). WHO: Supraventricular tachycardia; CM: Supraventricular tachycardia (header)
Unstable angina,I20.0,R94.31,CM,related,https://www.cms.gov/files/zip/2026-code-tables-tabular-and-index.zip,abnormal electrocardiogram. CM: Abnormal electrocardiogram [ECG] [EKG]
Stable angina,I20.9,I20.9,WHO+CM,equivalent,https://icd.who.int/browse10/2019/en#/I20.9 https://www.cms.gov/files/zip/2026-code-tables-tabular-and-index.zip,"DDXPlus code; angina pectoris, unspecified (CM inclusion: angina NOS, ischaemic chest pain). WHO: Angina pectoris, unspecified; CM: Angina pectoris, unspecified"
Stable angina,I20.9,I20.89,CM,equivalent,https://www.cms.gov/files/zip/2026-code-tables-tabular-and-index.zip,"other forms of angina pectoris (CM inclusion terms ""Stable angina"", ""Angina of effort"", ""Stenocardia""; CM index ""Angina, stable I20.89""). CM: Other forms of angina pectoris"
Stable angina,I20.9,I20.8,WHO+CM,equivalent,https://icd.who.int/browse10/2019/en#/I20.8 https://www.cms.gov/files/zip/2026-code-tables-tabular-and-index.zip,"WHO leaf ""Other forms of angina pectoris"" (angina of effort, stenocardia); CM header for I20.81-I20.89. WHO: Other forms of angina pectoris; CM: Other forms of angina pectoris (header)"
Stable angina,I20.9,I25.119,CM,narrower,https://www.cms.gov/files/zip/2026-code-tables-tabular-and-index.zip,atherosclerotic heart disease of native coronary artery with unspecified angina pectoris (CM). CM: Athscl heart disease of native cor art w unsp ang pctrs
Stable angina,I20.9,I25.118,CM,narrower,https://www.cms.gov/files/zip/2026-code-tables-tabular-and-index.zip,atherosclerotic heart disease of native coronary artery with other forms of angina pectoris (CM). CM: Athscl heart disease of native cor art w oth ang pctrs
Stable angina,I20.9,I25.708,CM,narrower,https://www.cms.gov/files/zip/2026-code-tables-tabular-and-index.zip,"atherosclerosis of coronary artery bypass graft, unspecified, with other forms of angina. CM: Atherosclerosis of CABG, unsp, w oth angina pectoris"
Stable angina,I20.9,I25.709,CM,narrower,https://www.cms.gov/files/zip/2026-code-tables-tabular-and-index.zip,"atherosclerosis of coronary artery bypass graft, unspecified, with unspecified angina. CM: Atherosclerosis of CABG, unsp, w unsp angina pectoris"
Stable angina,I20.9,I25.718,CM,narrower,https://www.cms.gov/files/zip/2026-code-tables-tabular-and-index.zip,atherosclerosis of autologous vein bypass graft with other forms of angina. CM: Athscl autologous vein CABG w oth angina pectoris
Stable angina,I20.9,I25.719,CM,narrower,https://www.cms.gov/files/zip/2026-code-tables-tabular-and-index.zip,atherosclerosis of autologous vein bypass graft with unspecified angina. CM: Athscl autologous vein CABG w unsp angina pectoris
Stable angina,I20.9,I25.728,CM,narrower,https://www.cms.gov/files/zip/2026-code-tables-tabular-and-index.zip,atherosclerosis of autologous artery bypass graft with other forms of angina. CM: Athscl autologous artery CABG w oth angina pectoris
Stable angina,I20.9,I25.729,CM,narrower,https://www.cms.gov/files/zip/2026-code-tables-tabular-and-index.zip,atherosclerosis of autologous artery bypass graft with unspecified angina. CM: Athscl autologous artery CABG w unsp angina pectoris
Stable angina,I20.9,I25.738,CM,narrower,https://www.cms.gov/files/zip/2026-code-tables-tabular-and-index.zip,atherosclerosis of nonautologous biological bypass graft with other forms of angina. CM: Athscl nonautologous biological CABG w oth angina pectoris
Stable angina,I20.9,I25.739,CM,narrower,https://www.cms.gov/files/zip/2026-code-tables-tabular-and-index.zip,atherosclerosis of nonautologous biological bypass graft with unspecified angina. CM: Athscl nonautologous biological CABG w unsp angina pectoris
Stable angina,I20.9,I25.758,CM,narrower,https://www.cms.gov/files/zip/2026-code-tables-tabular-and-index.zip,atherosclerosis of native coronary artery of transplanted heart with other forms of angina. CM: Athscl native cor art of transplanted heart w oth ang pctrs
Stable angina,I20.9,I25.759,CM,narrower,https://www.cms.gov/files/zip/2026-code-tables-tabular-and-index.zip,atherosclerosis of native coronary artery of transplanted heart with unspecified angina. CM: Athscl native cor art of transplanted heart w unsp ang pctrs
Stable angina,I20.9,I25.768,CM,narrower,https://www.cms.gov/files/zip/2026-code-tables-tabular-and-index.zip,atherosclerosis of bypass graft of transplanted heart with other forms of angina. CM: Athscl bypass of cor art of txplt heart w oth ang pctrs
Stable angina,I20.9,I25.769,CM,narrower,https://www.cms.gov/files/zip/2026-code-tables-tabular-and-index.zip,atherosclerosis of bypass graft of transplanted heart with unspecified angina. CM: Athscl bypass of cor art of txplt heart w unsp ang pctrs
Stable angina,I20.9,I25.798,CM,narrower,https://www.cms.gov/files/zip/2026-code-tables-tabular-and-index.zip,atherosclerosis of other bypass graft with other forms of angina. CM: Atherosclerosis of CABG w oth angina pectoris
Stable angina,I20.9,I25.799,CM,narrower,https://www.cms.gov/files/zip/2026-code-tables-tabular-and-index.zip,atherosclerosis of other bypass graft with unspecified angina. CM: Atherosclerosis of CABG w unsp angina pectoris
Stable angina,I20.9,I20,WHO+CM,broader,https://icd.who.int/browse10/2019/en#/I20 https://www.cms.gov/files/zip/2026-code-tables-tabular-and-index.zip,angina pectoris. WHO: Angina pectoris (header); CM: Angina pectoris (header)
Stable angina,I20.9,I25.11,CM,broader,https://www.cms.gov/files/zip/2026-code-tables-tabular-and-index.zip,atherosclerotic heart disease with angina pectoris (CM header; includes unstable). CM: Athscl heart disease of native coronary artery w ang pctrs (header)
Stable angina,I20.9,I25.1,WHO+CM,broader,https://icd.who.int/browse10/2019/en#/I25.1 https://www.cms.gov/files/zip/2026-code-tables-tabular-and-index.zip,atherosclerotic heart disease of native coronary artery. WHO: Atherosclerotic heart disease; CM: Atherosclerotic heart disease of native coronary artery (header)
Stable angina,I20.9,I25.9,WHO+CM,broader,https://icd.who.int/browse10/2019/en#/I25.9 https://www.cms.gov/files/zip/2026-code-tables-tabular-and-index.zip,"chronic ischaemic heart disease, unspecified. WHO: Chronic ischaemic heart disease, unspecified; CM: Chronic ischemic heart disease, unspecified"
Stable angina,I20.9,I25,WHO+CM,broader,https://icd.who.int/browse10/2019/en#/I25 https://www.cms.gov/files/zip/2026-code-tables-tabular-and-index.zip,chronic ischaemic heart disease. WHO: Chronic ischaemic heart disease (header); CM: Chronic ischemic heart disease (header)
Stable angina,I20.9,I20.0,WHO+CM,broader,https://icd.who.int/browse10/2019/en#/I20.0 https://www.cms.gov/files/zip/2026-code-tables-tabular-and-index.zip,"unstable angina (own DDXPlus condition). WHO: Unstable angina; CM: Unstable angina; relation raised from related: family row (docs/v0.3-validity-review.md section 1.1), clinical-family prefix I20"
Stable angina,I20.9,I20.1,WHO+CM,broader,https://icd.who.int/browse10/2019/en#/I20.1 https://www.cms.gov/files/zip/2026-code-tables-tabular-and-index.zip,"angina pectoris with documented spasm (Prinzmetal). WHO: Angina pectoris with documented spasm; CM: Angina pectoris with documented spasm; relation raised from related: family row (docs/v0.3-validity-review.md section 1.1), clinical-family prefix I20"
Stable angina,I20.9,I20.2,CM,broader,https://www.cms.gov/files/zip/2026-code-tables-tabular-and-index.zip,"refractory angina pectoris (CM; chronic refractory angina, kept separate because ICD keeps it separate). CM: Refractory angina pectoris; relation raised from related: family row (docs/v0.3-validity-review.md section 1.1), clinical-family prefix I20"
Stable angina,I20.9,I20.81,CM,broader,https://www.cms.gov/files/zip/2026-code-tables-tabular-and-index.zip,"angina pectoris with coronary microvascular dysfunction (CM). CM: Angina pectoris with coronary microvascular dysfunction; relation raised from related: family row (docs/v0.3-validity-review.md section 1.1), clinical-family prefix I20"
Stable angina,I20.9,I24.9,WHO+CM,broader,https://icd.who.int/browse10/2019/en#/I24.9 https://www.cms.gov/files/zip/2026-code-tables-tabular-and-index.zip,"acute ischaemic heart disease, unspecified (acute coronary syndrome; stable angina is not an ACS). WHO: Acute ischaemic heart disease, unspecified; CM: Acute ischemic heart disease, unspecified; relation raised from related: family row (docs/v0.3-validity-review.md section 1.1), clinical-family prefix I24"
Stable angina,I20.9,I24,WHO+CM,broader,https://icd.who.int/browse10/2019/en#/I24 https://www.cms.gov/files/zip/2026-code-tables-tabular-and-index.zip,"other acute ischaemic heart diseases. WHO: Other acute ischaemic heart diseases (header); CM: Other acute ischemic heart diseases (header); relation raised from related: family row (docs/v0.3-validity-review.md section 1.1), clinical-family prefix I24"
Stable angina,I20.9,I25.10,CM,broader,https://www.cms.gov/files/zip/2026-code-tables-tabular-and-index.zip,"atherosclerotic heart disease without angina pectoris. CM: Athscl heart disease of native coronary artery w/o ang pctrs; relation raised from related: family row (docs/v0.3-validity-review.md section 1.1), clinical-family prefix I25"
Stable angina,I20.9,I25.110,CM,broader,https://www.cms.gov/files/zip/2026-code-tables-tabular-and-index.zip,"atherosclerotic heart disease with unstable angina (owned by Unstable angina). CM: Athscl heart disease of native cor art w unstable ang pctrs; relation raised from related: family row (docs/v0.3-validity-review.md section 1.1), clinical-family prefix I25"
Stable angina,I20.9,I25.5,WHO+CM,broader,https://icd.who.int/browse10/2019/en#/I25.5 https://www.cms.gov/files/zip/2026-code-tables-tabular-and-index.zip,"ischaemic cardiomyopathy. WHO: Ischaemic cardiomyopathy; CM: Ischemic cardiomyopathy; relation raised from related: family row (docs/v0.3-validity-review.md section 1.1), clinical-family prefix I25"
Stable angina,I20.9,I25.2,WHO+CM,broader,https://icd.who.int/browse10/2019/en#/I25.2 https://www.cms.gov/files/zip/2026-code-tables-tabular-and-index.zip,"old myocardial infarction. WHO: Old myocardial infarction; CM: Old myocardial infarction; relation raised from related: family row (docs/v0.3-validity-review.md section 1.1), clinical-family prefix I25"
Stable angina,I20.9,I21,WHO+CM,broader,https://icd.who.int/browse10/2019/en#/I21 https://www.cms.gov/files/zip/2026-code-tables-tabular-and-index.zip,"acute myocardial infarction (own DDXPlus condition). WHO: Acute myocardial infarction (header); CM: Acute myocardial infarction (header); relation raised from related: family row (docs/v0.3-validity-review.md section 1.1), clinical-family prefix I21"
Stable angina,I20.9,R07.9,CM,related,https://www.cms.gov/files/zip/2026-code-tables-tabular-and-index.zip,"chest pain, unspecified. CM: Chest pain, unspecified"
Stable angina,I20.9,R07.89,CM,related,https://www.cms.gov/files/zip/2026-code-tables-tabular-and-index.zip,other chest pain. CM: Other chest pain
Stable angina,I20.9,R07.2,WHO+CM,related,https://icd.who.int/browse10/2019/en#/R07.2 https://www.cms.gov/files/zip/2026-code-tables-tabular-and-index.zip,precordial pain. WHO: Precordial pain; CM: Precordial pain
Stable angina,I20.9,K21.9,WHO+CM,related,https://icd.who.int/browse10/2019/en#/K21.9 https://www.cms.gov/files/zip/2026-code-tables-tabular-and-index.zip,GERD (own DDXPlus condition). WHO: Gastro-oesophageal reflux disease without oesophagitis; CM: Gastro-esophageal reflux disease without esophagitis
Stable angina,I20.9,M54.6,WHO+CM,related,https://icd.who.int/browse10/2019/en#/M54.6 https://www.cms.gov/files/zip/2026-code-tables-tabular-and-index.zip,pain in thoracic spine. WHO: Pain in thoracic spine; CM: Pain in thoracic spine
Stable angina,I20.9,I26,WHO+CM,related,https://icd.who.int/browse10/2019/en#/I26 https://www.cms.gov/files/zip/2026-code-tables-tabular-and-index.zip,pulmonary embolism (own DDXPlus condition). WHO: Pulmonary embolism (header); CM: Pulmonary embolism (header)
Stable angina,I20.9,I30,WHO+CM,related,https://icd.who.int/browse10/2019/en#/I30 https://www.cms.gov/files/zip/2026-code-tables-tabular-and-index.zip,acute pericarditis (own DDXPlus condition). WHO: Acute pericarditis (header); CM: Acute pericarditis (header)
Stable angina,I20.9,I71,WHO+CM,related,https://icd.who.int/browse10/2019/en#/I71 https://www.cms.gov/files/zip/2026-code-tables-tabular-and-index.zip,aortic aneurysm and dissection. WHO: Aortic aneurysm and dissection (header); CM: Aortic aneurysm and dissection (header)
Stable angina,I20.9,R94.31,CM,related,https://www.cms.gov/files/zip/2026-code-tables-tabular-and-index.zip,abnormal electrocardiogram. CM: Abnormal electrocardiogram [ECG] [EKG]
Ebola,a98.4,A98.4,WHO+CM,equivalent,https://icd.who.int/browse10/2019/en#/A98.4 https://www.cms.gov/files/zip/2026-code-tables-tabular-and-index.zip,"DDXPlus code; Ebola virus disease (CM index ""Disease, Ebola A98.4""). WHO: Ebola virus disease; CM: Ebola virus disease"
Ebola,a98.4,A98,WHO+CM,broader,https://icd.who.int/browse10/2019/en#/A98 https://www.cms.gov/files/zip/2026-code-tables-tabular-and-index.zip,"other viral haemorrhagic fevers, not elsewhere classified. WHO: Other viral haemorrhagic fevers, not elsewhere classified (header); CM: Other viral hemorrhagic fevers, not elsewhere classified (header)"
Ebola,a98.4,A99,WHO+CM,broader,https://icd.who.int/browse10/2019/en#/A99 https://www.cms.gov/files/zip/2026-code-tables-tabular-and-index.zip,unspecified viral haemorrhagic fever. WHO: Unspecified viral haemorrhagic fever; CM: Unspecified viral hemorrhagic fever
Ebola,a98.4,A98.3,WHO+CM,related,https://icd.who.int/browse10/2019/en#/A98.3 https://www.cms.gov/files/zip/2026-code-tables-tabular-and-index.zip,Marburg virus disease. WHO: Marburg virus disease; CM: Marburg virus disease
Ebola,a98.4,A96,WHO+CM,related,https://icd.who.int/browse10/2019/en#/A96 https://www.cms.gov/files/zip/2026-code-tables-tabular-and-index.zip,arenaviral haemorrhagic fever (Lassa). WHO: Arenaviral haemorrhagic fever (header); CM: Arenaviral hemorrhagic fever (header)
Ebola,a98.4,A97,WHO,related,https://icd.who.int/browse10/2019/en#/A97,dengue (CM). WHO: Dengue (header)
Ebola,a98.4,A90,CM,related,https://www.cms.gov/files/zip/2026-code-tables-tabular-and-index.zip,dengue fever (WHO). CM: Dengue fever [classical dengue]
Ebola,a98.4,A91,CM,related,https://www.cms.gov/files/zip/2026-code-tables-tabular-and-index.zip,dengue haemorrhagic fever (WHO). CM: Dengue hemorrhagic fever
Ebola,a98.4,A92,WHO+CM,related,https://icd.who.int/browse10/2019/en#/A92 https://www.cms.gov/files/zip/2026-code-tables-tabular-and-index.zip,other mosquito-borne viral fevers. WHO: Other mosquito-borne viral fevers (header); CM: Other mosquito-borne viral fevers (header)
Ebola,a98.4,A95,WHO+CM,related,https://icd.who.int/browse10/2019/en#/A95 https://www.cms.gov/files/zip/2026-code-tables-tabular-and-index.zip,yellow fever. WHO: Yellow fever (header); CM: Yellow fever (header)
Ebola,a98.4,B50,WHO+CM,related,https://icd.who.int/browse10/2019/en#/B50 https://www.cms.gov/files/zip/2026-code-tables-tabular-and-index.zip,Plasmodium falciparum malaria. WHO: Plasmodium falciparum malaria (header); CM: Plasmodium falciparum malaria (header)
Ebola,a98.4,B54,WHO+CM,related,https://icd.who.int/browse10/2019/en#/B54 https://www.cms.gov/files/zip/2026-code-tables-tabular-and-index.zip,unspecified malaria. WHO: Unspecified malaria; CM: Unspecified malaria
Ebola,a98.4,A01,WHO+CM,related,https://icd.who.int/browse10/2019/en#/A01 https://www.cms.gov/files/zip/2026-code-tables-tabular-and-index.zip,typhoid and paratyphoid fevers. WHO: Typhoid and paratyphoid fevers (header); CM: Typhoid and paratyphoid fevers (header)
Ebola,a98.4,A41,WHO+CM,related,https://icd.who.int/browse10/2019/en#/A41 https://www.cms.gov/files/zip/2026-code-tables-tabular-and-index.zip,other sepsis. WHO: Other sepsis (header); CM: Other sepsis (header)
Ebola,a98.4,R50.9,WHO+CM,related,https://icd.who.int/browse10/2019/en#/R50.9 https://www.cms.gov/files/zip/2026-code-tables-tabular-and-index.zip,"fever, unspecified. WHO: Fever, unspecified; CM: Fever, unspecified"
Ebola,a98.4,A98.5,WHO+CM,related,https://icd.who.int/browse10/2019/en#/A98.5 https://www.cms.gov/files/zip/2026-code-tables-tabular-and-index.zip,haemorrhagic fever with renal syndrome. WHO: Haemorrhagic fever with renal syndrome; CM: Hemorrhagic fever with renal syndrome
Ebola,a98.4,A75,WHO+CM,related,https://icd.who.int/browse10/2019/en#/A75 https://www.cms.gov/files/zip/2026-code-tables-tabular-and-index.zip,typhus fever. WHO: Typhus fever (header); CM: Typhus fever (header)
Ebola,a98.4,B34.9,WHO+CM,related,https://icd.who.int/browse10/2019/en#/B34.9 https://www.cms.gov/files/zip/2026-code-tables-tabular-and-index.zip,"viral infection, unspecified. WHO: Viral infection, unspecified; CM: Viral infection, unspecified"
Acute otitis media,H66.90,H66.90,CM,equivalent,https://www.cms.gov/files/zip/2026-code-tables-tabular-and-index.zip,"DDXPlus code; otitis media, unspecified, unspecified ear (CM). CM: Otitis media, unspecified, unspecified ear"
Acute otitis media,H66.90,H66.9,WHO+CM,equivalent,https://icd.who.int/browse10/2019/en#/H66.9 https://www.cms.gov/files/zip/2026-code-tables-tabular-and-index.zip,"otitis media, unspecified (WHO leaf; CM header for H66.90-H66.93). WHO: Otitis media, unspecified; CM: Otitis media, unspecified (header)"
Acute otitis media,H66.90,H66,WHO+CM,broader,https://icd.who.int/browse10/2019/en#/H66 https://www.cms.gov/files/zip/2026-code-tables-tabular-and-index.zip,suppurative and unspecified otitis media (includes chronic forms). WHO: Suppurative and unspecified otitis media (header); CM: Suppurative and unspecified otitis media (header)
Acute otitis media,H66.90,H66.0,WHO+CM,narrower,https://icd.who.int/browse10/2019/en#/H66.0 https://www.cms.gov/files/zip/2026-code-tables-tabular-and-index.zip,"acute suppurative otitis media (CM H66.00x, H66.01x). WHO: Acute suppurative otitis media; CM: Acute suppurative otitis media (header)"
Acute otitis media,H66.90,H66.4,WHO+CM,broader,https://icd.who.int/browse10/2019/en#/H66.4 https://www.cms.gov/files/zip/2026-code-tables-tabular-and-index.zip,"suppurative otitis media, unspecified (acute or chronic). WHO: Suppurative otitis media, unspecified; CM: Suppurative otitis media, unspecified (header)"
Acute otitis media,H66.90,H66.1,WHO+CM,related,https://icd.who.int/browse10/2019/en#/H66.1 https://www.cms.gov/files/zip/2026-code-tables-tabular-and-index.zip,chronic tubotympanic suppurative otitis media. WHO: Chronic tubotympanic suppurative otitis media; CM: Chronic tubotympanic suppurative otitis media (header)
Acute otitis media,H66.90,H66.2,WHO+CM,related,https://icd.who.int/browse10/2019/en#/H66.2 https://www.cms.gov/files/zip/2026-code-tables-tabular-and-index.zip,chronic atticoantral suppurative otitis media. WHO: Chronic atticoantral suppurative otitis media; CM: Chronic atticoantral suppurative otitis media (header)
Acute otitis media,H66.90,H66.3,WHO+CM,related,https://icd.who.int/browse10/2019/en#/H66.3 https://www.cms.gov/files/zip/2026-code-tables-tabular-and-index.zip,other chronic suppurative otitis media. WHO: Other chronic suppurative otitis media; CM: Other chronic suppurative otitis media (header)
Acute otitis media,H66.90,H65,WHO+CM,broader,https://icd.who.int/browse10/2019/en#/H65 https://www.cms.gov/files/zip/2026-code-tables-tabular-and-index.zip,nonsuppurative otitis media. WHO: Nonsuppurative otitis media (header); CM: Nonsuppurative otitis media (header)
Acute otitis media,H66.90,H65.0,WHO+CM,narrower,https://icd.who.int/browse10/2019/en#/H65.0 https://www.cms.gov/files/zip/2026-code-tables-tabular-and-index.zip,acute serous otitis media. WHO: Acute serous otitis media; CM: Acute serous otitis media (header)
Acute otitis media,H66.90,H65.1,WHO+CM,narrower,https://icd.who.int/browse10/2019/en#/H65.1 https://www.cms.gov/files/zip/2026-code-tables-tabular-and-index.zip,other acute nonsuppurative otitis media. WHO: Other acute nonsuppurative otitis media; CM: Other acute nonsuppurative otitis media (header)
Acute otitis media,H66.90,H65.9,WHO+CM,broader,https://icd.who.int/browse10/2019/en#/H65.9 https://www.cms.gov/files/zip/2026-code-tables-tabular-and-index.zip,"unspecified nonsuppurative otitis media. WHO: Nonsuppurative otitis media, unspecified; CM: Unspecified nonsuppurative otitis media (header)"
Acute otitis media,H66.90,H65.2,WHO+CM,related,https://icd.who.int/browse10/2019/en#/H65.2 https://www.cms.gov/files/zip/2026-code-tables-tabular-and-index.zip,chronic serous otitis media. WHO: Chronic serous otitis media; CM: Chronic serous otitis media (header)
Acute otitis media,H66.90,H65.3,WHO+CM,related,https://icd.who.int/browse10/2019/en#/H65.3 https://www.cms.gov/files/zip/2026-code-tables-tabular-and-index.zip,chronic mucoid otitis media. WHO: Chronic mucoid otitis media; CM: Chronic mucoid otitis media (header)
Acute otitis media,H66.90,H65.4,WHO+CM,related,https://icd.who.int/browse10/2019/en#/H65.4 https://www.cms.gov/files/zip/2026-code-tables-tabular-and-index.zip,other chronic nonsuppurative otitis media. WHO: Other chronic nonsuppurative otitis media; CM: Other chronic nonsuppurative otitis media (header)
Acute otitis media,H66.90,H67,WHO+CM,narrower,https://icd.who.int/browse10/2019/en#/H67 https://www.cms.gov/files/zip/2026-code-tables-tabular-and-index.zip,otitis media in diseases classified elsewhere (WHO). WHO: Otitis media in diseases classified elsewhere (header); CM: Otitis media in diseases classified elsewhere (header)
Acute otitis media,H66.90,H92.0,WHO+CM,related,https://icd.who.int/browse10/2019/en#/H92.0 https://www.cms.gov/files/zip/2026-code-tables-tabular-and-index.zip,otalgia (symptom). WHO: Otalgia; CM: Otalgia (header)
Acute otitis media,H66.90,H92.2,WHO+CM,related,https://icd.who.int/browse10/2019/en#/H92.2 https://www.cms.gov/files/zip/2026-code-tables-tabular-and-index.zip,otorrhagia. WHO: Otorrhagia; CM: Otorrhagia (header)
Acute otitis media,H66.90,H92.1,WHO+CM,related,https://icd.who.int/browse10/2019/en#/H92.1 https://www.cms.gov/files/zip/2026-code-tables-tabular-and-index.zip,otorrhoea. WHO: Otorrhoea; CM: Otorrhea (header)
Acute otitis media,H66.90,H60,WHO+CM,related,https://icd.who.int/browse10/2019/en#/H60 https://www.cms.gov/files/zip/2026-code-tables-tabular-and-index.zip,otitis externa. WHO: Otitis externa (header); CM: Otitis externa (header)
Acute otitis media,H66.90,H70,WHO+CM,related,https://icd.who.int/browse10/2019/en#/H70 https://www.cms.gov/files/zip/2026-code-tables-tabular-and-index.zip,mastoiditis. WHO: Mastoiditis and related conditions (header); CM: Mastoiditis and related conditions (header)
Acute otitis media,H66.90,H72,WHO+CM,related,https://icd.who.int/browse10/2019/en#/H72 https://www.cms.gov/files/zip/2026-code-tables-tabular-and-index.zip,perforation of tympanic membrane (complication). WHO: Perforation of tympanic membrane (header); CM: Perforation of tympanic membrane (header)
Acute otitis media,H66.90,H73.0,WHO+CM,related,https://icd.who.int/browse10/2019/en#/H73.0 https://www.cms.gov/files/zip/2026-code-tables-tabular-and-index.zip,acute myringitis. WHO: Acute myringitis; CM: Acute myringitis (header)
Acute otitis media,H66.90,H68,WHO+CM,related,https://icd.who.int/browse10/2019/en#/H68 https://www.cms.gov/files/zip/2026-code-tables-tabular-and-index.zip,eustachian salpingitis and obstruction. WHO: Eustachian salpingitis and obstruction (header); CM: Eustachian salpingitis and obstruction (header)
Acute otitis media,H66.90,H69,WHO+CM,related,https://icd.who.int/browse10/2019/en#/H69 https://www.cms.gov/files/zip/2026-code-tables-tabular-and-index.zip,other disorders of eustachian tube. WHO: Other disorders of Eustachian tube (header); CM: Other and unspecified disorders of Eustachian tube (header)
Acute otitis media,H66.90,H90,WHO+CM,related,https://icd.who.int/browse10/2019/en#/H90 https://www.cms.gov/files/zip/2026-code-tables-tabular-and-index.zip,conductive and sensorineural hearing loss. WHO: Conductive and sensorineural hearing loss (header); CM: Conductive and sensorineural hearing loss (header)
Acute otitis media,H66.90,H93.1,WHO+CM,related,https://icd.who.int/browse10/2019/en#/H93.1 https://www.cms.gov/files/zip/2026-code-tables-tabular-and-index.zip,tinnitus. WHO: Tinnitus; CM: Tinnitus (header)
Acute otitis media,H66.90,H74,WHO+CM,related,https://icd.who.int/browse10/2019/en#/H74 https://www.cms.gov/files/zip/2026-code-tables-tabular-and-index.zip,other disorders of middle ear and mastoid. WHO: Other disorders of middle ear and mastoid (header); CM: Other disorders of middle ear mastoid (header)
Acute otitis media,H66.90,H81,WHO+CM,related,https://icd.who.int/browse10/2019/en#/H81 https://www.cms.gov/files/zip/2026-code-tables-tabular-and-index.zip,disorders of vestibular function. WHO: Disorders of vestibular function (header); CM: Disorders of vestibular function (header)
Acute otitis media,H66.90,H83.0,WHO+CM,related,https://icd.who.int/browse10/2019/en#/H83.0 https://www.cms.gov/files/zip/2026-code-tables-tabular-and-index.zip,labyrinthitis. WHO: Labyrinthitis; CM: Labyrinthitis (header)
Acute otitis media,H66.90,J06.9,WHO+CM,related,https://icd.who.int/browse10/2019/en#/J06.9 https://www.cms.gov/files/zip/2026-code-tables-tabular-and-index.zip,"acute upper respiratory infection (own DDXPlus condition). WHO: Acute upper respiratory infection, unspecified; CM: Acute upper respiratory infection, unspecified"
Acute otitis media,H66.90,J01,WHO+CM,related,https://icd.who.int/browse10/2019/en#/J01 https://www.cms.gov/files/zip/2026-code-tables-tabular-and-index.zip,acute sinusitis (own DDXPlus condition). WHO: Acute sinusitis (header); CM: Acute sinusitis (header)
Acute otitis media,H66.90,T70.0,WHO+CM,related,https://icd.who.int/browse10/2019/en#/T70.0 https://www.cms.gov/files/zip/2026-code-tables-tabular-and-index.zip,otitic barotrauma. WHO: Otitic barotrauma; CM: Otitic barotrauma (header)
Acute otitis media,H66.90,R50.9,WHO+CM,related,https://icd.who.int/browse10/2019/en#/R50.9 https://www.cms.gov/files/zip/2026-code-tables-tabular-and-index.zip,"fever, unspecified. WHO: Fever, unspecified; CM: Fever, unspecified"
Acute otitis media,H66.90,K07.6,WHO,related,https://icd.who.int/browse10/2019/en#/K07.6,temporomandibular joint disorders. WHO: Temporomandibular joint disorders
Acute otitis media,H66.90,M26.6,CM,related,https://www.cms.gov/files/zip/2026-code-tables-tabular-and-index.zip,temporomandibular joint disorders (CM). CM: Temporomandibular joint disorders (header)
Panic attack,f41,F41,WHO+CM,equivalent,https://icd.who.int/browse10/2019/en#/F41 https://www.cms.gov/files/zip/2026-code-tables-tabular-and-index.zip,DDXPlus code; other anxiety disorders (DDXPlus chose the category; F41.0 is the exact code). WHO: Other anxiety disorders (header); CM: Other anxiety disorders (header)
Panic attack,f41,F41.0,WHO+CM,equivalent,https://icd.who.int/browse10/2019/en#/F41.0 https://www.cms.gov/files/zip/2026-code-tables-tabular-and-index.zip,"panic disorder [episodic paroxysmal anxiety]; CM inclusion term ""Panic attack""; CM index ""Attack, panic F41.0"". WHO: Panic disorder [episodic paroxysmal anxiety]; CM: Panic disorder [episodic paroxysmal anxiety]"
Panic attack,f41,F40.01,CM,narrower,https://www.cms.gov/files/zip/2026-code-tables-tabular-and-index.zip,agoraphobia with panic disorder (CM). CM: Agoraphobia with panic disorder
Panic attack,f41,F41.9,WHO+CM,broader,https://icd.who.int/browse10/2019/en#/F41.9 https://www.cms.gov/files/zip/2026-code-tables-tabular-and-index.zip,"anxiety disorder, unspecified. WHO: Anxiety disorder, unspecified; CM: Anxiety disorder, unspecified"
Panic attack,f41,F41.1,WHO+CM,related,https://icd.who.int/browse10/2019/en#/F41.1 https://www.cms.gov/files/zip/2026-code-tables-tabular-and-index.zip,generalized anxiety disorder. WHO: Generalized anxiety disorder; CM: Generalized anxiety disorder
Panic attack,f41,F41.2,WHO,related,https://icd.who.int/browse10/2019/en#/F41.2,mixed anxiety and depressive disorder (WHO). WHO: Mixed anxiety and depressive disorder
Panic attack,f41,F41.3,WHO+CM,related,https://icd.who.int/browse10/2019/en#/F41.3 https://www.cms.gov/files/zip/2026-code-tables-tabular-and-index.zip,other mixed anxiety disorders. WHO: Other mixed anxiety disorders; CM: Other mixed anxiety disorders
Panic attack,f41,F41.8,WHO+CM,related,https://icd.who.int/browse10/2019/en#/F41.8 https://www.cms.gov/files/zip/2026-code-tables-tabular-and-index.zip,other specified anxiety disorders. WHO: Other specified anxiety disorders; CM: Other specified anxiety disorders
Panic attack,f41,F40,WHO+CM,related,https://icd.who.int/browse10/2019/en#/F40 https://www.cms.gov/files/zip/2026-code-tables-tabular-and-index.zip,phobic anxiety disorders. WHO: Phobic anxiety disorders (header); CM: Phobic anxiety disorders (header)
Panic attack,f41,F40.0,WHO+CM,related,https://icd.who.int/browse10/2019/en#/F40.0 https://www.cms.gov/files/zip/2026-code-tables-tabular-and-index.zip,agoraphobia. WHO: Agoraphobia; CM: Agoraphobia (header)
Panic attack,f41,F43.0,WHO+CM,related,https://icd.who.int/browse10/2019/en#/F43.0 https://www.cms.gov/files/zip/2026-code-tables-tabular-and-index.zip,acute stress reaction. WHO: Acute stress reaction; CM: Acute stress reaction
Panic attack,f41,F43,WHO+CM,related,https://icd.who.int/browse10/2019/en#/F43 https://www.cms.gov/files/zip/2026-code-tables-tabular-and-index.zip,"reaction to severe stress and adjustment disorders. WHO: Reaction to severe stress, and adjustment disorders (header); CM: Reaction to severe stress, and adjustment disorders (header)"
Panic attack,f41,F45,WHO+CM,related,https://icd.who.int/browse10/2019/en#/F45 https://www.cms.gov/files/zip/2026-code-tables-tabular-and-index.zip,somatoform disorders. WHO: Somatoform disorders (header); CM: Somatoform disorders (header)
Panic attack,f41,F44,WHO+CM,related,https://icd.who.int/browse10/2019/en#/F44 https://www.cms.gov/files/zip/2026-code-tables-tabular-and-index.zip,dissociative and conversion disorders. WHO: Dissociative [conversion] disorders (header); CM: Dissociative and conversion disorders (header)
Panic attack,f41,F32,WHO+CM,related,https://icd.who.int/browse10/2019/en#/F32 https://www.cms.gov/files/zip/2026-code-tables-tabular-and-index.zip,depressive episode. WHO: Depressive episode (header); CM: Depressive episode (header)
Panic attack,f41,R45.0,WHO+CM,related,https://icd.who.int/browse10/2019/en#/R45.0 https://www.cms.gov/files/zip/2026-code-tables-tabular-and-index.zip,nervousness. WHO: Nervousness; CM: Nervousness
Panic attack,f41,R45.1,WHO+CM,related,https://icd.who.int/browse10/2019/en#/R45.1 https://www.cms.gov/files/zip/2026-code-tables-tabular-and-index.zip,restlessness and agitation. WHO: Restlessness and agitation; CM: Restlessness and agitation
Panic attack,f41,R45.7,WHO+CM,related,https://icd.who.int/browse10/2019/en#/R45.7 https://www.cms.gov/files/zip/2026-code-tables-tabular-and-index.zip,"state of emotional shock and stress, unspecified. WHO: State of emotional shock and stress, unspecified; CM: State of emotional shock and stress, unspecified"
Panic attack,f41,R45.8,WHO+CM,related,https://icd.who.int/browse10/2019/en#/R45.8 https://www.cms.gov/files/zip/2026-code-tables-tabular-and-index.zip,other symptoms and signs involving emotional state. WHO: Other symptoms and signs involving emotional state; CM: Other symptoms and signs involving emotional state (header)
Panic attack,f41,R06.4,WHO+CM,related,https://icd.who.int/browse10/2019/en#/R06.4 https://www.cms.gov/files/zip/2026-code-tables-tabular-and-index.zip,hyperventilation. WHO: Hyperventilation; CM: Hyperventilation
Panic attack,f41,R00.2,WHO+CM,related,https://icd.who.int/browse10/2019/en#/R00.2 https://www.cms.gov/files/zip/2026-code-tables-tabular-and-index.zip,palpitations. WHO: Palpitations; CM: Palpitations
Panic attack,f41,R07.9,CM,related,https://www.cms.gov/files/zip/2026-code-tables-tabular-and-index.zip,"chest pain, unspecified. CM: Chest pain, unspecified"
Panic attack,f41,R42,WHO+CM,related,https://icd.who.int/browse10/2019/en#/R42 https://www.cms.gov/files/zip/2026-code-tables-tabular-and-index.zip,dizziness. WHO: Dizziness and giddiness; CM: Dizziness and giddiness
Panic attack,f41,R55,WHO+CM,related,https://icd.who.int/browse10/2019/en#/R55 https://www.cms.gov/files/zip/2026-code-tables-tabular-and-index.zip,syncope. WHO: Syncope and collapse; CM: Syncope and collapse
Panic attack,f41,I47.1,WHO+CM,related,https://icd.who.int/browse10/2019/en#/I47.1 https://www.cms.gov/files/zip/2026-code-tables-tabular-and-index.zip,supraventricular tachycardia (own DDXPlus condition). WHO: Supraventricular tachycardia; CM: Supraventricular tachycardia (header)
Panic attack,f41,I21,WHO+CM,related,https://icd.who.int/browse10/2019/en#/I21 https://www.cms.gov/files/zip/2026-code-tables-tabular-and-index.zip,acute myocardial infarction (own DDXPlus condition). WHO: Acute myocardial infarction (header); CM: Acute myocardial infarction (header)
Panic attack,f41,I26,WHO+CM,related,https://icd.who.int/browse10/2019/en#/I26 https://www.cms.gov/files/zip/2026-code-tables-tabular-and-index.zip,pulmonary embolism (own DDXPlus condition). WHO: Pulmonary embolism (header); CM: Pulmonary embolism (header)
Panic attack,f41,E05,WHO+CM,related,https://icd.who.int/browse10/2019/en#/E05 https://www.cms.gov/files/zip/2026-code-tables-tabular-and-index.zip,thyrotoxicosis. WHO: Thyrotoxicosis [hyperthyroidism] (header); CM: Thyrotoxicosis [hyperthyroidism] (header)
Panic attack,f41,R06.02,CM,related,https://www.cms.gov/files/zip/2026-code-tables-tabular-and-index.zip,shortness of breath. CM: Shortness of breath
Panic attack,f41,F10,WHO+CM,related,https://icd.who.int/browse10/2019/en#/F10 https://www.cms.gov/files/zip/2026-code-tables-tabular-and-index.zip,alcohol related disorders. WHO: Mental and behavioural disorders due to use of alcohol (header); CM: Alcohol related disorders (header)
Panic attack,f41,F15,WHO+CM,related,https://icd.who.int/browse10/2019/en#/F15 https://www.cms.gov/files/zip/2026-code-tables-tabular-and-index.zip,"stimulant related disorders. WHO: Mental and behavioural disorders due to use of other stimulants, including caffeine (header); CM: Other stimulant related disorders (header)"
Bronchospasm / acute asthma exacerbation,J45,J45,WHO+CM,equivalent,https://icd.who.int/browse10/2019/en#/J45 https://www.cms.gov/files/zip/2026-code-tables-tabular-and-index.zip,DDXPlus code; asthma. WHO: Asthma (header); CM: Asthma (header)
Bronchospasm / acute asthma exacerbation,J45,J45.0,WHO,narrower,https://icd.who.int/browse10/2019/en#/J45.0,predominantly allergic asthma (WHO). WHO: Predominantly allergic asthma
Bronchospasm / acute asthma exacerbation,J45,J45.1,WHO,narrower,https://icd.who.int/browse10/2019/en#/J45.1,nonallergic asthma (WHO). WHO: Nonallergic asthma
Bronchospasm / acute asthma exacerbation,J45,J45.8,WHO,narrower,https://icd.who.int/browse10/2019/en#/J45.8,mixed asthma (WHO). WHO: Mixed asthma
Bronchospasm / acute asthma exacerbation,J45,J45.9,WHO+CM,equivalent,https://icd.who.int/browse10/2019/en#/J45.9 https://www.cms.gov/files/zip/2026-code-tables-tabular-and-index.zip,"asthma, unspecified (WHO leaf; CM header for J45.90-J45.99). WHO: Asthma, unspecified; CM: Other and unspecified asthma (header)"
Bronchospasm / acute asthma exacerbation,J45,J45.90,CM,equivalent,https://www.cms.gov/files/zip/2026-code-tables-tabular-and-index.zip,unspecified asthma (CM header). CM: Unspecified asthma (header)
Bronchospasm / acute asthma exacerbation,J45,J45.901,CM,narrower,https://www.cms.gov/files/zip/2026-code-tables-tabular-and-index.zip,"unspecified asthma with (acute) exacerbation; CM index ""Asthma, with exacerbation (acute) J45.901"". CM: Unspecified asthma with (acute) exacerbation"
Bronchospasm / acute asthma exacerbation,J45,J45.902,CM,narrower,https://www.cms.gov/files/zip/2026-code-tables-tabular-and-index.zip,unspecified asthma with status asthmaticus. CM: Unspecified asthma with status asthmaticus
Bronchospasm / acute asthma exacerbation,J45,J45.909,CM,equivalent,https://www.cms.gov/files/zip/2026-code-tables-tabular-and-index.zip,"unspecified asthma, uncomplicated. CM: Unspecified asthma, uncomplicated"
Bronchospasm / acute asthma exacerbation,J45,J45.2,CM,narrower,https://www.cms.gov/files/zip/2026-code-tables-tabular-and-index.zip,mild intermittent asthma (CM). CM: Mild intermittent asthma (header)
Bronchospasm / acute asthma exacerbation,J45,J45.3,CM,narrower,https://www.cms.gov/files/zip/2026-code-tables-tabular-and-index.zip,mild persistent asthma (CM). CM: Mild persistent asthma (header)
Bronchospasm / acute asthma exacerbation,J45,J45.4,CM,narrower,https://www.cms.gov/files/zip/2026-code-tables-tabular-and-index.zip,moderate persistent asthma (CM). CM: Moderate persistent asthma (header)
Bronchospasm / acute asthma exacerbation,J45,J45.5,CM,narrower,https://www.cms.gov/files/zip/2026-code-tables-tabular-and-index.zip,severe persistent asthma (CM). CM: Severe persistent asthma (header)
Bronchospasm / acute asthma exacerbation,J45,J45.99,CM,narrower,https://www.cms.gov/files/zip/2026-code-tables-tabular-and-index.zip,other asthma (CM header). CM: Other asthma (header)
Bronchospasm / acute asthma exacerbation,J45,J45.990,CM,narrower,https://www.cms.gov/files/zip/2026-code-tables-tabular-and-index.zip,exercise induced bronchospasm. CM: Exercise induced bronchospasm
Bronchospasm / acute asthma exacerbation,J45,J45.991,CM,narrower,https://www.cms.gov/files/zip/2026-code-tables-tabular-and-index.zip,cough variant asthma. CM: Cough variant asthma
Bronchospasm / acute asthma exacerbation,J45,J45.998,CM,narrower,https://www.cms.gov/files/zip/2026-code-tables-tabular-and-index.zip,other asthma. CM: Other asthma
Bronchospasm / acute asthma exacerbation,J45,J46,WHO,narrower,https://icd.who.int/browse10/2019/en#/J46,status asthmaticus (WHO). WHO: Status asthmaticus
Bronchospasm / acute asthma exacerbation,J45,J98.01,CM,equivalent,https://www.cms.gov/files/zip/2026-code-tables-tabular-and-index.zip,acute bronchospasm (CM); the condition name includes bronchospasm. CM: Acute bronchospasm
Bronchospasm / acute asthma exacerbation,J45,J82.83,CM,narrower,https://www.cms.gov/files/zip/2026-code-tables-tabular-and-index.zip,eosinophilic asthma (CM). CM: Eosinophilic asthma
Bronchospasm / acute asthma exacerbation,J45,J98.0,WHO+CM,broader,https://icd.who.int/browse10/2019/en#/J98.0 https://www.cms.gov/files/zip/2026-code-tables-tabular-and-index.zip,"diseases of bronchus, not elsewhere classified (CM header containing J98.01). WHO: Diseases of bronchus, not elsewhere classified; CM: Diseases of bronchus, not elsewhere classified (header)"
Bronchospasm / acute asthma exacerbation,J45,J98.09,CM,related,https://www.cms.gov/files/zip/2026-code-tables-tabular-and-index.zip,"other diseases of bronchus. CM: Other diseases of bronchus, not elsewhere classified"
Bronchospasm / acute asthma exacerbation,J45,R06.2,WHO+CM,related,https://icd.who.int/browse10/2019/en#/R06.2 https://www.cms.gov/files/zip/2026-code-tables-tabular-and-index.zip,wheezing (symptom). WHO: Wheezing; CM: Wheezing
Bronchospasm / acute asthma exacerbation,J45,J44.1,WHO+CM,broader,https://icd.who.int/browse10/2019/en#/J44.1 https://www.cms.gov/files/zip/2026-code-tables-tabular-and-index.zip,"COPD with acute exacerbation (own DDXPlus condition). WHO: Chronic obstructive pulmonary disease with acute exacerbation, unspecified; CM: Chronic obstructive pulmonary disease w (acute) exacerbation; relation raised from related: family row (docs/v0.3-validity-review.md section 1.1), clinical-family prefix J44"
Bronchospasm / acute asthma exacerbation,J45,J44,WHO+CM,broader,https://icd.who.int/browse10/2019/en#/J44 https://www.cms.gov/files/zip/2026-code-tables-tabular-and-index.zip,"chronic obstructive pulmonary disease (own DDXPlus condition). WHO: Other chronic obstructive pulmonary disease (header); CM: Other chronic obstructive pulmonary disease (header); relation raised from related: family row (docs/v0.3-validity-review.md section 1.1), clinical-family prefix J44"
Bronchospasm / acute asthma exacerbation,J45,J20,WHO+CM,related,https://icd.who.int/browse10/2019/en#/J20 https://www.cms.gov/files/zip/2026-code-tables-tabular-and-index.zip,acute bronchitis (owned by Bronchitis; CM J20 includes bronchitis with bronchospasm). WHO: Acute bronchitis (header); CM: Acute bronchitis (header)
Bronchospasm / acute asthma exacerbation,J45,J21,WHO+CM,related,https://icd.who.int/browse10/2019/en#/J21 https://www.cms.gov/files/zip/2026-code-tables-tabular-and-index.zip,acute bronchiolitis (own DDXPlus condition). WHO: Acute bronchiolitis (header); CM: Acute bronchiolitis (header)
Bronchospasm / acute asthma exacerbation,J45,J30,WHO+CM,related,https://icd.who.int/browse10/2019/en#/J30 https://www.cms.gov/files/zip/2026-code-tables-tabular-and-index.zip,allergic rhinitis (own DDXPlus condition). WHO: Vasomotor and allergic rhinitis (header); CM: Vasomotor and allergic rhinitis (header)
Bronchospasm / acute asthma exacerbation,J45,J06.9,WHO+CM,related,https://icd.who.int/browse10/2019/en#/J06.9 https://www.cms.gov/files/zip/2026-code-tables-tabular-and-index.zip,"acute upper respiratory infection (own DDXPlus condition). WHO: Acute upper respiratory infection, unspecified; CM: Acute upper respiratory infection, unspecified"
Bronchospasm / acute asthma exacerbation,J45,J18,WHO+CM,related,https://icd.who.int/browse10/2019/en#/J18 https://www.cms.gov/files/zip/2026-code-tables-tabular-and-index.zip,"pneumonia (own DDXPlus condition). WHO: Pneumonia, organism unspecified (header); CM: Pneumonia, unspecified organism (header)"
Bronchospasm / acute asthma exacerbation,J45,J32,WHO+CM,related,https://icd.who.int/browse10/2019/en#/J32 https://www.cms.gov/files/zip/2026-code-tables-tabular-and-index.zip,chronic sinusitis (own DDXPlus condition). WHO: Chronic sinusitis (header); CM: Chronic sinusitis (header)
Bronchospasm / acute asthma exacerbation,J45,J39.3,WHO+CM,related,https://icd.who.int/browse10/2019/en#/J39.3 https://www.cms.gov/files/zip/2026-code-tables-tabular-and-index.zip,"upper respiratory tract hypersensitivity reaction. WHO: Upper respiratory tract hypersensitivity reaction, site unspecified; CM: Upper respiratory tract hypersensitivity reaction, site unsp"
Bronchospasm / acute asthma exacerbation,J45,J68.3,WHO+CM,related,https://icd.who.int/browse10/2019/en#/J68.3 https://www.cms.gov/files/zip/2026-code-tables-tabular-and-index.zip,"other acute and subacute respiratory conditions due to chemicals. WHO: Other acute and subacute respiratory conditions due to chemicals, gases, fumes and vapours; CM: Oth ac & subac resp cond d/t chemicals, gas, fumes & vapors"
Bronchospasm / acute asthma exacerbation,J45,T78.4,WHO+CM,related,https://icd.who.int/browse10/2019/en#/T78.4 https://www.cms.gov/files/zip/2026-code-tables-tabular-and-index.zip,"allergy, unspecified. WHO: Allergy, unspecified; CM: Other and unspecified allergy (header)"
Bronchospasm / acute asthma exacerbation,J45,J69.0,WHO+CM,related,https://icd.who.int/browse10/2019/en#/J69.0 https://www.cms.gov/files/zip/2026-code-tables-tabular-and-index.zip,aspiration pneumonitis. WHO: Pneumonitis due to food and vomit; CM: Pneumonitis due to inhalation of food and vomit
Bronchospasm / acute asthma exacerbation,J45,R05,WHO+CM,related,https://icd.who.int/browse10/2019/en#/R05 https://www.cms.gov/files/zip/2026-code-tables-tabular-and-index.zip,cough. WHO: Cough; CM: Cough (header)
Bronchospasm / acute asthma exacerbation,J45,I26,WHO+CM,related,https://icd.who.int/browse10/2019/en#/I26 https://www.cms.gov/files/zip/2026-code-tables-tabular-and-index.zip,pulmonary embolism (own DDXPlus condition). WHO: Pulmonary embolism (header); CM: Pulmonary embolism (header)
Bronchospasm / acute asthma exacerbation,J45,J38.5,WHO+CM,related,https://icd.who.int/browse10/2019/en#/J38.5 https://www.cms.gov/files/zip/2026-code-tables-tabular-and-index.zip,laryngeal spasm (own DDXPlus condition). WHO: Laryngeal spasm; CM: Laryngeal spasm
Bronchospasm / acute asthma exacerbation,J45,J96.0,WHO+CM,related,https://icd.who.int/browse10/2019/en#/J96.0 https://www.cms.gov/files/zip/2026-code-tables-tabular-and-index.zip,acute respiratory failure. WHO: Acute respiratory failure; CM: Acute respiratory failure (header)
Bronchitis,j40,J40,WHO+CM,equivalent,https://icd.who.int/browse10/2019/en#/J40 https://www.cms.gov/files/zip/2026-code-tables-tabular-and-index.zip,"DDXPlus code; bronchitis, not specified as acute or chronic (CM inclusion: bronchitis NOS, tracheobronchitis NOS). WHO: Bronchitis, not specified as acute or chronic; CM: Bronchitis, not specified as acute or chronic"
Bronchitis,j40,J20,WHO+CM,narrower,https://icd.who.int/browse10/2019/en#/J20 https://www.cms.gov/files/zip/2026-code-tables-tabular-and-index.zip,acute bronchitis (J20.0-J20.9). WHO: Acute bronchitis (header); CM: Acute bronchitis (header)
Bronchitis,j40,J41,WHO+CM,narrower,https://icd.who.int/browse10/2019/en#/J41 https://www.cms.gov/files/zip/2026-code-tables-tabular-and-index.zip,simple and mucopurulent chronic bronchitis. WHO: Simple and mucopurulent chronic bronchitis (header); CM: Simple and mucopurulent chronic bronchitis (header)
Bronchitis,j40,J42,WHO+CM,narrower,https://icd.who.int/browse10/2019/en#/J42 https://www.cms.gov/files/zip/2026-code-tables-tabular-and-index.zip,unspecified chronic bronchitis. WHO: Unspecified chronic bronchitis; CM: Unspecified chronic bronchitis
Bronchitis,j40,J68.0,WHO+CM,narrower,https://icd.who.int/browse10/2019/en#/J68.0 https://www.cms.gov/files/zip/2026-code-tables-tabular-and-index.zip,"bronchitis due to chemicals, gases, fumes and vapours. WHO: Bronchitis and pneumonitis due to chemicals, gases, fumes and vapours; CM: Bronchitis & pneumonitis d/t chemicals, gas, fumes & vapors"
Bronchitis,j40,J22,WHO+CM,broader,https://icd.who.int/browse10/2019/en#/J22 https://www.cms.gov/files/zip/2026-code-tables-tabular-and-index.zip,unspecified acute lower respiratory infection. WHO: Unspecified acute lower respiratory infection; CM: Unspecified acute lower respiratory infection
Bronchitis,j40,J44,WHO+CM,related,https://icd.who.int/browse10/2019/en#/J44 https://www.cms.gov/files/zip/2026-code-tables-tabular-and-index.zip,chronic obstructive pulmonary disease (own DDXPlus condition). WHO: Other chronic obstructive pulmonary disease (header); CM: Other chronic obstructive pulmonary disease (header)
Bronchitis,j40,J44.1,WHO+CM,related,https://icd.who.int/browse10/2019/en#/J44.1 https://www.cms.gov/files/zip/2026-code-tables-tabular-and-index.zip,"COPD with acute exacerbation (own DDXPlus condition). WHO: Chronic obstructive pulmonary disease with acute exacerbation, unspecified; CM: Chronic obstructive pulmonary disease w (acute) exacerbation"
Bronchitis,j40,J21,WHO+CM,related,https://icd.who.int/browse10/2019/en#/J21 https://www.cms.gov/files/zip/2026-code-tables-tabular-and-index.zip,acute bronchiolitis (own DDXPlus condition). WHO: Acute bronchiolitis (header); CM: Acute bronchiolitis (header)
Bronchitis,j40,J06.9,WHO+CM,related,https://icd.who.int/browse10/2019/en#/J06.9 https://www.cms.gov/files/zip/2026-code-tables-tabular-and-index.zip,"acute upper respiratory infection (own DDXPlus condition). WHO: Acute upper respiratory infection, unspecified; CM: Acute upper respiratory infection, unspecified"
Bronchitis,j40,J18,WHO+CM,related,https://icd.who.int/browse10/2019/en#/J18 https://www.cms.gov/files/zip/2026-code-tables-tabular-and-index.zip,"pneumonia (own DDXPlus condition). WHO: Pneumonia, organism unspecified (header); CM: Pneumonia, unspecified organism (header)"
Bronchitis,j40,J45,WHO+CM,related,https://icd.who.int/browse10/2019/en#/J45 https://www.cms.gov/files/zip/2026-code-tables-tabular-and-index.zip,asthma (own DDXPlus condition). WHO: Asthma (header); CM: Asthma (header)
Bronchitis,j40,R05,WHO+CM,related,https://icd.who.int/browse10/2019/en#/R05 https://www.cms.gov/files/zip/2026-code-tables-tabular-and-index.zip,cough (symptom). WHO: Cough; CM: Cough (header)
Bronchitis,j40,J04.1,WHO+CM,related,https://icd.who.int/browse10/2019/en#/J04.1 https://www.cms.gov/files/zip/2026-code-tables-tabular-and-index.zip,acute tracheitis. WHO: Acute tracheitis; CM: Acute tracheitis (header)
Bronchitis,j40,A37,WHO+CM,related,https://icd.who.int/browse10/2019/en#/A37 https://www.cms.gov/files/zip/2026-code-tables-tabular-and-index.zip,whooping cough (own DDXPlus condition). WHO: Whooping cough (header); CM: Whooping cough (header)
Bronchitis,j40,J98.0,WHO+CM,related,https://icd.who.int/browse10/2019/en#/J98.0 https://www.cms.gov/files/zip/2026-code-tables-tabular-and-index.zip,"diseases of bronchus, not elsewhere classified. WHO: Diseases of bronchus, not elsewhere classified; CM: Diseases of bronchus, not elsewhere classified (header)"
Bronchitis,j40,J47,WHO+CM,related,https://icd.who.int/browse10/2019/en#/J47 https://www.cms.gov/files/zip/2026-code-tables-tabular-and-index.zip,bronchiectasis (own DDXPlus condition). WHO: Bronchiectasis; CM: Bronchiectasis (header)
Bronchitis,j40,J02.9,WHO+CM,related,https://icd.who.int/browse10/2019/en#/J02.9 https://www.cms.gov/files/zip/2026-code-tables-tabular-and-index.zip,"acute pharyngitis (own DDXPlus condition). WHO: Acute pharyngitis, unspecified; CM: Acute pharyngitis, unspecified"
Bronchitis,j40,K21.9,WHO+CM,related,https://icd.who.int/browse10/2019/en#/K21.9 https://www.cms.gov/files/zip/2026-code-tables-tabular-and-index.zip,GERD (own DDXPlus condition). WHO: Gastro-oesophageal reflux disease without oesophagitis; CM: Gastro-esophageal reflux disease without esophagitis
Bronchitis,j40,R07.9,CM,related,https://www.cms.gov/files/zip/2026-code-tables-tabular-and-index.zip,"chest pain, unspecified. CM: Chest pain, unspecified"
Bronchitis,j40,R07.89,CM,related,https://www.cms.gov/files/zip/2026-code-tables-tabular-and-index.zip,other chest pain. CM: Other chest pain
Bronchitis,j40,J11.1,WHO+CM,related,https://icd.who.int/browse10/2019/en#/J11.1 https://www.cms.gov/files/zip/2026-code-tables-tabular-and-index.zip,"influenza (own DDXPlus condition). WHO: Influenza with other respiratory manifestations, virus not identified; CM: Flu due to unidentified influenza virus w oth resp manifest"
Bronchitis,j40,U07.1,WHO+CM,related,https://icd.who.int/browse10/2019/en#/U07.1 https://www.cms.gov/files/zip/2026-code-tables-tabular-and-index.zip,"COVID-19. WHO: COVID-19, virus identified; CM: COVID-19"
Bronchitis,j40,J12,WHO+CM,related,https://icd.who.int/browse10/2019/en#/J12 https://www.cms.gov/files/zip/2026-code-tables-tabular-and-index.zip,"viral pneumonia (owned by Pneumonia). WHO: Viral pneumonia, not elsewhere classified (header); CM: Viral pneumonia, not elsewhere classified (header)"
Bronchitis,j40,I26,WHO+CM,related,https://icd.who.int/browse10/2019/en#/I26 https://www.cms.gov/files/zip/2026-code-tables-tabular-and-index.zip,pulmonary embolism (own DDXPlus condition). WHO: Pulmonary embolism (header); CM: Pulmonary embolism (header)
Bronchitis,j40,B34.9,WHO+CM,related,https://icd.who.int/browse10/2019/en#/B34.9 https://www.cms.gov/files/zip/2026-code-tables-tabular-and-index.zip,"viral infection, unspecified. WHO: Viral infection, unspecified; CM: Viral infection, unspecified"
Acute COPD exacerbation / infection,j44.1,J44.1,WHO+CM,equivalent,https://icd.who.int/browse10/2019/en#/J44.1 https://www.cms.gov/files/zip/2026-code-tables-tabular-and-index.zip,"DDXPlus code; COPD with (acute) exacerbation. WHO: Chronic obstructive pulmonary disease with acute exacerbation, unspecified; CM: Chronic obstructive pulmonary disease w (acute) exacerbation"
Acute COPD exacerbation / infection,j44.1,J44.0,WHO+CM,equivalent,https://icd.who.int/browse10/2019/en#/J44.0 https://www.cms.gov/files/zip/2026-code-tables-tabular-and-index.zip,"COPD with (acute) lower respiratory infection; the condition name says ""/ infection"". WHO: Chronic obstructive pulmonary disease with acute lower respiratory infection; CM: Chr obstructive pulmon disease with (acute) lower resp infct"
Acute COPD exacerbation / infection,j44.1,J44,WHO+CM,broader,https://icd.who.int/browse10/2019/en#/J44 https://www.cms.gov/files/zip/2026-code-tables-tabular-and-index.zip,chronic obstructive pulmonary disease. WHO: Other chronic obstructive pulmonary disease (header); CM: Other chronic obstructive pulmonary disease (header)
Acute COPD exacerbation / infection,j44.1,J44.9,WHO+CM,broader,https://icd.who.int/browse10/2019/en#/J44.9 https://www.cms.gov/files/zip/2026-code-tables-tabular-and-index.zip,"COPD, unspecified. WHO: Chronic obstructive pulmonary disease, unspecified; CM: Chronic obstructive pulmonary disease, unspecified"
Acute COPD exacerbation / infection,j44.1,J44.8,WHO+CM,related,https://icd.who.int/browse10/2019/en#/J44.8 https://www.cms.gov/files/zip/2026-code-tables-tabular-and-index.zip,other specified COPD (WHO; chronic forms without exacerbation). WHO: Other specified chronic obstructive pulmonary disease; CM: Other specified chronic obstructive pulmonary disease (header)
Acute COPD exacerbation / infection,j44.1,J44.81,CM,related,https://www.cms.gov/files/zip/2026-code-tables-tabular-and-index.zip,bronchiolitis obliterans and bronchiolitis obliterans syndrome (CM). CM: Bronchiolitis obliterans and bronchiolitis obliterans synd
Acute COPD exacerbation / infection,j44.1,J44.89,CM,related,https://www.cms.gov/files/zip/2026-code-tables-tabular-and-index.zip,other specified COPD (CM). CM: Other specified chronic obstructive pulmonary disease
Acute COPD exacerbation / infection,j44.1,J43,WHO+CM,related,https://icd.who.int/browse10/2019/en#/J43 https://www.cms.gov/files/zip/2026-code-tables-tabular-and-index.zip,emphysema. WHO: Emphysema (header); CM: Emphysema (header)
Acute COPD exacerbation / infection,j44.1,J41,WHO+CM,related,https://icd.who.int/browse10/2019/en#/J41 https://www.cms.gov/files/zip/2026-code-tables-tabular-and-index.zip,simple and mucopurulent chronic bronchitis (owned by Bronchitis). WHO: Simple and mucopurulent chronic bronchitis (header); CM: Simple and mucopurulent chronic bronchitis (header)
Acute COPD exacerbation / infection,j44.1,J42,WHO+CM,related,https://icd.who.int/browse10/2019/en#/J42 https://www.cms.gov/files/zip/2026-code-tables-tabular-and-index.zip,unspecified chronic bronchitis (owned by Bronchitis). WHO: Unspecified chronic bronchitis; CM: Unspecified chronic bronchitis
Acute COPD exacerbation / infection,j44.1,J20,WHO+CM,related,https://icd.who.int/browse10/2019/en#/J20 https://www.cms.gov/files/zip/2026-code-tables-tabular-and-index.zip,acute bronchitis (owned by Bronchitis). WHO: Acute bronchitis (header); CM: Acute bronchitis (header)
Acute COPD exacerbation / infection,j44.1,J18,WHO+CM,related,https://icd.who.int/browse10/2019/en#/J18 https://www.cms.gov/files/zip/2026-code-tables-tabular-and-index.zip,"pneumonia (own DDXPlus condition). WHO: Pneumonia, organism unspecified (header); CM: Pneumonia, unspecified organism (header)"
Acute COPD exacerbation / infection,j44.1,J96.0,WHO+CM,related,https://icd.who.int/browse10/2019/en#/J96.0 https://www.cms.gov/files/zip/2026-code-tables-tabular-and-index.zip,acute respiratory failure (complication). WHO: Acute respiratory failure; CM: Acute respiratory failure (header)
Acute COPD exacerbation / infection,j44.1,J96.2,CM,related,https://www.cms.gov/files/zip/2026-code-tables-tabular-and-index.zip,acute and chronic respiratory failure. CM: Acute and chronic respiratory failure (header)
Acute COPD exacerbation / infection,j44.1,J96.9,WHO+CM,related,https://icd.who.int/browse10/2019/en#/J96.9 https://www.cms.gov/files/zip/2026-code-tables-tabular-and-index.zip,"respiratory failure, unspecified. WHO: Respiratory failure, unspecified; CM: Respiratory failure, unspecified (header)"
Acute COPD exacerbation / infection,j44.1,J96,WHO+CM,related,https://icd.who.int/browse10/2019/en#/J96 https://www.cms.gov/files/zip/2026-code-tables-tabular-and-index.zip,"respiratory failure. WHO: Respiratory failure, not elsewhere classified (header); CM: Respiratory failure, not elsewhere classified (header)"
Acute COPD exacerbation / infection,j44.1,J22,WHO+CM,related,https://icd.who.int/browse10/2019/en#/J22 https://www.cms.gov/files/zip/2026-code-tables-tabular-and-index.zip,unspecified acute lower respiratory infection. WHO: Unspecified acute lower respiratory infection; CM: Unspecified acute lower respiratory infection
Acute COPD exacerbation / infection,j44.1,J47,WHO+CM,related,https://icd.who.int/browse10/2019/en#/J47 https://www.cms.gov/files/zip/2026-code-tables-tabular-and-index.zip,bronchiectasis (own DDXPlus condition). WHO: Bronchiectasis; CM: Bronchiectasis (header)
Acute COPD exacerbation / infection,j44.1,J45,WHO+CM,related,https://icd.who.int/browse10/2019/en#/J45 https://www.cms.gov/files/zip/2026-code-tables-tabular-and-index.zip,asthma (own DDXPlus condition). WHO: Asthma (header); CM: Asthma (header)
Acute COPD exacerbation / infection,j44.1,J45.901,CM,related,https://www.cms.gov/files/zip/2026-code-tables-tabular-and-index.zip,asthma with acute exacerbation (owned by asthma). CM: Unspecified asthma with (acute) exacerbation
Acute COPD exacerbation / infection,j44.1,J98.01,CM,related,https://www.cms.gov/files/zip/2026-code-tables-tabular-and-index.zip,acute bronchospasm (owned by asthma). CM: Acute bronchospasm
Acute COPD exacerbation / infection,j44.1,R06.02,CM,related,https://www.cms.gov/files/zip/2026-code-tables-tabular-and-index.zip,shortness of breath. CM: Shortness of breath
Acute COPD exacerbation / infection,j44.1,I50,WHO+CM,related,https://icd.who.int/browse10/2019/en#/I50 https://www.cms.gov/files/zip/2026-code-tables-tabular-and-index.zip,heart failure. WHO: Heart failure (header); CM: Heart failure (header)
Acute COPD exacerbation / infection,j44.1,I26,WHO+CM,related,https://icd.who.int/browse10/2019/en#/I26 https://www.cms.gov/files/zip/2026-code-tables-tabular-and-index.zip,pulmonary embolism (own DDXPlus condition). WHO: Pulmonary embolism (header); CM: Pulmonary embolism (header)
Acute COPD exacerbation / infection,j44.1,U07.1,WHO+CM,related,https://icd.who.int/browse10/2019/en#/U07.1 https://www.cms.gov/files/zip/2026-code-tables-tabular-and-index.zip,"COVID-19. WHO: COVID-19, virus identified; CM: COVID-19"
Acute COPD exacerbation / infection,j44.1,J93,WHO+CM,related,https://icd.who.int/browse10/2019/en#/J93 https://www.cms.gov/files/zip/2026-code-tables-tabular-and-index.zip,pneumothorax (own DDXPlus condition). WHO: Pneumothorax (header); CM: Pneumothorax and air leak (header)
Acute COPD exacerbation / infection,j44.1,I27,WHO+CM,related,https://icd.who.int/browse10/2019/en#/I27 https://www.cms.gov/files/zip/2026-code-tables-tabular-and-index.zip,pulmonary heart disease. WHO: Other pulmonary heart diseases (header); CM: Other pulmonary heart diseases (header)
Acute COPD exacerbation / infection,j44.1,K21.9,WHO+CM,related,https://icd.who.int/browse10/2019/en#/K21.9 https://www.cms.gov/files/zip/2026-code-tables-tabular-and-index.zip,GERD (own DDXPlus condition). WHO: Gastro-oesophageal reflux disease without oesophagitis; CM: Gastro-esophageal reflux disease without esophagitis
Acute COPD exacerbation / infection,j44.1,J84,WHO+CM,related,https://icd.who.int/browse10/2019/en#/J84 https://www.cms.gov/files/zip/2026-code-tables-tabular-and-index.zip,interstitial lung disease. WHO: Other interstitial pulmonary diseases (header); CM: Other interstitial pulmonary diseases (header)
Acute COPD exacerbation / infection,j44.1,C34,WHO+CM,related,https://icd.who.int/browse10/2019/en#/C34 https://www.cms.gov/files/zip/2026-code-tables-tabular-and-index.zip,lung cancer (own DDXPlus condition). WHO: Malignant neoplasm of bronchus and lung (header); CM: Malignant neoplasm of bronchus and lung (header)
Pulmonary embolism,i26,I26,WHO+CM,equivalent,https://icd.who.int/browse10/2019/en#/I26 https://www.cms.gov/files/zip/2026-code-tables-tabular-and-index.zip,DDXPlus code; pulmonary embolism. WHO: Pulmonary embolism (header); CM: Pulmonary embolism (header)
Pulmonary embolism,i26,I26.0,WHO+CM,narrower,https://icd.who.int/browse10/2019/en#/I26.0 https://www.cms.gov/files/zip/2026-code-tables-tabular-and-index.zip,"pulmonary embolism with acute cor pulmonale (CM I26.01, I26.02, I26.09). WHO: Pulmonary embolism with mention of acute cor pulmonale; CM: Pulmonary embolism with acute cor pulmonale (header)"
Pulmonary embolism,i26,I26.9,WHO+CM,equivalent,https://icd.who.int/browse10/2019/en#/I26.9 https://www.cms.gov/files/zip/2026-code-tables-tabular-and-index.zip,pulmonary embolism without acute cor pulmonale (WHO leaf; CM header for I26.90-I26.99). WHO: Pulmonary embolism without mention of acute cor pulmonale; CM: Pulmonary embolism without acute cor pulmonale (header)
Pulmonary embolism,i26,I26.99,CM,equivalent,https://www.cms.gov/files/zip/2026-code-tables-tabular-and-index.zip,other pulmonary embolism without acute cor pulmonale (CM; the common default code). CM: Other pulmonary embolism without acute cor pulmonale
Pulmonary embolism,i26,I26.90,CM,narrower,https://www.cms.gov/files/zip/2026-code-tables-tabular-and-index.zip,septic pulmonary embolism without acute cor pulmonale. CM: Septic pulmonary embolism without acute cor pulmonale
Pulmonary embolism,i26,I26.92,CM,narrower,https://www.cms.gov/files/zip/2026-code-tables-tabular-and-index.zip,saddle embolus of pulmonary artery without acute cor pulmonale. CM: Saddle embolus of pulmonary artery w/o acute cor pulmonale
Pulmonary embolism,i26,I26.93,CM,narrower,https://www.cms.gov/files/zip/2026-code-tables-tabular-and-index.zip,single subsegmental thrombotic pulmonary embolism. CM: Sing subsegmental throm pulm emblsm w/o acute cor pulmonale
Pulmonary embolism,i26,I26.94,CM,narrower,https://www.cms.gov/files/zip/2026-code-tables-tabular-and-index.zip,multiple subsegmental thrombotic pulmonary emboli. CM: Mult subsegmental throm pulm emboli w/o acute cor pulmonale
Pulmonary embolism,i26,I26.95,CM,narrower,https://www.cms.gov/files/zip/2026-code-tables-tabular-and-index.zip,cement embolism of pulmonary artery (CM). CM: Cement embolism of pulm artery without acute cor pulmonale
Pulmonary embolism,i26,I26.96,CM,narrower,https://www.cms.gov/files/zip/2026-code-tables-tabular-and-index.zip,fat embolism of pulmonary artery (CM). CM: Fat embolism of pulmonary artery without acute cor pulmonale
Pulmonary embolism,i26,O88.2,WHO+CM,narrower,https://icd.who.int/browse10/2019/en#/O88.2 https://www.cms.gov/files/zip/2026-code-tables-tabular-and-index.zip,obstetric thromboembolism (pulmonary embolism in pregnancy). WHO: Obstetric blood-clot embolism; CM: Obstetric thromboembolism (header)
Pulmonary embolism,i26,I27.82,CM,related,https://www.cms.gov/files/zip/2026-code-tables-tabular-and-index.zip,chronic pulmonary embolism (CM excludes from I26). CM: Chronic pulmonary embolism
Pulmonary embolism,i26,I27.81,CM,related,https://www.cms.gov/files/zip/2026-code-tables-tabular-and-index.zip,cor pulmonale (chronic). CM: Cor pulmonale (chronic)
Pulmonary embolism,i26,I27.2,WHO+CM,related,https://icd.who.int/browse10/2019/en#/I27.2 https://www.cms.gov/files/zip/2026-code-tables-tabular-and-index.zip,other secondary pulmonary hypertension. WHO: Other secondary pulmonary hypertension; CM: Other secondary pulmonary hypertension (header)
Pulmonary embolism,i26,I27.9,WHO+CM,related,https://icd.who.int/browse10/2019/en#/I27.9 https://www.cms.gov/files/zip/2026-code-tables-tabular-and-index.zip,"pulmonary heart disease, unspecified. WHO: Pulmonary heart disease, unspecified; CM: Pulmonary heart disease, unspecified"
Pulmonary embolism,i26,I27,WHO+CM,related,https://icd.who.int/browse10/2019/en#/I27 https://www.cms.gov/files/zip/2026-code-tables-tabular-and-index.zip,other pulmonary heart diseases. WHO: Other pulmonary heart diseases (header); CM: Other pulmonary heart diseases (header)
Pulmonary embolism,i26,I82,WHO+CM,broader,https://icd.who.int/browse10/2019/en#/I82 https://www.cms.gov/files/zip/2026-code-tables-tabular-and-index.zip,"other venous embolism and thrombosis (DVT is the source, not the PE). WHO: Other venous embolism and thrombosis (header); CM: Other venous embolism and thrombosis (header); relation raised from related: family row (docs/v0.3-validity-review.md section 1.1), clinical-family prefix I82"
Pulmonary embolism,i26,I80,WHO+CM,related,https://icd.who.int/browse10/2019/en#/I80 https://www.cms.gov/files/zip/2026-code-tables-tabular-and-index.zip,phlebitis and thrombophlebitis. WHO: Phlebitis and thrombophlebitis (header); CM: Phlebitis and thrombophlebitis (header)
Pulmonary embolism,i26,T79.1,WHO+CM,related,https://icd.who.int/browse10/2019/en#/T79.1 https://www.cms.gov/files/zip/2026-code-tables-tabular-and-index.zip,fat embolism (traumatic). WHO: Fat embolism (traumatic); CM: Fat embolism (traumatic) (header)
Pulmonary embolism,i26,T80.0,WHO+CM,related,https://icd.who.int/browse10/2019/en#/T80.0 https://www.cms.gov/files/zip/2026-code-tables-tabular-and-index.zip,"air embolism following infusion. WHO: Air embolism following infusion, transfusion and therapeutic injection; CM: Air embolism fol infusion, transfuse and theraputc injection (header)"
Pulmonary embolism,i26,I74,WHO+CM,related,https://icd.who.int/browse10/2019/en#/I74 https://www.cms.gov/files/zip/2026-code-tables-tabular-and-index.zip,arterial embolism and thrombosis. WHO: Arterial embolism and thrombosis (header); CM: Arterial embolism and thrombosis (header)
Pulmonary embolism,i26,O88,WHO+CM,related,https://icd.who.int/browse10/2019/en#/O88 https://www.cms.gov/files/zip/2026-code-tables-tabular-and-index.zip,obstetric embolism (other types). WHO: Obstetric embolism (header); CM: Obstetric embolism (header)
Pulmonary embolism,i26,R09.1,WHO+CM,related,https://icd.who.int/browse10/2019/en#/R09.1 https://www.cms.gov/files/zip/2026-code-tables-tabular-and-index.zip,pleurisy. WHO: Pleurisy; CM: Pleurisy
Pulmonary embolism,i26,J93,WHO+CM,related,https://icd.who.int/browse10/2019/en#/J93 https://www.cms.gov/files/zip/2026-code-tables-tabular-and-index.zip,pneumothorax (own DDXPlus condition). WHO: Pneumothorax (header); CM: Pneumothorax and air leak (header)
Pulmonary embolism,i26,J18,WHO+CM,related,https://icd.who.int/browse10/2019/en#/J18 https://www.cms.gov/files/zip/2026-code-tables-tabular-and-index.zip,"pneumonia (own DDXPlus condition). WHO: Pneumonia, organism unspecified (header); CM: Pneumonia, unspecified organism (header)"
Pulmonary embolism,i26,I21,WHO+CM,related,https://icd.who.int/browse10/2019/en#/I21 https://www.cms.gov/files/zip/2026-code-tables-tabular-and-index.zip,acute myocardial infarction (own DDXPlus condition). WHO: Acute myocardial infarction (header); CM: Acute myocardial infarction (header)
Pulmonary embolism,i26,R07,WHO+CM,related,https://icd.who.int/browse10/2019/en#/R07 https://www.cms.gov/files/zip/2026-code-tables-tabular-and-index.zip,pain in throat and chest. WHO: Pain in throat and chest (header); CM: Pain in throat and chest (header)
Pulmonary embolism,i26,R06.02,CM,related,https://www.cms.gov/files/zip/2026-code-tables-tabular-and-index.zip,shortness of breath. CM: Shortness of breath
Pulmonary embolism,i26,C34,WHO+CM,related,https://icd.who.int/browse10/2019/en#/C34 https://www.cms.gov/files/zip/2026-code-tables-tabular-and-index.zip,lung cancer (own DDXPlus condition). WHO: Malignant neoplasm of bronchus and lung (header); CM: Malignant neoplasm of bronchus and lung (header)
Pulmonary embolism,i26,J90,WHO+CM,related,https://icd.who.int/browse10/2019/en#/J90 https://www.cms.gov/files/zip/2026-code-tables-tabular-and-index.zip,"pleural effusion. WHO: Pleural effusion, not elsewhere classified; CM: Pleural effusion, not elsewhere classified"
Pulmonary embolism,i26,R04.2,WHO+CM,related,https://icd.who.int/browse10/2019/en#/R04.2 https://www.cms.gov/files/zip/2026-code-tables-tabular-and-index.zip,haemoptysis. WHO: Haemoptysis; CM: Hemoptysis
Pulmonary embolism,i26,I71,WHO+CM,related,https://icd.who.int/browse10/2019/en#/I71 https://www.cms.gov/files/zip/2026-code-tables-tabular-and-index.zip,aortic aneurysm and dissection. WHO: Aortic aneurysm and dissection (header); CM: Aortic aneurysm and dissection (header)
Pulmonary embolism,i26,I30,WHO+CM,related,https://icd.who.int/browse10/2019/en#/I30 https://www.cms.gov/files/zip/2026-code-tables-tabular-and-index.zip,acute pericarditis (own DDXPlus condition). WHO: Acute pericarditis (header); CM: Acute pericarditis (header)
Pulmonary embolism,i26,R55,WHO+CM,related,https://icd.who.int/browse10/2019/en#/R55 https://www.cms.gov/files/zip/2026-code-tables-tabular-and-index.zip,syncope. WHO: Syncope and collapse; CM: Syncope and collapse
Pulmonary embolism,i26,J44.1,WHO+CM,related,https://icd.who.int/browse10/2019/en#/J44.1 https://www.cms.gov/files/zip/2026-code-tables-tabular-and-index.zip,"COPD with acute exacerbation (own DDXPlus condition). WHO: Chronic obstructive pulmonary disease with acute exacerbation, unspecified; CM: Chronic obstructive pulmonary disease w (acute) exacerbation"
Pulmonary embolism,i26,Z86.711,CM,related,https://www.cms.gov/files/zip/2026-code-tables-tabular-and-index.zip,personal history of pulmonary embolism. CM: Personal history of pulmonary embolism
URTI,j06.9,J06.9,WHO+CM,equivalent,https://icd.who.int/browse10/2019/en#/J06.9 https://www.cms.gov/files/zip/2026-code-tables-tabular-and-index.zip,"DDXPlus code; acute upper respiratory infection, unspecified (CM inclusion ""Upper respiratory infection NOS""). WHO: Acute upper respiratory infection, unspecified; CM: Acute upper respiratory infection, unspecified"
URTI,j06.9,J06,WHO+CM,broader,https://icd.who.int/browse10/2019/en#/J06 https://www.cms.gov/files/zip/2026-code-tables-tabular-and-index.zip,acute upper respiratory infections of multiple and unspecified sites. WHO: Acute upper respiratory infections of multiple and unspecified sites (header); CM: Acute upper resp infections of multiple and unsp sites (header)
URTI,j06.9,J06.0,WHO+CM,narrower,https://icd.who.int/browse10/2019/en#/J06.0 https://www.cms.gov/files/zip/2026-code-tables-tabular-and-index.zip,acute laryngopharyngitis. WHO: Acute laryngopharyngitis; CM: Acute laryngopharyngitis
URTI,j06.9,J06.8,WHO,narrower,https://icd.who.int/browse10/2019/en#/J06.8,other acute upper respiratory infections of multiple sites (WHO). WHO: Other acute upper respiratory infections of multiple sites
URTI,j06.9,J00,WHO+CM,narrower,https://icd.who.int/browse10/2019/en#/J00 https://www.cms.gov/files/zip/2026-code-tables-tabular-and-index.zip,acute nasopharyngitis [common cold]. WHO: Acute nasopharyngitis [common cold]; CM: Acute nasopharyngitis [common cold]
URTI,j06.9,J03,WHO+CM,narrower,https://icd.who.int/browse10/2019/en#/J03 https://www.cms.gov/files/zip/2026-code-tables-tabular-and-index.zip,acute tonsillitis (an upper respiratory infection not owned by another DDXPlus condition). WHO: Acute tonsillitis (header); CM: Acute tonsillitis (header)
URTI,j06.9,J04.1,WHO+CM,narrower,https://icd.who.int/browse10/2019/en#/J04.1 https://www.cms.gov/files/zip/2026-code-tables-tabular-and-index.zip,acute tracheitis (in the J00-J06 acute upper respiratory block). WHO: Acute tracheitis; CM: Acute tracheitis (header)
URTI,j06.9,B34.9,WHO+CM,broader,https://icd.who.int/browse10/2019/en#/B34.9 https://www.cms.gov/files/zip/2026-code-tables-tabular-and-index.zip,"viral infection, unspecified. WHO: Viral infection, unspecified; CM: Viral infection, unspecified"
URTI,j06.9,B34,WHO+CM,broader,https://icd.who.int/browse10/2019/en#/B34 https://www.cms.gov/files/zip/2026-code-tables-tabular-and-index.zip,other viral infections of unspecified site. WHO: Viral infection of unspecified site (header); CM: Viral infection of unspecified site (header)
URTI,j06.9,B97.89,CM,related,https://www.cms.gov/files/zip/2026-code-tables-tabular-and-index.zip,other viral agents as the cause of diseases classified elsewhere. CM: Oth viral agents as the cause of diseases classd elswhr
URTI,j06.9,J02.9,WHO+CM,related,https://icd.who.int/browse10/2019/en#/J02.9 https://www.cms.gov/files/zip/2026-code-tables-tabular-and-index.zip,"acute pharyngitis (own DDXPlus condition). WHO: Acute pharyngitis, unspecified; CM: Acute pharyngitis, unspecified"
URTI,j06.9,J02,WHO+CM,related,https://icd.who.int/browse10/2019/en#/J02 https://www.cms.gov/files/zip/2026-code-tables-tabular-and-index.zip,acute pharyngitis. WHO: Acute pharyngitis (header); CM: Acute pharyngitis (header)
URTI,j06.9,J04.0,WHO+CM,related,https://icd.who.int/browse10/2019/en#/J04.0 https://www.cms.gov/files/zip/2026-code-tables-tabular-and-index.zip,acute laryngitis (own DDXPlus condition). WHO: Acute laryngitis; CM: Acute laryngitis
URTI,j06.9,J04,WHO+CM,related,https://icd.who.int/browse10/2019/en#/J04 https://www.cms.gov/files/zip/2026-code-tables-tabular-and-index.zip,acute laryngitis and tracheitis. WHO: Acute laryngitis and tracheitis (header); CM: Acute laryngitis and tracheitis (header)
URTI,j06.9,J01,WHO+CM,related,https://icd.who.int/browse10/2019/en#/J01 https://www.cms.gov/files/zip/2026-code-tables-tabular-and-index.zip,acute sinusitis (own DDXPlus condition). WHO: Acute sinusitis (header); CM: Acute sinusitis (header)
URTI,j06.9,J05,WHO+CM,related,https://icd.who.int/browse10/2019/en#/J05 https://www.cms.gov/files/zip/2026-code-tables-tabular-and-index.zip,croup and epiglottitis (own DDXPlus conditions). WHO: Acute obstructive laryngitis [croup] and epiglottitis (header); CM: Acute obstructive laryngitis [croup] and epiglottitis (header)
URTI,j06.9,J11.1,WHO+CM,related,https://icd.who.int/browse10/2019/en#/J11.1 https://www.cms.gov/files/zip/2026-code-tables-tabular-and-index.zip,"influenza (own DDXPlus condition). WHO: Influenza with other respiratory manifestations, virus not identified; CM: Flu due to unidentified influenza virus w oth resp manifest"
URTI,j06.9,J11,WHO+CM,related,https://icd.who.int/browse10/2019/en#/J11 https://www.cms.gov/files/zip/2026-code-tables-tabular-and-index.zip,"influenza, virus not identified. WHO: Influenza, virus not identified (header); CM: Influenza due to unidentified influenza virus (header)"
URTI,j06.9,J10,WHO+CM,related,https://icd.who.int/browse10/2019/en#/J10 https://www.cms.gov/files/zip/2026-code-tables-tabular-and-index.zip,influenza due to identified seasonal virus. WHO: Influenza due to identified seasonal influenza virus (header); CM: Influenza due to other identified influenza virus (header)
URTI,j06.9,J09,WHO+CM,related,https://icd.who.int/browse10/2019/en#/J09 https://www.cms.gov/files/zip/2026-code-tables-tabular-and-index.zip,influenza due to identified zoonotic or pandemic virus. WHO: Influenza due to identified zoonotic or pandemic influenza virus; CM: Influenza due to certain identified influenza viruses (header)
URTI,j06.9,U07.1,WHO+CM,related,https://icd.who.int/browse10/2019/en#/U07.1 https://www.cms.gov/files/zip/2026-code-tables-tabular-and-index.zip,"COVID-19. WHO: COVID-19, virus identified; CM: COVID-19"
URTI,j06.9,J12,WHO+CM,related,https://icd.who.int/browse10/2019/en#/J12 https://www.cms.gov/files/zip/2026-code-tables-tabular-and-index.zip,"viral pneumonia (owned by Pneumonia). WHO: Viral pneumonia, not elsewhere classified (header); CM: Viral pneumonia, not elsewhere classified (header)"
URTI,j06.9,J18,WHO+CM,related,https://icd.who.int/browse10/2019/en#/J18 https://www.cms.gov/files/zip/2026-code-tables-tabular-and-index.zip,"pneumonia (own DDXPlus condition). WHO: Pneumonia, organism unspecified (header); CM: Pneumonia, unspecified organism (header)"
URTI,j06.9,J20,WHO+CM,related,https://icd.who.int/browse10/2019/en#/J20 https://www.cms.gov/files/zip/2026-code-tables-tabular-and-index.zip,acute bronchitis (lower respiratory; owned by Bronchitis). WHO: Acute bronchitis (header); CM: Acute bronchitis (header)
URTI,j06.9,J22,WHO+CM,related,https://icd.who.int/browse10/2019/en#/J22 https://www.cms.gov/files/zip/2026-code-tables-tabular-and-index.zip,unspecified acute lower respiratory infection. WHO: Unspecified acute lower respiratory infection; CM: Unspecified acute lower respiratory infection
URTI,j06.9,J21,WHO+CM,related,https://icd.who.int/browse10/2019/en#/J21 https://www.cms.gov/files/zip/2026-code-tables-tabular-and-index.zip,acute bronchiolitis (own DDXPlus condition). WHO: Acute bronchiolitis (header); CM: Acute bronchiolitis (header)
URTI,j06.9,J31,WHO+CM,related,https://icd.who.int/browse10/2019/en#/J31 https://www.cms.gov/files/zip/2026-code-tables-tabular-and-index.zip,"chronic rhinitis, nasopharyngitis and pharyngitis. WHO: Chronic rhinitis, nasopharyngitis and pharyngitis (header); CM: Chronic rhinitis, nasopharyngitis and pharyngitis (header)"
URTI,j06.9,J32,WHO+CM,related,https://icd.who.int/browse10/2019/en#/J32 https://www.cms.gov/files/zip/2026-code-tables-tabular-and-index.zip,chronic sinusitis (own DDXPlus condition). WHO: Chronic sinusitis (header); CM: Chronic sinusitis (header)
URTI,j06.9,J30,WHO+CM,related,https://icd.who.int/browse10/2019/en#/J30 https://www.cms.gov/files/zip/2026-code-tables-tabular-and-index.zip,allergic rhinitis (own DDXPlus condition). WHO: Vasomotor and allergic rhinitis (header); CM: Vasomotor and allergic rhinitis (header)
URTI,j06.9,J39.8,WHO+CM,related,https://icd.who.int/browse10/2019/en#/J39.8 https://www.cms.gov/files/zip/2026-code-tables-tabular-and-index.zip,other specified diseases of upper respiratory tract. WHO: Other specified diseases of upper respiratory tract; CM: Other specified diseases of upper respiratory tract
URTI,j06.9,J39.9,WHO+CM,related,https://icd.who.int/browse10/2019/en#/J39.9 https://www.cms.gov/files/zip/2026-code-tables-tabular-and-index.zip,"disease of upper respiratory tract, unspecified. WHO: Disease of upper respiratory tract, unspecified; CM: Disease of upper respiratory tract, unspecified"
URTI,j06.9,R05,WHO+CM,related,https://icd.who.int/browse10/2019/en#/R05 https://www.cms.gov/files/zip/2026-code-tables-tabular-and-index.zip,cough. WHO: Cough; CM: Cough (header)
URTI,j06.9,R50.9,WHO+CM,related,https://icd.who.int/browse10/2019/en#/R50.9 https://www.cms.gov/files/zip/2026-code-tables-tabular-and-index.zip,"fever, unspecified. WHO: Fever, unspecified; CM: Fever, unspecified"
URTI,j06.9,R51,WHO+CM,related,https://icd.who.int/browse10/2019/en#/R51 https://www.cms.gov/files/zip/2026-code-tables-tabular-and-index.zip,headache. WHO: Headache; CM: Headache (header)
URTI,j06.9,B27,WHO+CM,related,https://icd.who.int/browse10/2019/en#/B27 https://www.cms.gov/files/zip/2026-code-tables-tabular-and-index.zip,infectious mononucleosis. WHO: Infectious mononucleosis (header); CM: Infectious mononucleosis (header)
URTI,j06.9,H66,WHO+CM,related,https://icd.who.int/browse10/2019/en#/H66 https://www.cms.gov/files/zip/2026-code-tables-tabular-and-index.zip,otitis media (own DDXPlus condition). WHO: Suppurative and unspecified otitis media (header); CM: Suppurative and unspecified otitis media (header)
URTI,j06.9,B08.5,WHO+CM,related,https://icd.who.int/browse10/2019/en#/B08.5 https://www.cms.gov/files/zip/2026-code-tables-tabular-and-index.zip,enteroviral vesicular pharyngitis (owned by Viral pharyngitis). WHO: Enteroviral vesicular pharyngitis; CM: Enteroviral vesicular pharyngitis
URTI,j06.9,B00.2,WHO+CM,related,https://icd.who.int/browse10/2019/en#/B00.2 https://www.cms.gov/files/zip/2026-code-tables-tabular-and-index.zip,herpesviral pharyngotonsillitis (owned by Viral pharyngitis). WHO: Herpesviral gingivostomatitis and pharyngotonsillitis; CM: Herpesviral gingivostomatitis and pharyngotonsillitis
URTI,j06.9,M31.6,WHO+CM,related,https://icd.who.int/browse10/2019/en#/M31.6 https://www.cms.gov/files/zip/2026-code-tables-tabular-and-index.zip,giant cell arteritis. WHO: Other giant cell arteritis; CM: Other giant cell arteritis
URTI,j06.9,G03.9,WHO+CM,related,https://icd.who.int/browse10/2019/en#/G03.9 https://www.cms.gov/files/zip/2026-code-tables-tabular-and-index.zip,"meningitis, unspecified. WHO: Meningitis, unspecified; CM: Meningitis, unspecified"
URTI,j06.9,J36,WHO+CM,related,https://icd.who.int/browse10/2019/en#/J36 https://www.cms.gov/files/zip/2026-code-tables-tabular-and-index.zip,peritonsillar abscess. WHO: Peritonsillar abscess; CM: Peritonsillar abscess
URTI,j06.9,A37,WHO+CM,related,https://icd.who.int/browse10/2019/en#/A37 https://www.cms.gov/files/zip/2026-code-tables-tabular-and-index.zip,whooping cough (own DDXPlus condition). WHO: Whooping cough (header); CM: Whooping cough (header)
URTI,j06.9,J45,WHO+CM,related,https://icd.who.int/browse10/2019/en#/J45 https://www.cms.gov/files/zip/2026-code-tables-tabular-and-index.zip,asthma (own DDXPlus condition). WHO: Asthma (header); CM: Asthma (header)
Influenza,j11.1,J11.1,WHO+CM,equivalent,https://icd.who.int/browse10/2019/en#/J11.1 https://www.cms.gov/files/zip/2026-code-tables-tabular-and-index.zip,"DDXPlus code; influenza with other respiratory manifestations, virus not identified (CM inclusion ""Influenza NOS""). WHO: Influenza with other respiratory manifestations, virus not identified; CM: Flu due to unidentified influenza virus w oth resp manifest"
Influenza,j11.1,J11,WHO+CM,equivalent,https://icd.who.int/browse10/2019/en#/J11 https://www.cms.gov/files/zip/2026-code-tables-tabular-and-index.zip,"influenza due to unidentified influenza virus. WHO: Influenza, virus not identified (header); CM: Influenza due to unidentified influenza virus (header)"
Influenza,j11.1,J11.0,WHO+CM,narrower,https://icd.who.int/browse10/2019/en#/J11.0 https://www.cms.gov/files/zip/2026-code-tables-tabular-and-index.zip,"influenza with pneumonia, virus not identified (CM J11.00, J11.08). WHO: Influenza with pneumonia, virus not identified; CM: Influenza due to unidentified influenza virus with pneumonia (header)"
Influenza,j11.1,J11.2,CM,narrower,https://www.cms.gov/files/zip/2026-code-tables-tabular-and-index.zip,"influenza with gastrointestinal manifestations, virus not identified (CM). CM: Influenza due to unidentified influenza virus w GI manifest"
Influenza,j11.1,J11.8,WHO+CM,narrower,https://icd.who.int/browse10/2019/en#/J11.8 https://www.cms.gov/files/zip/2026-code-tables-tabular-and-index.zip,"influenza with other manifestations, virus not identified. WHO: Influenza with other manifestations, virus not identified; CM: Influenza due to unidentified influenza virus w oth manifest (header)"
Influenza,j11.1,J10,WHO+CM,narrower,https://icd.who.int/browse10/2019/en#/J10 https://www.cms.gov/files/zip/2026-code-tables-tabular-and-index.zip,influenza due to other identified influenza virus (seasonal). WHO: Influenza due to identified seasonal influenza virus (header); CM: Influenza due to other identified influenza virus (header)
Influenza,j11.1,J10.0,WHO+CM,narrower,https://icd.who.int/browse10/2019/en#/J10.0 https://www.cms.gov/files/zip/2026-code-tables-tabular-and-index.zip,"influenza with pneumonia, seasonal virus identified. WHO: Influenza with pneumonia, seasonal influenza virus identified; CM: Influenza due to oth identified influenza virus w pneumonia (header)"
Influenza,j11.1,J10.1,WHO+CM,narrower,https://icd.who.int/browse10/2019/en#/J10.1 https://www.cms.gov/files/zip/2026-code-tables-tabular-and-index.zip,"influenza with other respiratory manifestations, seasonal virus identified. WHO: Influenza with other respiratory manifestations, seasonal influenza virus identified; CM: Flu due to oth ident influenza virus w oth resp manifest"
Influenza,j11.1,J10.2,CM,narrower,https://www.cms.gov/files/zip/2026-code-tables-tabular-and-index.zip,"influenza with gastrointestinal manifestations, seasonal virus identified. CM: Influenza due to oth ident influenza virus w GI manifest"
Influenza,j11.1,J10.8,WHO+CM,narrower,https://icd.who.int/browse10/2019/en#/J10.8 https://www.cms.gov/files/zip/2026-code-tables-tabular-and-index.zip,"influenza with other manifestations, seasonal virus identified. WHO: Influenza with other manifestations, seasonal influenza virus identified; CM: Influenza due to oth ident influenza virus w oth manifest (header)"
Influenza,j11.1,J09,WHO+CM,narrower,https://icd.who.int/browse10/2019/en#/J09 https://www.cms.gov/files/zip/2026-code-tables-tabular-and-index.zip,influenza due to identified novel influenza A virus (zoonotic or pandemic). WHO: Influenza due to identified zoonotic or pandemic influenza virus; CM: Influenza due to certain identified influenza viruses (header)
Influenza,j11.1,J12.9,WHO+CM,related,https://icd.who.int/browse10/2019/en#/J12.9 https://www.cms.gov/files/zip/2026-code-tables-tabular-and-index.zip,"viral pneumonia, unspecified (owned by Pneumonia). WHO: Viral pneumonia, unspecified; CM: Viral pneumonia, unspecified"
Influenza,j11.1,J12,WHO+CM,related,https://icd.who.int/browse10/2019/en#/J12 https://www.cms.gov/files/zip/2026-code-tables-tabular-and-index.zip,"viral pneumonia (owned by Pneumonia). WHO: Viral pneumonia, not elsewhere classified (header); CM: Viral pneumonia, not elsewhere classified (header)"
Influenza,j11.1,U07.1,WHO+CM,related,https://icd.who.int/browse10/2019/en#/U07.1 https://www.cms.gov/files/zip/2026-code-tables-tabular-and-index.zip,"COVID-19. WHO: COVID-19, virus identified; CM: COVID-19"
Influenza,j11.1,B34.9,WHO+CM,broader,https://icd.who.int/browse10/2019/en#/B34.9 https://www.cms.gov/files/zip/2026-code-tables-tabular-and-index.zip,"viral infection, unspecified. WHO: Viral infection, unspecified; CM: Viral infection, unspecified"
Influenza,j11.1,B34,WHO+CM,broader,https://icd.who.int/browse10/2019/en#/B34 https://www.cms.gov/files/zip/2026-code-tables-tabular-and-index.zip,other viral infections of unspecified site. WHO: Viral infection of unspecified site (header); CM: Viral infection of unspecified site (header)
Influenza,j11.1,B97.89,CM,related,https://www.cms.gov/files/zip/2026-code-tables-tabular-and-index.zip,other viral agents as the cause of diseases classified elsewhere. CM: Oth viral agents as the cause of diseases classd elswhr
Influenza,j11.1,J06.9,WHO+CM,related,https://icd.who.int/browse10/2019/en#/J06.9 https://www.cms.gov/files/zip/2026-code-tables-tabular-and-index.zip,"acute upper respiratory infection (own DDXPlus condition). WHO: Acute upper respiratory infection, unspecified; CM: Acute upper respiratory infection, unspecified"
Influenza,j11.1,J06,WHO+CM,related,https://icd.who.int/browse10/2019/en#/J06 https://www.cms.gov/files/zip/2026-code-tables-tabular-and-index.zip,acute upper respiratory infections of multiple and unspecified sites. WHO: Acute upper respiratory infections of multiple and unspecified sites (header); CM: Acute upper resp infections of multiple and unsp sites (header)
Influenza,j11.1,J00,WHO+CM,related,https://icd.who.int/browse10/2019/en#/J00 https://www.cms.gov/files/zip/2026-code-tables-tabular-and-index.zip,common cold (owned by URTI). WHO: Acute nasopharyngitis [common cold]; CM: Acute nasopharyngitis [common cold]
Influenza,j11.1,J18,WHO+CM,related,https://icd.who.int/browse10/2019/en#/J18 https://www.cms.gov/files/zip/2026-code-tables-tabular-and-index.zip,"pneumonia (own DDXPlus condition). WHO: Pneumonia, organism unspecified (header); CM: Pneumonia, unspecified organism (header)"
Influenza,j11.1,R50.9,WHO+CM,related,https://icd.who.int/browse10/2019/en#/R50.9 https://www.cms.gov/files/zip/2026-code-tables-tabular-and-index.zip,"fever, unspecified. WHO: Fever, unspecified; CM: Fever, unspecified"
Influenza,j11.1,G03.9,WHO+CM,related,https://icd.who.int/browse10/2019/en#/G03.9 https://www.cms.gov/files/zip/2026-code-tables-tabular-and-index.zip,"meningitis, unspecified. WHO: Meningitis, unspecified; CM: Meningitis, unspecified"
Influenza,j11.1,G03,WHO+CM,related,https://icd.who.int/browse10/2019/en#/G03 https://www.cms.gov/files/zip/2026-code-tables-tabular-and-index.zip,meningitis due to other and unspecified causes. WHO: Meningitis due to other and unspecified causes (header); CM: Meningitis due to other and unspecified causes (header)
Influenza,j11.1,A87,WHO+CM,related,https://icd.who.int/browse10/2019/en#/A87 https://www.cms.gov/files/zip/2026-code-tables-tabular-and-index.zip,viral meningitis. WHO: Viral meningitis (header); CM: Viral meningitis (header)
Influenza,j11.1,B27,WHO+CM,related,https://icd.who.int/browse10/2019/en#/B27 https://www.cms.gov/files/zip/2026-code-tables-tabular-and-index.zip,infectious mononucleosis. WHO: Infectious mononucleosis (header); CM: Infectious mononucleosis (header)
Influenza,j11.1,J20,WHO+CM,related,https://icd.who.int/browse10/2019/en#/J20 https://www.cms.gov/files/zip/2026-code-tables-tabular-and-index.zip,acute bronchitis (owned by Bronchitis). WHO: Acute bronchitis (header); CM: Acute bronchitis (header)
Influenza,j11.1,J22,WHO+CM,related,https://icd.who.int/browse10/2019/en#/J22 https://www.cms.gov/files/zip/2026-code-tables-tabular-and-index.zip,unspecified acute lower respiratory infection. WHO: Unspecified acute lower respiratory infection; CM: Unspecified acute lower respiratory infection
Influenza,j11.1,J02.9,WHO+CM,related,https://icd.who.int/browse10/2019/en#/J02.9 https://www.cms.gov/files/zip/2026-code-tables-tabular-and-index.zip,"acute pharyngitis (own DDXPlus condition). WHO: Acute pharyngitis, unspecified; CM: Acute pharyngitis, unspecified"
Influenza,j11.1,B33.8,WHO+CM,related,https://icd.who.int/browse10/2019/en#/B33.8 https://www.cms.gov/files/zip/2026-code-tables-tabular-and-index.zip,other specified viral diseases. WHO: Other specified viral diseases; CM: Other specified viral diseases
Influenza,j11.1,B99,WHO+CM,broader,https://icd.who.int/browse10/2019/en#/B99 https://www.cms.gov/files/zip/2026-code-tables-tabular-and-index.zip,other and unspecified infectious diseases. WHO: Other and unspecified infectious diseases; CM: Other and unspecified infectious diseases (header)
Influenza,j11.1,R51,WHO+CM,related,https://icd.who.int/browse10/2019/en#/R51 https://www.cms.gov/files/zip/2026-code-tables-tabular-and-index.zip,headache. WHO: Headache; CM: Headache (header)
Influenza,j11.1,M79.1,WHO+CM,related,https://icd.who.int/browse10/2019/en#/M79.1 https://www.cms.gov/files/zip/2026-code-tables-tabular-and-index.zip,myalgia. WHO: Myalgia; CM: Myalgia (header)
Influenza,j11.1,B02,WHO+CM,related,https://icd.who.int/browse10/2019/en#/B02 https://www.cms.gov/files/zip/2026-code-tables-tabular-and-index.zip,zoster. WHO: Zoster [herpes zoster] (header); CM: Zoster [herpes zoster] (header)
Influenza,j11.1,B09,WHO+CM,related,https://icd.who.int/browse10/2019/en#/B09 https://www.cms.gov/files/zip/2026-code-tables-tabular-and-index.zip,unspecified viral infection characterized by skin and mucous membrane lesions. WHO: Unspecified viral infection characterized by skin and mucous membrane lesions; CM: Unsp viral infection with skin and mucous membrane lesions
Influenza,j11.1,A41,WHO+CM,related,https://icd.who.int/browse10/2019/en#/A41 https://www.cms.gov/files/zip/2026-code-tables-tabular-and-index.zip,other sepsis. WHO: Other sepsis (header); CM: Other sepsis (header)
Influenza,j11.1,J01,WHO+CM,related,https://icd.who.int/browse10/2019/en#/J01 https://www.cms.gov/files/zip/2026-code-tables-tabular-and-index.zip,acute sinusitis (own DDXPlus condition). WHO: Acute sinusitis (header); CM: Acute sinusitis (header)
Pneumonia,"j17, j18",J17,WHO+CM,equivalent,https://icd.who.int/browse10/2019/en#/J17 https://www.cms.gov/files/zip/2026-code-tables-tabular-and-index.zip,DDXPlus code; pneumonia in diseases classified elsewhere. WHO: Pneumonia in diseases classified elsewhere (header); CM: Pneumonia in diseases classified elsewhere
Pneumonia,"j17, j18",J18,WHO+CM,equivalent,https://icd.who.int/browse10/2019/en#/J18 https://www.cms.gov/files/zip/2026-code-tables-tabular-and-index.zip,"DDXPlus code; pneumonia, organism unspecified. WHO: Pneumonia, organism unspecified (header); CM: Pneumonia, unspecified organism (header)"
Pneumonia,"j17, j18",J18.0,WHO+CM,narrower,https://icd.who.int/browse10/2019/en#/J18.0 https://www.cms.gov/files/zip/2026-code-tables-tabular-and-index.zip,"bronchopneumonia, unspecified organism. WHO: Bronchopneumonia, unspecified; CM: Bronchopneumonia, unspecified organism"
Pneumonia,"j17, j18",J18.1,WHO+CM,narrower,https://icd.who.int/browse10/2019/en#/J18.1 https://www.cms.gov/files/zip/2026-code-tables-tabular-and-index.zip,"lobar pneumonia, unspecified organism. WHO: Lobar pneumonia, unspecified; CM: Lobar pneumonia, unspecified organism"
Pneumonia,"j17, j18",J18.2,WHO+CM,narrower,https://icd.who.int/browse10/2019/en#/J18.2 https://www.cms.gov/files/zip/2026-code-tables-tabular-and-index.zip,"hypostatic pneumonia, unspecified organism. WHO: Hypostatic pneumonia, unspecified; CM: Hypostatic pneumonia, unspecified organism"
Pneumonia,"j17, j18",J18.8,WHO+CM,narrower,https://icd.who.int/browse10/2019/en#/J18.8 https://www.cms.gov/files/zip/2026-code-tables-tabular-and-index.zip,"other pneumonia, unspecified organism. WHO: Other pneumonia, organism unspecified; CM: Other pneumonia, unspecified organism"
Pneumonia,"j17, j18",J18.9,WHO+CM,equivalent,https://icd.who.int/browse10/2019/en#/J18.9 https://www.cms.gov/files/zip/2026-code-tables-tabular-and-index.zip,"pneumonia, unspecified organism (the common default code). WHO: Pneumonia, unspecified; CM: Pneumonia, unspecified organism"
Pneumonia,"j17, j18",J12,WHO+CM,narrower,https://icd.who.int/browse10/2019/en#/J12 https://www.cms.gov/files/zip/2026-code-tables-tabular-and-index.zip,"viral pneumonia, not elsewhere classified (J12.0-J12.9; CM J12.81 SARS, J12.82 COVID-19 pneumonia, J12.89). WHO: Viral pneumonia, not elsewhere classified (header); CM: Viral pneumonia, not elsewhere classified (header)"
Pneumonia,"j17, j18",J13,WHO+CM,narrower,https://icd.who.int/browse10/2019/en#/J13 https://www.cms.gov/files/zip/2026-code-tables-tabular-and-index.zip,pneumonia due to Streptococcus pneumoniae. WHO: Pneumonia due to Streptococcus pneumoniae; CM: Pneumonia due to Streptococcus pneumoniae
Pneumonia,"j17, j18",J14,WHO+CM,narrower,https://icd.who.int/browse10/2019/en#/J14 https://www.cms.gov/files/zip/2026-code-tables-tabular-and-index.zip,pneumonia due to Haemophilus influenzae. WHO: Pneumonia due to Haemophilus influenzae; CM: Pneumonia due to Hemophilus influenzae
Pneumonia,"j17, j18",J15,WHO+CM,narrower,https://icd.who.int/browse10/2019/en#/J15 https://www.cms.gov/files/zip/2026-code-tables-tabular-and-index.zip,"bacterial pneumonia, not elsewhere classified. WHO: Bacterial pneumonia, not elsewhere classified (header); CM: Bacterial pneumonia, not elsewhere classified (header)"
Pneumonia,"j17, j18",J16,WHO+CM,narrower,https://icd.who.int/browse10/2019/en#/J16 https://www.cms.gov/files/zip/2026-code-tables-tabular-and-index.zip,"pneumonia due to other infectious organisms. WHO: Pneumonia due to other infectious organisms, not elsewhere classified (header); CM: Pneumonia due to oth infectious organisms, NEC (header)"
Pneumonia,"j17, j18",B59,CM,narrower,https://www.cms.gov/files/zip/2026-code-tables-tabular-and-index.zip,pneumocystosis (Pneumocystis pneumonia; CM excludes it from J17 because it is coded here). CM: Pneumocystosis
Pneumonia,"j17, j18",A48.1,WHO+CM,narrower,https://icd.who.int/browse10/2019/en#/A48.1 https://www.cms.gov/files/zip/2026-code-tables-tabular-and-index.zip,Legionnaires' disease (Legionella pneumonia). WHO: Legionnaires disease; CM: Legionnaires' disease
Pneumonia,"j17, j18",J69.0,WHO+CM,related,https://icd.who.int/browse10/2019/en#/J69.0 https://www.cms.gov/files/zip/2026-code-tables-tabular-and-index.zip,pneumonitis due to inhalation of food and vomit (aspiration pneumonitis). WHO: Pneumonitis due to food and vomit; CM: Pneumonitis due to inhalation of food and vomit
Pneumonia,"j17, j18",J69,WHO+CM,related,https://icd.who.int/browse10/2019/en#/J69 https://www.cms.gov/files/zip/2026-code-tables-tabular-and-index.zip,pneumonitis due to solids and liquids. WHO: Pneumonitis due to solids and liquids (header); CM: Pneumonitis due to solids and liquids (header)
Pneumonia,"j17, j18",J85,WHO+CM,broader,https://icd.who.int/browse10/2019/en#/J85 https://www.cms.gov/files/zip/2026-code-tables-tabular-and-index.zip,"abscess of lung and mediastinum. WHO: Abscess of lung and mediastinum (header); CM: Abscess of lung and mediastinum (header); relation raised from related: family row (docs/v0.3-validity-review.md section 1.1), clinical-family prefix J85"
Pneumonia,"j17, j18",J85.1,WHO+CM,broader,https://icd.who.int/browse10/2019/en#/J85.1 https://www.cms.gov/files/zip/2026-code-tables-tabular-and-index.zip,"abscess of lung with pneumonia (complication). WHO: Abscess of lung with pneumonia; CM: Abscess of lung with pneumonia; relation raised from related: family row (docs/v0.3-validity-review.md section 1.1), clinical-family prefix J85"
Pneumonia,"j17, j18",J86,WHO+CM,broader,https://icd.who.int/browse10/2019/en#/J86 https://www.cms.gov/files/zip/2026-code-tables-tabular-and-index.zip,"pyothorax (empyema). WHO: Pyothorax (header); CM: Pyothorax (header); relation raised from related: family row (docs/v0.3-validity-review.md section 1.1), clinical-family prefix J86"
Pneumonia,"j17, j18",J90,WHO+CM,related,https://icd.who.int/browse10/2019/en#/J90 https://www.cms.gov/files/zip/2026-code-tables-tabular-and-index.zip,"pleural effusion, not elsewhere classified. WHO: Pleural effusion, not elsewhere classified; CM: Pleural effusion, not elsewhere classified"
Pneumonia,"j17, j18",J22,WHO+CM,broader,https://icd.who.int/browse10/2019/en#/J22 https://www.cms.gov/files/zip/2026-code-tables-tabular-and-index.zip,unspecified acute lower respiratory infection. WHO: Unspecified acute lower respiratory infection; CM: Unspecified acute lower respiratory infection
Pneumonia,"j17, j18",J10.0,WHO+CM,related,https://icd.who.int/browse10/2019/en#/J10.0 https://www.cms.gov/files/zip/2026-code-tables-tabular-and-index.zip,"influenza with pneumonia, seasonal virus identified (owned by Influenza). WHO: Influenza with pneumonia, seasonal influenza virus identified; CM: Influenza due to oth identified influenza virus w pneumonia (header)"
Pneumonia,"j17, j18",J11.0,WHO+CM,related,https://icd.who.int/browse10/2019/en#/J11.0 https://www.cms.gov/files/zip/2026-code-tables-tabular-and-index.zip,"influenza with pneumonia, virus not identified (owned by Influenza). WHO: Influenza with pneumonia, virus not identified; CM: Influenza due to unidentified influenza virus with pneumonia (header)"
Pneumonia,"j17, j18",U07.1,WHO+CM,related,https://icd.who.int/browse10/2019/en#/U07.1 https://www.cms.gov/files/zip/2026-code-tables-tabular-and-index.zip,"COVID-19 (without a pneumonia code). WHO: COVID-19, virus identified; CM: COVID-19"
Pneumonia,"j17, j18",A15.0,WHO+CM,related,https://icd.who.int/browse10/2019/en#/A15.0 https://www.cms.gov/files/zip/2026-code-tables-tabular-and-index.zip,"tuberculosis of lung (owned by Tuberculosis). WHO: Tuberculosis of lung, confirmed by sputum microscopy with or without culture; CM: Tuberculosis of lung"
Pneumonia,"j17, j18",A15,WHO+CM,related,https://icd.who.int/browse10/2019/en#/A15 https://www.cms.gov/files/zip/2026-code-tables-tabular-and-index.zip,"respiratory tuberculosis (own DDXPlus condition). WHO: Respiratory tuberculosis, bacteriologically and histologically confirmed (header); CM: Respiratory tuberculosis (header)"
Pneumonia,"j17, j18",J84,WHO+CM,related,https://icd.who.int/browse10/2019/en#/J84 https://www.cms.gov/files/zip/2026-code-tables-tabular-and-index.zip,interstitial lung disease. WHO: Other interstitial pulmonary diseases (header); CM: Other interstitial pulmonary diseases (header)
Pneumonia,"j17, j18",J84.9,WHO+CM,related,https://icd.who.int/browse10/2019/en#/J84.9 https://www.cms.gov/files/zip/2026-code-tables-tabular-and-index.zip,"interstitial pulmonary disease, unspecified. WHO: Interstitial pulmonary disease, unspecified; CM: Interstitial pulmonary disease, unspecified"
Pneumonia,"j17, j18",J47.0,CM,related,https://www.cms.gov/files/zip/2026-code-tables-tabular-and-index.zip,bronchiectasis with acute lower respiratory infection (owned by Bronchiectasis). CM: Bronchiectasis with acute lower respiratory infection
Pneumonia,"j17, j18",J44.0,WHO+CM,related,https://icd.who.int/browse10/2019/en#/J44.0 https://www.cms.gov/files/zip/2026-code-tables-tabular-and-index.zip,COPD with acute lower respiratory infection (owned by COPD). WHO: Chronic obstructive pulmonary disease with acute lower respiratory infection; CM: Chr obstructive pulmon disease with (acute) lower resp infct
Pneumonia,"j17, j18",J20,WHO+CM,related,https://icd.who.int/browse10/2019/en#/J20 https://www.cms.gov/files/zip/2026-code-tables-tabular-and-index.zip,acute bronchitis (owned by Bronchitis). WHO: Acute bronchitis (header); CM: Acute bronchitis (header)
Pneumonia,"j17, j18",J21,WHO+CM,related,https://icd.who.int/browse10/2019/en#/J21 https://www.cms.gov/files/zip/2026-code-tables-tabular-and-index.zip,acute bronchiolitis (own DDXPlus condition). WHO: Acute bronchiolitis (header); CM: Acute bronchiolitis (header)
Pneumonia,"j17, j18",C34,WHO+CM,related,https://icd.who.int/browse10/2019/en#/C34 https://www.cms.gov/files/zip/2026-code-tables-tabular-and-index.zip,lung cancer (own DDXPlus condition). WHO: Malignant neoplasm of bronchus and lung (header); CM: Malignant neoplasm of bronchus and lung (header)
Pneumonia,"j17, j18",R09.1,WHO+CM,related,https://icd.who.int/browse10/2019/en#/R09.1 https://www.cms.gov/files/zip/2026-code-tables-tabular-and-index.zip,pleurisy. WHO: Pleurisy; CM: Pleurisy
Pneumonia,"j17, j18",R04.2,WHO+CM,related,https://icd.who.int/browse10/2019/en#/R04.2 https://www.cms.gov/files/zip/2026-code-tables-tabular-and-index.zip,haemoptysis. WHO: Haemoptysis; CM: Hemoptysis
Pneumonia,"j17, j18",J96.0,WHO+CM,related,https://icd.who.int/browse10/2019/en#/J96.0 https://www.cms.gov/files/zip/2026-code-tables-tabular-and-index.zip,acute respiratory failure. WHO: Acute respiratory failure; CM: Acute respiratory failure (header)
Pneumonia,"j17, j18",A41.9,WHO+CM,related,https://icd.who.int/browse10/2019/en#/A41.9 https://www.cms.gov/files/zip/2026-code-tables-tabular-and-index.zip,"sepsis, unspecified organism. WHO: Sepsis, unspecified; CM: Sepsis, unspecified organism"
Pneumonia,"j17, j18",A41,WHO+CM,related,https://icd.who.int/browse10/2019/en#/A41 https://www.cms.gov/files/zip/2026-code-tables-tabular-and-index.zip,other sepsis. WHO: Other sepsis (header); CM: Other sepsis (header)
Pneumonia,"j17, j18",R05,WHO+CM,related,https://icd.who.int/browse10/2019/en#/R05 https://www.cms.gov/files/zip/2026-code-tables-tabular-and-index.zip,cough. WHO: Cough; CM: Cough (header)
Pneumonia,"j17, j18",J98.4,WHO+CM,related,https://icd.who.int/browse10/2019/en#/J98.4 https://www.cms.gov/files/zip/2026-code-tables-tabular-and-index.zip,other disorders of lung. WHO: Other disorders of lung; CM: Other disorders of lung
Pneumonia,"j17, j18",B02,WHO+CM,related,https://icd.who.int/browse10/2019/en#/B02 https://www.cms.gov/files/zip/2026-code-tables-tabular-and-index.zip,zoster. WHO: Zoster [herpes zoster] (header); CM: Zoster [herpes zoster] (header)
Pneumonia,"j17, j18",J43,WHO+CM,related,https://icd.who.int/browse10/2019/en#/J43 https://www.cms.gov/files/zip/2026-code-tables-tabular-and-index.zip,emphysema. WHO: Emphysema (header); CM: Emphysema (header)
Pneumonia,"j17, j18",J45,WHO+CM,related,https://icd.who.int/browse10/2019/en#/J45 https://www.cms.gov/files/zip/2026-code-tables-tabular-and-index.zip,asthma (own DDXPlus condition). WHO: Asthma (header); CM: Asthma (header)
Pneumonia,"j17, j18",I26,WHO+CM,related,https://icd.who.int/browse10/2019/en#/I26 https://www.cms.gov/files/zip/2026-code-tables-tabular-and-index.zip,pulmonary embolism (own DDXPlus condition). WHO: Pulmonary embolism (header); CM: Pulmonary embolism (header)
Pneumonia,"j17, j18",J93,WHO+CM,related,https://icd.who.int/browse10/2019/en#/J93 https://www.cms.gov/files/zip/2026-code-tables-tabular-and-index.zip,pneumothorax (own DDXPlus condition). WHO: Pneumothorax (header); CM: Pneumothorax and air leak (header)
Pneumonia,"j17, j18",B44.0,WHO+CM,related,https://icd.who.int/browse10/2019/en#/B44.0 https://www.cms.gov/files/zip/2026-code-tables-tabular-and-index.zip,invasive pulmonary aspergillosis. WHO: Invasive pulmonary aspergillosis; CM: Invasive pulmonary aspergillosis
Pneumonia,"j17, j18",A37.01,CM,related,https://www.cms.gov/files/zip/2026-code-tables-tabular-and-index.zip,whooping cough due to Bordetella pertussis with pneumonia (owned by Whooping cough). CM: Whooping cough due to Bordetella pertussis with pneumonia
Pneumonia,"j17, j18",J09,WHO+CM,related,https://icd.who.int/browse10/2019/en#/J09 https://www.cms.gov/files/zip/2026-code-tables-tabular-and-index.zip,influenza due to identified novel influenza A virus (owned by Influenza). WHO: Influenza due to identified zoonotic or pandemic influenza virus; CM: Influenza due to certain identified influenza viruses (header)
Pneumonia,"j17, j18",J10,WHO+CM,related,https://icd.who.int/browse10/2019/en#/J10 https://www.cms.gov/files/zip/2026-code-tables-tabular-and-index.zip,influenza due to identified seasonal virus (owned by Influenza). WHO: Influenza due to identified seasonal influenza virus (header); CM: Influenza due to other identified influenza virus (header)
Pneumonia,"j17, j18",J11,WHO+CM,related,https://icd.who.int/browse10/2019/en#/J11 https://www.cms.gov/files/zip/2026-code-tables-tabular-and-index.zip,"influenza, virus not identified (owned by Influenza). WHO: Influenza, virus not identified (header); CM: Influenza due to unidentified influenza virus (header)"
Acute rhinosinusitis,j01,J01,WHO+CM,equivalent,https://icd.who.int/browse10/2019/en#/J01 https://www.cms.gov/files/zip/2026-code-tables-tabular-and-index.zip,DDXPlus code; acute sinusitis. WHO: Acute sinusitis (header); CM: Acute sinusitis (header)
Acute rhinosinusitis,j01,J01.0,WHO+CM,narrower,https://icd.who.int/browse10/2019/en#/J01.0 https://www.cms.gov/files/zip/2026-code-tables-tabular-and-index.zip,acute maxillary sinusitis. WHO: Acute maxillary sinusitis; CM: Acute maxillary sinusitis (header)
Acute rhinosinusitis,j01,J01.1,WHO+CM,narrower,https://icd.who.int/browse10/2019/en#/J01.1 https://www.cms.gov/files/zip/2026-code-tables-tabular-and-index.zip,acute frontal sinusitis. WHO: Acute frontal sinusitis; CM: Acute frontal sinusitis (header)
Acute rhinosinusitis,j01,J01.2,WHO+CM,narrower,https://icd.who.int/browse10/2019/en#/J01.2 https://www.cms.gov/files/zip/2026-code-tables-tabular-and-index.zip,acute ethmoidal sinusitis. WHO: Acute ethmoidal sinusitis; CM: Acute ethmoidal sinusitis (header)
Acute rhinosinusitis,j01,J01.3,WHO+CM,narrower,https://icd.who.int/browse10/2019/en#/J01.3 https://www.cms.gov/files/zip/2026-code-tables-tabular-and-index.zip,acute sphenoidal sinusitis. WHO: Acute sphenoidal sinusitis; CM: Acute sphenoidal sinusitis (header)
Acute rhinosinusitis,j01,J01.4,WHO+CM,narrower,https://icd.who.int/browse10/2019/en#/J01.4 https://www.cms.gov/files/zip/2026-code-tables-tabular-and-index.zip,acute pansinusitis. WHO: Acute pansinusitis; CM: Acute pansinusitis (header)
Acute rhinosinusitis,j01,J01.8,WHO+CM,narrower,https://icd.who.int/browse10/2019/en#/J01.8 https://www.cms.gov/files/zip/2026-code-tables-tabular-and-index.zip,other acute sinusitis. WHO: Other acute sinusitis; CM: Other acute sinusitis (header)
Acute rhinosinusitis,j01,J01.9,WHO+CM,equivalent,https://icd.who.int/browse10/2019/en#/J01.9 https://www.cms.gov/files/zip/2026-code-tables-tabular-and-index.zip,"acute sinusitis, unspecified (CM J01.90, J01.91). WHO: Acute sinusitis, unspecified; CM: Acute sinusitis, unspecified (header)"
Acute rhinosinusitis,j01,J32,WHO+CM,related,https://icd.who.int/browse10/2019/en#/J32 https://www.cms.gov/files/zip/2026-code-tables-tabular-and-index.zip,chronic sinusitis (own DDXPlus condition). WHO: Chronic sinusitis (header); CM: Chronic sinusitis (header)
Acute rhinosinusitis,j01,J32.9,WHO+CM,related,https://icd.who.int/browse10/2019/en#/J32.9 https://www.cms.gov/files/zip/2026-code-tables-tabular-and-index.zip,"chronic sinusitis, unspecified (owned by Chronic rhinosinusitis). WHO: Chronic sinusitis, unspecified; CM: Chronic sinusitis, unspecified"
Acute rhinosinusitis,j01,J30,WHO+CM,related,https://icd.who.int/browse10/2019/en#/J30 https://www.cms.gov/files/zip/2026-code-tables-tabular-and-index.zip,allergic rhinitis (own DDXPlus condition). WHO: Vasomotor and allergic rhinitis (header); CM: Vasomotor and allergic rhinitis (header)
Acute rhinosinusitis,j01,J00,WHO+CM,related,https://icd.who.int/browse10/2019/en#/J00 https://www.cms.gov/files/zip/2026-code-tables-tabular-and-index.zip,common cold (owned by URTI). WHO: Acute nasopharyngitis [common cold]; CM: Acute nasopharyngitis [common cold]
Acute rhinosinusitis,j01,J06.9,WHO+CM,broader,https://icd.who.int/browse10/2019/en#/J06.9 https://www.cms.gov/files/zip/2026-code-tables-tabular-and-index.zip,"acute upper respiratory infection, unspecified (owned by URTI). WHO: Acute upper respiratory infection, unspecified; CM: Acute upper respiratory infection, unspecified"
Acute rhinosinusitis,j01,J34,WHO+CM,related,https://icd.who.int/browse10/2019/en#/J34 https://www.cms.gov/files/zip/2026-code-tables-tabular-and-index.zip,other disorders of nose and nasal sinuses. WHO: Other disorders of nose and nasal sinuses (header); CM: Other and unspecified disorders of nose and nasal sinuses (header)
Acute rhinosinusitis,j01,J34.2,WHO+CM,related,https://icd.who.int/browse10/2019/en#/J34.2 https://www.cms.gov/files/zip/2026-code-tables-tabular-and-index.zip,deviated nasal septum. WHO: Deviated nasal septum; CM: Deviated nasal septum
Acute rhinosinusitis,j01,J34.89,CM,related,https://www.cms.gov/files/zip/2026-code-tables-tabular-and-index.zip,other specified disorders of nose and nasal sinuses. CM: Other specified disorders of nose and nasal sinuses
Acute rhinosinusitis,j01,J33,WHO+CM,related,https://icd.who.int/browse10/2019/en#/J33 https://www.cms.gov/files/zip/2026-code-tables-tabular-and-index.zip,nasal polyp. WHO: Nasal polyp (header); CM: Nasal polyp (header)
Acute rhinosinusitis,j01,J31.0,WHO+CM,related,https://icd.who.int/browse10/2019/en#/J31.0 https://www.cms.gov/files/zip/2026-code-tables-tabular-and-index.zip,chronic rhinitis. WHO: Chronic rhinitis; CM: Chronic rhinitis
Acute rhinosinusitis,j01,R43.0,WHO+CM,related,https://icd.who.int/browse10/2019/en#/R43.0 https://www.cms.gov/files/zip/2026-code-tables-tabular-and-index.zip,anosmia. WHO: Anosmia; CM: Anosmia
Acute rhinosinusitis,j01,R51,WHO+CM,related,https://icd.who.int/browse10/2019/en#/R51 https://www.cms.gov/files/zip/2026-code-tables-tabular-and-index.zip,headache. WHO: Headache; CM: Headache (header)
Acute rhinosinusitis,j01,R51.9,CM,related,https://www.cms.gov/files/zip/2026-code-tables-tabular-and-index.zip,"headache, unspecified. CM: Headache, unspecified"
Acute rhinosinusitis,j01,G43,WHO+CM,related,https://icd.who.int/browse10/2019/en#/G43 https://www.cms.gov/files/zip/2026-code-tables-tabular-and-index.zip,migraine. WHO: Migraine (header); CM: Migraine (header)
Acute rhinosinusitis,j01,G44,WHO+CM,related,https://icd.who.int/browse10/2019/en#/G44 https://www.cms.gov/files/zip/2026-code-tables-tabular-and-index.zip,other headache syndromes. WHO: Other headache syndromes (header); CM: Other headache syndromes (header)
Acute rhinosinusitis,j01,H66,WHO+CM,related,https://icd.who.int/browse10/2019/en#/H66 https://www.cms.gov/files/zip/2026-code-tables-tabular-and-index.zip,otitis media (own DDXPlus condition). WHO: Suppurative and unspecified otitis media (header); CM: Suppurative and unspecified otitis media (header)
Acute rhinosinusitis,j01,R09.81,CM,related,https://www.cms.gov/files/zip/2026-code-tables-tabular-and-index.zip,nasal congestion. CM: Nasal congestion
Acute rhinosinusitis,j01,J02.9,WHO+CM,related,https://icd.who.int/browse10/2019/en#/J02.9 https://www.cms.gov/files/zip/2026-code-tables-tabular-and-index.zip,"acute pharyngitis (own DDXPlus condition). WHO: Acute pharyngitis, unspecified; CM: Acute pharyngitis, unspecified"
Acute rhinosinusitis,j01,H10,WHO+CM,related,https://icd.who.int/browse10/2019/en#/H10 https://www.cms.gov/files/zip/2026-code-tables-tabular-and-index.zip,conjunctivitis. WHO: Conjunctivitis (header); CM: Conjunctivitis (header)
Acute rhinosinusitis,j01,K08,WHO+CM,related,https://icd.who.int/browse10/2019/en#/K08 https://www.cms.gov/files/zip/2026-code-tables-tabular-and-index.zip,other disorders of teeth and supporting structures. WHO: Other disorders of teeth and supporting structures (header); CM: Other disorders of teeth and supporting structures (header)
Acute rhinosinusitis,j01,K04,WHO+CM,related,https://icd.who.int/browse10/2019/en#/K04 https://www.cms.gov/files/zip/2026-code-tables-tabular-and-index.zip,diseases of pulp and periapical tissues (dental pain confuser). WHO: Diseases of pulp and periapical tissues (header); CM: Diseases of pulp and periapical tissues (header)
Acute rhinosinusitis,j01,J45,WHO+CM,related,https://icd.who.int/browse10/2019/en#/J45 https://www.cms.gov/files/zip/2026-code-tables-tabular-and-index.zip,asthma (own DDXPlus condition). WHO: Asthma (header); CM: Asthma (header)
Acute rhinosinusitis,j01,J01.00,CM,narrower,https://www.cms.gov/files/zip/2026-code-tables-tabular-and-index.zip,"acute maxillary sinusitis, unspecified (CM). CM: Acute maxillary sinusitis, unspecified"
Acute rhinosinusitis,j01,J01.01,CM,narrower,https://www.cms.gov/files/zip/2026-code-tables-tabular-and-index.zip,acute recurrent maxillary sinusitis (CM). CM: Acute recurrent maxillary sinusitis
Acute rhinosinusitis,j01,J01.40,CM,narrower,https://www.cms.gov/files/zip/2026-code-tables-tabular-and-index.zip,"acute pansinusitis, unspecified (CM). CM: Acute pansinusitis, unspecified"
Acute rhinosinusitis,j01,J01.41,CM,narrower,https://www.cms.gov/files/zip/2026-code-tables-tabular-and-index.zip,acute recurrent pansinusitis (CM). CM: Acute recurrent pansinusitis
Chronic rhinosinusitis,j32,J32,WHO+CM,equivalent,https://icd.who.int/browse10/2019/en#/J32 https://www.cms.gov/files/zip/2026-code-tables-tabular-and-index.zip,DDXPlus code; chronic sinusitis. WHO: Chronic sinusitis (header); CM: Chronic sinusitis (header)
Chronic rhinosinusitis,j32,J32.0,WHO+CM,narrower,https://icd.who.int/browse10/2019/en#/J32.0 https://www.cms.gov/files/zip/2026-code-tables-tabular-and-index.zip,chronic maxillary sinusitis. WHO: Chronic maxillary sinusitis; CM: Chronic maxillary sinusitis
Chronic rhinosinusitis,j32,J32.1,WHO+CM,narrower,https://icd.who.int/browse10/2019/en#/J32.1 https://www.cms.gov/files/zip/2026-code-tables-tabular-and-index.zip,chronic frontal sinusitis. WHO: Chronic frontal sinusitis; CM: Chronic frontal sinusitis
Chronic rhinosinusitis,j32,J32.2,WHO+CM,narrower,https://icd.who.int/browse10/2019/en#/J32.2 https://www.cms.gov/files/zip/2026-code-tables-tabular-and-index.zip,chronic ethmoidal sinusitis. WHO: Chronic ethmoidal sinusitis; CM: Chronic ethmoidal sinusitis
Chronic rhinosinusitis,j32,J32.3,WHO+CM,narrower,https://icd.who.int/browse10/2019/en#/J32.3 https://www.cms.gov/files/zip/2026-code-tables-tabular-and-index.zip,chronic sphenoidal sinusitis. WHO: Chronic sphenoidal sinusitis; CM: Chronic sphenoidal sinusitis
Chronic rhinosinusitis,j32,J32.4,WHO+CM,narrower,https://icd.who.int/browse10/2019/en#/J32.4 https://www.cms.gov/files/zip/2026-code-tables-tabular-and-index.zip,chronic pansinusitis. WHO: Chronic pansinusitis; CM: Chronic pansinusitis
Chronic rhinosinusitis,j32,J32.8,WHO+CM,narrower,https://icd.who.int/browse10/2019/en#/J32.8 https://www.cms.gov/files/zip/2026-code-tables-tabular-and-index.zip,other chronic sinusitis. WHO: Other chronic sinusitis; CM: Other chronic sinusitis
Chronic rhinosinusitis,j32,J32.9,WHO+CM,equivalent,https://icd.who.int/browse10/2019/en#/J32.9 https://www.cms.gov/files/zip/2026-code-tables-tabular-and-index.zip,"chronic sinusitis, unspecified (CM excludes1 from J01: ""sinusitis NOS (J32.9)""). WHO: Chronic sinusitis, unspecified; CM: Chronic sinusitis, unspecified"
Chronic rhinosinusitis,j32,J01,WHO+CM,related,https://icd.who.int/browse10/2019/en#/J01 https://www.cms.gov/files/zip/2026-code-tables-tabular-and-index.zip,acute sinusitis (own DDXPlus condition). WHO: Acute sinusitis (header); CM: Acute sinusitis (header)
Chronic rhinosinusitis,j32,J01.9,WHO+CM,related,https://icd.who.int/browse10/2019/en#/J01.9 https://www.cms.gov/files/zip/2026-code-tables-tabular-and-index.zip,"acute sinusitis, unspecified (owned by Acute rhinosinusitis). WHO: Acute sinusitis, unspecified; CM: Acute sinusitis, unspecified (header)"
Chronic rhinosinusitis,j32,J30,WHO+CM,related,https://icd.who.int/browse10/2019/en#/J30 https://www.cms.gov/files/zip/2026-code-tables-tabular-and-index.zip,allergic rhinitis (own DDXPlus condition). WHO: Vasomotor and allergic rhinitis (header); CM: Vasomotor and allergic rhinitis (header)
Chronic rhinosinusitis,j32,J30.9,CM,related,https://www.cms.gov/files/zip/2026-code-tables-tabular-and-index.zip,"allergic rhinitis, unspecified (owned by Allergic sinusitis). CM: Allergic rhinitis, unspecified"
Chronic rhinosinusitis,j32,J33,WHO+CM,related,https://icd.who.int/browse10/2019/en#/J33 https://www.cms.gov/files/zip/2026-code-tables-tabular-and-index.zip,nasal polyp (often coexists; separate code). WHO: Nasal polyp (header); CM: Nasal polyp (header)
Chronic rhinosinusitis,j32,J33.0,WHO+CM,related,https://icd.who.int/browse10/2019/en#/J33.0 https://www.cms.gov/files/zip/2026-code-tables-tabular-and-index.zip,polyp of nasal cavity. WHO: Polyp of nasal cavity; CM: Polyp of nasal cavity
Chronic rhinosinusitis,j32,J33.9,WHO+CM,related,https://icd.who.int/browse10/2019/en#/J33.9 https://www.cms.gov/files/zip/2026-code-tables-tabular-and-index.zip,"nasal polyp, unspecified. WHO: Nasal polyp, unspecified; CM: Nasal polyp, unspecified"
Chronic rhinosinusitis,j32,J34.2,WHO+CM,related,https://icd.who.int/browse10/2019/en#/J34.2 https://www.cms.gov/files/zip/2026-code-tables-tabular-and-index.zip,deviated nasal septum. WHO: Deviated nasal septum; CM: Deviated nasal septum
Chronic rhinosinusitis,j32,J34.3,WHO+CM,related,https://icd.who.int/browse10/2019/en#/J34.3 https://www.cms.gov/files/zip/2026-code-tables-tabular-and-index.zip,hypertrophy of nasal turbinates. WHO: Hypertrophy of nasal turbinates; CM: Hypertrophy of nasal turbinates
Chronic rhinosinusitis,j32,J34.8,WHO+CM,related,https://icd.who.int/browse10/2019/en#/J34.8 https://www.cms.gov/files/zip/2026-code-tables-tabular-and-index.zip,other specified disorders of nose and nasal sinuses. WHO: Other specified disorders of nose and nasal sinuses; CM: Other specified disorders of nose and nasal sinuses (header)
Chronic rhinosinusitis,j32,J34.1,WHO+CM,related,https://icd.who.int/browse10/2019/en#/J34.1 https://www.cms.gov/files/zip/2026-code-tables-tabular-and-index.zip,cyst and mucocele of nose and nasal sinus. WHO: Cyst and mucocele of nose and nasal sinus; CM: Cyst and mucocele of nose and nasal sinus
Chronic rhinosinusitis,j32,J34,WHO+CM,related,https://icd.who.int/browse10/2019/en#/J34 https://www.cms.gov/files/zip/2026-code-tables-tabular-and-index.zip,other disorders of nose and nasal sinuses. WHO: Other disorders of nose and nasal sinuses (header); CM: Other and unspecified disorders of nose and nasal sinuses (header)
Chronic rhinosinusitis,j32,J31.0,WHO+CM,related,https://icd.who.int/browse10/2019/en#/J31.0 https://www.cms.gov/files/zip/2026-code-tables-tabular-and-index.zip,chronic rhinitis. WHO: Chronic rhinitis; CM: Chronic rhinitis
Chronic rhinosinusitis,j32,J31.1,WHO+CM,related,https://icd.who.int/browse10/2019/en#/J31.1 https://www.cms.gov/files/zip/2026-code-tables-tabular-and-index.zip,chronic nasopharyngitis. WHO: Chronic nasopharyngitis; CM: Chronic nasopharyngitis
Chronic rhinosinusitis,j32,J31,WHO+CM,related,https://icd.who.int/browse10/2019/en#/J31 https://www.cms.gov/files/zip/2026-code-tables-tabular-and-index.zip,"chronic rhinitis, nasopharyngitis and pharyngitis. WHO: Chronic rhinitis, nasopharyngitis and pharyngitis (header); CM: Chronic rhinitis, nasopharyngitis and pharyngitis (header)"
Chronic rhinosinusitis,j32,R43.0,WHO+CM,related,https://icd.who.int/browse10/2019/en#/R43.0 https://www.cms.gov/files/zip/2026-code-tables-tabular-and-index.zip,anosmia. WHO: Anosmia; CM: Anosmia
Chronic rhinosinusitis,j32,R43.8,WHO+CM,related,https://icd.who.int/browse10/2019/en#/R43.8 https://www.cms.gov/files/zip/2026-code-tables-tabular-and-index.zip,other disturbances of smell and taste. WHO: Other and unspecified disturbances of smell and taste; CM: Other disturbances of smell and taste
Chronic rhinosinusitis,j32,R43,WHO+CM,related,https://icd.who.int/browse10/2019/en#/R43 https://www.cms.gov/files/zip/2026-code-tables-tabular-and-index.zip,disturbances of smell and taste. WHO: Disturbances of smell and taste (header); CM: Disturbances of smell and taste (header)
Chronic rhinosinusitis,j32,J00,WHO+CM,related,https://icd.who.int/browse10/2019/en#/J00 https://www.cms.gov/files/zip/2026-code-tables-tabular-and-index.zip,common cold (owned by URTI). WHO: Acute nasopharyngitis [common cold]; CM: Acute nasopharyngitis [common cold]
Chronic rhinosinusitis,j32,J06.9,WHO+CM,related,https://icd.who.int/browse10/2019/en#/J06.9 https://www.cms.gov/files/zip/2026-code-tables-tabular-and-index.zip,"acute upper respiratory infection (own DDXPlus condition). WHO: Acute upper respiratory infection, unspecified; CM: Acute upper respiratory infection, unspecified"
Chronic rhinosinusitis,j32,G43,WHO+CM,related,https://icd.who.int/browse10/2019/en#/G43 https://www.cms.gov/files/zip/2026-code-tables-tabular-and-index.zip,migraine. WHO: Migraine (header); CM: Migraine (header)
Chronic rhinosinusitis,j32,R51,WHO+CM,related,https://icd.who.int/browse10/2019/en#/R51 https://www.cms.gov/files/zip/2026-code-tables-tabular-and-index.zip,headache. WHO: Headache; CM: Headache (header)
Chronic rhinosinusitis,j32,R51.9,CM,related,https://www.cms.gov/files/zip/2026-code-tables-tabular-and-index.zip,"headache, unspecified. CM: Headache, unspecified"
Chronic rhinosinusitis,j32,J35,WHO+CM,related,https://icd.who.int/browse10/2019/en#/J35 https://www.cms.gov/files/zip/2026-code-tables-tabular-and-index.zip,chronic diseases of tonsils and adenoids. WHO: Chronic diseases of tonsils and adenoids (header); CM: Chronic diseases of tonsils and adenoids (header)
Chronic rhinosinusitis,j32,J39.8,WHO+CM,related,https://icd.who.int/browse10/2019/en#/J39.8 https://www.cms.gov/files/zip/2026-code-tables-tabular-and-index.zip,other specified diseases of upper respiratory tract. WHO: Other specified diseases of upper respiratory tract; CM: Other specified diseases of upper respiratory tract
Chronic rhinosinusitis,j32,J45,WHO+CM,related,https://icd.who.int/browse10/2019/en#/J45 https://www.cms.gov/files/zip/2026-code-tables-tabular-and-index.zip,asthma (own DDXPlus condition). WHO: Asthma (header); CM: Asthma (header)
Chronic rhinosinusitis,j32,R09.81,CM,related,https://www.cms.gov/files/zip/2026-code-tables-tabular-and-index.zip,nasal congestion. CM: Nasal congestion
Chronic rhinosinusitis,j32,K08,WHO+CM,related,https://icd.who.int/browse10/2019/en#/K08 https://www.cms.gov/files/zip/2026-code-tables-tabular-and-index.zip,other disorders of teeth and supporting structures. WHO: Other disorders of teeth and supporting structures (header); CM: Other disorders of teeth and supporting structures (header)
Chronic rhinosinusitis,j32,H66,WHO+CM,related,https://icd.who.int/browse10/2019/en#/H66 https://www.cms.gov/files/zip/2026-code-tables-tabular-and-index.zip,otitis media (own DDXPlus condition). WHO: Suppurative and unspecified otitis media (header); CM: Suppurative and unspecified otitis media (header)
Chronic rhinosinusitis,j32,E84,WHO+CM,related,https://icd.who.int/browse10/2019/en#/E84 https://www.cms.gov/files/zip/2026-code-tables-tabular-and-index.zip,cystic fibrosis. WHO: Cystic fibrosis (header); CM: Cystic fibrosis (header)
Chronic rhinosinusitis,j32,M31.3,WHO+CM,related,https://icd.who.int/browse10/2019/en#/M31.3 https://www.cms.gov/files/zip/2026-code-tables-tabular-and-index.zip,Wegener's granulomatosis. WHO: Wegener granulomatosis; CM: Wegener's granulomatosis (header)
Chronic rhinosinusitis,j32,J02.9,WHO+CM,related,https://icd.who.int/browse10/2019/en#/J02.9 https://www.cms.gov/files/zip/2026-code-tables-tabular-and-index.zip,"acute pharyngitis (own DDXPlus condition). WHO: Acute pharyngitis, unspecified; CM: Acute pharyngitis, unspecified"
Bronchiolitis,j21,J21,WHO+CM,equivalent,https://icd.who.int/browse10/2019/en#/J21 https://www.cms.gov/files/zip/2026-code-tables-tabular-and-index.zip,DDXPlus code; acute bronchiolitis. WHO: Acute bronchiolitis (header); CM: Acute bronchiolitis (header)
Bronchiolitis,j21,J21.0,WHO+CM,narrower,https://icd.who.int/browse10/2019/en#/J21.0 https://www.cms.gov/files/zip/2026-code-tables-tabular-and-index.zip,acute bronchiolitis due to respiratory syncytial virus. WHO: Acute bronchiolitis due to respiratory syncytial virus; CM: Acute bronchiolitis due to respiratory syncytial virus
Bronchiolitis,j21,J21.1,WHO+CM,narrower,https://icd.who.int/browse10/2019/en#/J21.1 https://www.cms.gov/files/zip/2026-code-tables-tabular-and-index.zip,acute bronchiolitis due to human metapneumovirus (CM). WHO: Acute bronchiolitis due to human metapneumovirus; CM: Acute bronchiolitis due to human metapneumovirus
Bronchiolitis,j21,J21.8,WHO+CM,narrower,https://icd.who.int/browse10/2019/en#/J21.8 https://www.cms.gov/files/zip/2026-code-tables-tabular-and-index.zip,acute bronchiolitis due to other specified organisms. WHO: Acute bronchiolitis due to other specified organisms; CM: Acute bronchiolitis due to other specified organisms
Bronchiolitis,j21,J21.9,WHO+CM,equivalent,https://icd.who.int/browse10/2019/en#/J21.9 https://www.cms.gov/files/zip/2026-code-tables-tabular-and-index.zip,"acute bronchiolitis, unspecified. WHO: Acute bronchiolitis, unspecified; CM: Acute bronchiolitis, unspecified"
Bronchiolitis,j21,J22,WHO+CM,broader,https://icd.who.int/browse10/2019/en#/J22 https://www.cms.gov/files/zip/2026-code-tables-tabular-and-index.zip,unspecified acute lower respiratory infection. WHO: Unspecified acute lower respiratory infection; CM: Unspecified acute lower respiratory infection
Bronchiolitis,j21,J20,WHO+CM,related,https://icd.who.int/browse10/2019/en#/J20 https://www.cms.gov/files/zip/2026-code-tables-tabular-and-index.zip,acute bronchitis (owned by Bronchitis). WHO: Acute bronchitis (header); CM: Acute bronchitis (header)
Bronchiolitis,j21,J44.81,CM,related,https://www.cms.gov/files/zip/2026-code-tables-tabular-and-index.zip,bronchiolitis obliterans (CM). CM: Bronchiolitis obliterans and bronchiolitis obliterans synd
Bronchiolitis,j21,J84.115,CM,related,https://www.cms.gov/files/zip/2026-code-tables-tabular-and-index.zip,respiratory bronchiolitis interstitial lung disease (CM). CM: Respiratory bronchiolitis interstitial lung disease
Bronchiolitis,j21,B97.4,WHO+CM,related,https://icd.who.int/browse10/2019/en#/B97.4 https://www.cms.gov/files/zip/2026-code-tables-tabular-and-index.zip,respiratory syncytial virus as the cause of diseases classified elsewhere. WHO: Respiratory syncytial virus as the cause of diseases classified to other chapters; CM: Respiratory syncytial virus causing diseases classd elswhr
Bronchiolitis,j21,J12.1,WHO+CM,related,https://icd.who.int/browse10/2019/en#/J12.1 https://www.cms.gov/files/zip/2026-code-tables-tabular-and-index.zip,respiratory syncytial virus pneumonia (owned by Pneumonia). WHO: Respiratory syncytial virus pneumonia; CM: Respiratory syncytial virus pneumonia
Bronchiolitis,j21,J45,WHO+CM,related,https://icd.who.int/browse10/2019/en#/J45 https://www.cms.gov/files/zip/2026-code-tables-tabular-and-index.zip,asthma (own DDXPlus condition). WHO: Asthma (header); CM: Asthma (header)
Bronchiolitis,j21,J18,WHO+CM,related,https://icd.who.int/browse10/2019/en#/J18 https://www.cms.gov/files/zip/2026-code-tables-tabular-and-index.zip,"pneumonia (own DDXPlus condition). WHO: Pneumonia, organism unspecified (header); CM: Pneumonia, unspecified organism (header)"
Bronchiolitis,j21,R06.2,WHO+CM,related,https://icd.who.int/browse10/2019/en#/R06.2 https://www.cms.gov/files/zip/2026-code-tables-tabular-and-index.zip,wheezing. WHO: Wheezing; CM: Wheezing
Bronchiolitis,j21,J98.01,CM,related,https://www.cms.gov/files/zip/2026-code-tables-tabular-and-index.zip,acute bronchospasm (owned by asthma). CM: Acute bronchospasm
Bronchiolitis,j21,U07.1,WHO+CM,related,https://icd.who.int/browse10/2019/en#/U07.1 https://www.cms.gov/files/zip/2026-code-tables-tabular-and-index.zip,"COVID-19. WHO: COVID-19, virus identified; CM: COVID-19"
Bronchiolitis,j21,J06.9,WHO+CM,related,https://icd.who.int/browse10/2019/en#/J06.9 https://www.cms.gov/files/zip/2026-code-tables-tabular-and-index.zip,"acute upper respiratory infection (own DDXPlus condition). WHO: Acute upper respiratory infection, unspecified; CM: Acute upper respiratory infection, unspecified"
Bronchiolitis,j21,J40,WHO+CM,related,https://icd.who.int/browse10/2019/en#/J40 https://www.cms.gov/files/zip/2026-code-tables-tabular-and-index.zip,"bronchitis, not specified as acute or chronic (own DDXPlus condition). WHO: Bronchitis, not specified as acute or chronic; CM: Bronchitis, not specified as acute or chronic"
Bronchiolitis,j21,J05.0,WHO+CM,related,https://icd.who.int/browse10/2019/en#/J05.0 https://www.cms.gov/files/zip/2026-code-tables-tabular-and-index.zip,croup (own DDXPlus condition). WHO: Acute obstructive laryngitis [croup]; CM: Acute obstructive laryngitis [croup]
Bronchiolitis,j21,A37,WHO+CM,related,https://icd.who.int/browse10/2019/en#/A37 https://www.cms.gov/files/zip/2026-code-tables-tabular-and-index.zip,whooping cough (own DDXPlus condition). WHO: Whooping cough (header); CM: Whooping cough (header)
Bronchiolitis,j21,R05,WHO+CM,related,https://icd.who.int/browse10/2019/en#/R05 https://www.cms.gov/files/zip/2026-code-tables-tabular-and-index.zip,cough. WHO: Cough; CM: Cough (header)
Bronchiolitis,j21,J96.0,WHO+CM,related,https://icd.who.int/browse10/2019/en#/J96.0 https://www.cms.gov/files/zip/2026-code-tables-tabular-and-index.zip,acute respiratory failure. WHO: Acute respiratory failure; CM: Acute respiratory failure (header)
Bronchiolitis,j21,J11.1,WHO+CM,related,https://icd.who.int/browse10/2019/en#/J11.1 https://www.cms.gov/files/zip/2026-code-tables-tabular-and-index.zip,"influenza (own DDXPlus condition). WHO: Influenza with other respiratory manifestations, virus not identified; CM: Flu due to unidentified influenza virus w oth resp manifest"
Pulmonary neoplasm,c34,C34,WHO+CM,equivalent,https://icd.who.int/browse10/2019/en#/C34 https://www.cms.gov/files/zip/2026-code-tables-tabular-and-index.zip,DDXPlus code; malignant neoplasm of bronchus and lung. WHO: Malignant neoplasm of bronchus and lung (header); CM: Malignant neoplasm of bronchus and lung (header)
Pulmonary neoplasm,c34,C34.0,WHO+CM,narrower,https://icd.who.int/browse10/2019/en#/C34.0 https://www.cms.gov/files/zip/2026-code-tables-tabular-and-index.zip,malignant neoplasm of main bronchus. WHO: Malignant neoplasm: Main bronchus; CM: Malignant neoplasm of main bronchus (header)
Pulmonary neoplasm,c34,C34.1,WHO+CM,narrower,https://icd.who.int/browse10/2019/en#/C34.1 https://www.cms.gov/files/zip/2026-code-tables-tabular-and-index.zip,"malignant neoplasm of upper lobe, bronchus or lung. WHO: Malignant neoplasm: Upper lobe, bronchus or lung; CM: Malignant neoplasm of upper lobe, bronchus or lung (header)"
Pulmonary neoplasm,c34,C34.2,WHO+CM,narrower,https://icd.who.int/browse10/2019/en#/C34.2 https://www.cms.gov/files/zip/2026-code-tables-tabular-and-index.zip,"malignant neoplasm of middle lobe, bronchus or lung. WHO: Malignant neoplasm: Middle lobe, bronchus or lung; CM: Malignant neoplasm of middle lobe, bronchus or lung"
Pulmonary neoplasm,c34,C34.3,WHO+CM,narrower,https://icd.who.int/browse10/2019/en#/C34.3 https://www.cms.gov/files/zip/2026-code-tables-tabular-and-index.zip,"malignant neoplasm of lower lobe, bronchus or lung. WHO: Malignant neoplasm: Lower lobe, bronchus or lung; CM: Malignant neoplasm of lower lobe, bronchus or lung (header)"
Pulmonary neoplasm,c34,C34.8,WHO+CM,narrower,https://icd.who.int/browse10/2019/en#/C34.8 https://www.cms.gov/files/zip/2026-code-tables-tabular-and-index.zip,malignant neoplasm of overlapping sites of bronchus and lung. WHO: Malignant neoplasm: Overlapping lesion of bronchus and lung; CM: Malignant neoplasm of overlapping sites of bronchus and lung (header)
Pulmonary neoplasm,c34,C34.9,WHO+CM,equivalent,https://icd.who.int/browse10/2019/en#/C34.9 https://www.cms.gov/files/zip/2026-code-tables-tabular-and-index.zip,"malignant neoplasm of unspecified part of bronchus or lung (CM C34.90-C34.92; CM index ""Cancer, lung C34.90-""). WHO: Malignant neoplasm: Bronchus or lung, unspecified; CM: Malignant neoplasm of unspecified part of bronchus or lung (header)"
Pulmonary neoplasm,c34,C7A.090,CM,narrower,https://www.cms.gov/files/zip/2026-code-tables-tabular-and-index.zip,malignant carcinoid tumor of the bronchus and lung (CM; excluded from C34 only because it is coded here). CM: Malignant carcinoid tumor of the bronchus and lung
Pulmonary neoplasm,c34,C39.9,WHO+CM,broader,https://icd.who.int/browse10/2019/en#/C39.9 https://www.cms.gov/files/zip/2026-code-tables-tabular-and-index.zip,"malignant neoplasm of lower respiratory tract, part unspecified. WHO: Malignant neoplasm: Ill-defined sites within the respiratory system; CM: Malignant neoplasm of lower respiratory tract, part unsp"
Pulmonary neoplasm,c34,C39,WHO+CM,broader,https://icd.who.int/browse10/2019/en#/C39 https://www.cms.gov/files/zip/2026-code-tables-tabular-and-index.zip,malignant neoplasm of other and ill-defined sites in the respiratory system and intrathoracic organs. WHO: Malignant neoplasm of other and ill-defined sites in the respiratory system and intrathoracic organs (header); CM: Malig neoplm of sites in the resp sys and intrathorac organs (header)
Pulmonary neoplasm,c34,C80.1,CM,broader,https://www.cms.gov/files/zip/2026-code-tables-tabular-and-index.zip,"malignant neoplasm, unspecified. CM: Malignant (primary) neoplasm, unspecified"
Pulmonary neoplasm,c34,D38.1,WHO+CM,broader,https://icd.who.int/browse10/2019/en#/D38.1 https://www.cms.gov/files/zip/2026-code-tables-tabular-and-index.zip,"neoplasm of uncertain behaviour of trachea, bronchus and lung (behaviour unknown, so it includes malignant). WHO: Neoplasm of uncertain or unknown behaviour: Trachea, bronchus and lung; CM: Neoplasm of uncertain behavior of trachea, bronchus and lung"
Pulmonary neoplasm,c34,D49.1,CM,broader,https://www.cms.gov/files/zip/2026-code-tables-tabular-and-index.zip,neoplasm of unspecified behavior of respiratory system (CM). CM: Neoplasm of unspecified behavior of respiratory system
Pulmonary neoplasm,c34,C33,WHO+CM,related,https://icd.who.int/browse10/2019/en#/C33 https://www.cms.gov/files/zip/2026-code-tables-tabular-and-index.zip,malignant neoplasm of trachea. WHO: Malignant neoplasm of trachea; CM: Malignant neoplasm of trachea
Pulmonary neoplasm,c34,C78.0,WHO+CM,broader,https://icd.who.int/browse10/2019/en#/C78.0 https://www.cms.gov/files/zip/2026-code-tables-tabular-and-index.zip,"secondary malignant neoplasm of lung (metastasis; DDXPlus code is the primary malignancy). WHO: Secondary malignant neoplasm of lung; CM: Secondary malignant neoplasm of lung (header); relation raised from related: family row (docs/v0.3-validity-review.md section 1.1), clinical-family prefix C78.0"
Pulmonary neoplasm,c34,C78.2,WHO+CM,related,https://icd.who.int/browse10/2019/en#/C78.2 https://www.cms.gov/files/zip/2026-code-tables-tabular-and-index.zip,secondary malignant neoplasm of pleura. WHO: Secondary malignant neoplasm of pleura; CM: Secondary malignant neoplasm of pleura
Pulmonary neoplasm,c34,C45.0,WHO+CM,related,https://icd.who.int/browse10/2019/en#/C45.0 https://www.cms.gov/files/zip/2026-code-tables-tabular-and-index.zip,mesothelioma of pleura. WHO: Mesothelioma of pleura; CM: Mesothelioma of pleura
Pulmonary neoplasm,c34,C38,WHO+CM,related,https://icd.who.int/browse10/2019/en#/C38 https://www.cms.gov/files/zip/2026-code-tables-tabular-and-index.zip,"malignant neoplasm of heart, mediastinum and pleura. WHO: Malignant neoplasm of heart, mediastinum and pleura (header); CM: Malignant neoplasm of heart, mediastinum and pleura (header)"
Pulmonary neoplasm,c34,C76.1,WHO+CM,related,https://icd.who.int/browse10/2019/en#/C76.1 https://www.cms.gov/files/zip/2026-code-tables-tabular-and-index.zip,malignant neoplasm of thorax. WHO: Malignant neoplasm of other and ill-defined sites: Thorax; CM: Malignant neoplasm of thorax
Pulmonary neoplasm,c34,C79,WHO+CM,related,https://icd.who.int/browse10/2019/en#/C79 https://www.cms.gov/files/zip/2026-code-tables-tabular-and-index.zip,secondary malignant neoplasm of other sites. WHO: Secondary malignant neoplasm of other and unspecified sites (header); CM: Secondary malignant neoplasm of other and unspecified sites (header)
Pulmonary neoplasm,c34,D02.2,WHO+CM,related,https://icd.who.int/browse10/2019/en#/D02.2 https://www.cms.gov/files/zip/2026-code-tables-tabular-and-index.zip,carcinoma in situ of bronchus and lung. WHO: Carcinoma in situ: Bronchus and lung; CM: Carcinoma in situ of bronchus and lung (header)
Pulmonary neoplasm,c34,D14.3,WHO+CM,related,https://icd.who.int/browse10/2019/en#/D14.3 https://www.cms.gov/files/zip/2026-code-tables-tabular-and-index.zip,benign neoplasm of bronchus and lung. WHO: Benign neoplasm: Bronchus and lung; CM: Benign neoplasm of bronchus and lung (header)
Pulmonary neoplasm,c34,R91,WHO+CM,related,https://icd.who.int/browse10/2019/en#/R91 https://www.cms.gov/files/zip/2026-code-tables-tabular-and-index.zip,abnormal findings on diagnostic imaging of lung. WHO: Abnormal findings on diagnostic imaging of lung; CM: Abnormal findings on diagnostic imaging of lung (header)
Pulmonary neoplasm,c34,R91.1,CM,related,https://www.cms.gov/files/zip/2026-code-tables-tabular-and-index.zip,solitary pulmonary nodule. CM: Solitary pulmonary nodule
Pulmonary neoplasm,c34,R91.8,CM,related,https://www.cms.gov/files/zip/2026-code-tables-tabular-and-index.zip,other nonspecific abnormal finding of lung field. CM: Other nonspecific abnormal finding of lung field
Pulmonary neoplasm,c34,J18,WHO+CM,related,https://icd.who.int/browse10/2019/en#/J18 https://www.cms.gov/files/zip/2026-code-tables-tabular-and-index.zip,"pneumonia (own DDXPlus condition). WHO: Pneumonia, organism unspecified (header); CM: Pneumonia, unspecified organism (header)"
Pulmonary neoplasm,c34,A15,WHO+CM,related,https://icd.who.int/browse10/2019/en#/A15 https://www.cms.gov/files/zip/2026-code-tables-tabular-and-index.zip,"respiratory tuberculosis (own DDXPlus condition). WHO: Respiratory tuberculosis, bacteriologically and histologically confirmed (header); CM: Respiratory tuberculosis (header)"
Pulmonary neoplasm,c34,A15.0,WHO+CM,related,https://icd.who.int/browse10/2019/en#/A15.0 https://www.cms.gov/files/zip/2026-code-tables-tabular-and-index.zip,"tuberculosis of lung (owned by Tuberculosis). WHO: Tuberculosis of lung, confirmed by sputum microscopy with or without culture; CM: Tuberculosis of lung"
Pulmonary neoplasm,c34,R04.2,WHO+CM,related,https://icd.who.int/browse10/2019/en#/R04.2 https://www.cms.gov/files/zip/2026-code-tables-tabular-and-index.zip,haemoptysis. WHO: Haemoptysis; CM: Hemoptysis
Pulmonary neoplasm,c34,J47,WHO+CM,related,https://icd.who.int/browse10/2019/en#/J47 https://www.cms.gov/files/zip/2026-code-tables-tabular-and-index.zip,bronchiectasis (own DDXPlus condition). WHO: Bronchiectasis; CM: Bronchiectasis (header)
Pulmonary neoplasm,c34,J90,WHO+CM,related,https://icd.who.int/browse10/2019/en#/J90 https://www.cms.gov/files/zip/2026-code-tables-tabular-and-index.zip,"pleural effusion. WHO: Pleural effusion, not elsewhere classified; CM: Pleural effusion, not elsewhere classified"
Pulmonary neoplasm,c34,J84,WHO+CM,related,https://icd.who.int/browse10/2019/en#/J84 https://www.cms.gov/files/zip/2026-code-tables-tabular-and-index.zip,interstitial lung disease. WHO: Other interstitial pulmonary diseases (header); CM: Other interstitial pulmonary diseases (header)
Pulmonary neoplasm,c34,D86,WHO+CM,related,https://icd.who.int/browse10/2019/en#/D86 https://www.cms.gov/files/zip/2026-code-tables-tabular-and-index.zip,sarcoidosis (own DDXPlus condition). WHO: Sarcoidosis (header); CM: Sarcoidosis (header)
Pulmonary neoplasm,c34,J44,WHO+CM,related,https://icd.who.int/browse10/2019/en#/J44 https://www.cms.gov/files/zip/2026-code-tables-tabular-and-index.zip,chronic obstructive pulmonary disease (own DDXPlus condition). WHO: Other chronic obstructive pulmonary disease (header); CM: Other chronic obstructive pulmonary disease (header)
Pulmonary neoplasm,c34,R59,WHO+CM,related,https://icd.who.int/browse10/2019/en#/R59 https://www.cms.gov/files/zip/2026-code-tables-tabular-and-index.zip,enlarged lymph nodes. WHO: Enlarged lymph nodes (header); CM: Enlarged lymph nodes (header)
Pulmonary neoplasm,c34,R63.4,WHO+CM,related,https://icd.who.int/browse10/2019/en#/R63.4 https://www.cms.gov/files/zip/2026-code-tables-tabular-and-index.zip,abnormal weight loss. WHO: Abnormal weight loss; CM: Abnormal weight loss
Pulmonary neoplasm,c34,C81,WHO+CM,related,https://icd.who.int/browse10/2019/en#/C81 https://www.cms.gov/files/zip/2026-code-tables-tabular-and-index.zip,Hodgkin lymphoma. WHO: Hodgkin lymphoma (header); CM: Hodgkin lymphoma (header)
Pulmonary neoplasm,c34,C85,WHO+CM,related,https://icd.who.int/browse10/2019/en#/C85 https://www.cms.gov/files/zip/2026-code-tables-tabular-and-index.zip,non-Hodgkin lymphoma. WHO: Other and unspecified types of non-Hodgkin lymphoma (header); CM: Oth and unspecified types of non-Hodgkin lymphoma (header)
Pulmonary neoplasm,c34,J85,WHO+CM,related,https://icd.who.int/browse10/2019/en#/J85 https://www.cms.gov/files/zip/2026-code-tables-tabular-and-index.zip,abscess of lung. WHO: Abscess of lung and mediastinum (header); CM: Abscess of lung and mediastinum (header)
Pulmonary neoplasm,c34,J98.4,WHO+CM,related,https://icd.who.int/browse10/2019/en#/J98.4 https://www.cms.gov/files/zip/2026-code-tables-tabular-and-index.zip,other disorders of lung. WHO: Other disorders of lung; CM: Other disorders of lung
Pulmonary neoplasm,c34,C50,WHO+CM,related,https://icd.who.int/browse10/2019/en#/C50 https://www.cms.gov/files/zip/2026-code-tables-tabular-and-index.zip,malignant neoplasm of breast. WHO: Malignant neoplasm of breast (header); CM: Malignant neoplasm of breast (header)
Pulmonary neoplasm,c34,C15,WHO+CM,related,https://icd.who.int/browse10/2019/en#/C15 https://www.cms.gov/files/zip/2026-code-tables-tabular-and-index.zip,malignant neoplasm of oesophagus. WHO: Malignant neoplasm of oesophagus (header); CM: Malignant neoplasm of esophagus (header)
Possible NSTEMI / STEMI,I21,I21,WHO+CM,equivalent,https://icd.who.int/browse10/2019/en#/I21 https://www.cms.gov/files/zip/2026-code-tables-tabular-and-index.zip,DDXPlus code; acute myocardial infarction. WHO: Acute myocardial infarction (header); CM: Acute myocardial infarction (header)
Possible NSTEMI / STEMI,I21,I21.0,WHO+CM,narrower,https://icd.who.int/browse10/2019/en#/I21.0 https://www.cms.gov/files/zip/2026-code-tables-tabular-and-index.zip,ST elevation myocardial infarction of anterior wall. WHO: Acute transmural myocardial infarction of anterior wall; CM: ST elevation (STEMI) myocardial infarction of anterior wall (header)
Possible NSTEMI / STEMI,I21,I21.1,WHO+CM,narrower,https://icd.who.int/browse10/2019/en#/I21.1 https://www.cms.gov/files/zip/2026-code-tables-tabular-and-index.zip,ST elevation myocardial infarction of inferior wall. WHO: Acute transmural myocardial infarction of inferior wall; CM: ST elevation (STEMI) myocardial infarction of inferior wall (header)
Possible NSTEMI / STEMI,I21,I21.2,WHO+CM,narrower,https://icd.who.int/browse10/2019/en#/I21.2 https://www.cms.gov/files/zip/2026-code-tables-tabular-and-index.zip,ST elevation myocardial infarction of other sites. WHO: Acute transmural myocardial infarction of other sites; CM: ST elevation (STEMI) myocardial infarction of other sites (header)
Possible NSTEMI / STEMI,I21,I21.3,WHO+CM,narrower,https://icd.who.int/browse10/2019/en#/I21.3 https://www.cms.gov/files/zip/2026-code-tables-tabular-and-index.zip,ST elevation myocardial infarction of unspecified site. WHO: Acute transmural myocardial infarction of unspecified site; CM: ST elevation (STEMI) myocardial infarction of unsp site
Possible NSTEMI / STEMI,I21,I21.4,WHO+CM,narrower,https://icd.who.int/browse10/2019/en#/I21.4 https://www.cms.gov/files/zip/2026-code-tables-tabular-and-index.zip,non-ST elevation myocardial infarction. WHO: Acute subendocardial myocardial infarction; CM: Non-ST elevation (NSTEMI) myocardial infarction
Possible NSTEMI / STEMI,I21,I21.9,WHO+CM,equivalent,https://icd.who.int/browse10/2019/en#/I21.9 https://www.cms.gov/files/zip/2026-code-tables-tabular-and-index.zip,"acute myocardial infarction, unspecified. WHO: Acute myocardial infarction, unspecified; CM: Acute myocardial infarction, unspecified"
Possible NSTEMI / STEMI,I21,I21.A,CM,narrower,https://www.cms.gov/files/zip/2026-code-tables-tabular-and-index.zip,"other type of myocardial infarction (CM I21.A1 type 2, I21.A9). CM: Other type of myocardial infarction (header)"
Possible NSTEMI / STEMI,I21,I21.B,CM,narrower,https://www.cms.gov/files/zip/2026-code-tables-tabular-and-index.zip,myocardial infarction with coronary microvascular dysfunction (CM). CM: Myocardial infarction with coronary microvascular dysfnct
Possible NSTEMI / STEMI,I21,I22,WHO+CM,narrower,https://icd.who.int/browse10/2019/en#/I22 https://www.cms.gov/files/zip/2026-code-tables-tabular-and-index.zip,subsequent myocardial infarction (a further MI). WHO: Subsequent myocardial infarction (header); CM: Subsequent STEMI & NSTEMI mocard infrc (header)
Possible NSTEMI / STEMI,I21,I24.9,WHO+CM,broader,https://icd.who.int/browse10/2019/en#/I24.9 https://www.cms.gov/files/zip/2026-code-tables-tabular-and-index.zip,"acute ischaemic heart disease, unspecified (acute coronary syndrome NEC). WHO: Acute ischaemic heart disease, unspecified; CM: Acute ischemic heart disease, unspecified"
Possible NSTEMI / STEMI,I21,I24,WHO+CM,broader,https://icd.who.int/browse10/2019/en#/I24 https://www.cms.gov/files/zip/2026-code-tables-tabular-and-index.zip,other acute ischaemic heart diseases. WHO: Other acute ischaemic heart diseases (header); CM: Other acute ischemic heart diseases (header)
Possible NSTEMI / STEMI,I21,I23,WHO+CM,related,https://icd.who.int/browse10/2019/en#/I23 https://www.cms.gov/files/zip/2026-code-tables-tabular-and-index.zip,certain current complications following acute myocardial infarction. WHO: Certain current complications following acute myocardial infarction (header); CM: Certain crnt comp fol STEMI & NSTEMI mocard infrc <= 28 day (header)
Possible NSTEMI / STEMI,I21,I24.0,WHO+CM,broader,https://icd.who.int/browse10/2019/en#/I24.0 https://www.cms.gov/files/zip/2026-code-tables-tabular-and-index.zip,"acute coronary thrombosis not resulting in myocardial infarction. WHO: Coronary thrombosis not resulting in myocardial infarction; CM: Acute coronary thrombosis not resulting in myocardial infrc; relation raised from related: family row (docs/v0.3-validity-review.md section 1.1), clinical-family prefix I24"
Possible NSTEMI / STEMI,I21,I24.1,WHO+CM,broader,https://icd.who.int/browse10/2019/en#/I24.1 https://www.cms.gov/files/zip/2026-code-tables-tabular-and-index.zip,"Dressler's syndrome (owned by Pericarditis). WHO: Dressler syndrome; CM: Dressler's syndrome; relation raised from related: family row (docs/v0.3-validity-review.md section 1.1), clinical-family prefix I24"
Possible NSTEMI / STEMI,I21,I24.8,WHO+CM,broader,https://icd.who.int/browse10/2019/en#/I24.8 https://www.cms.gov/files/zip/2026-code-tables-tabular-and-index.zip,"other forms of acute ischaemic heart disease. WHO: Other forms of acute ischaemic heart disease; CM: Other forms of acute ischemic heart disease (header); relation raised from related: family row (docs/v0.3-validity-review.md section 1.1), clinical-family prefix I24"
Possible NSTEMI / STEMI,I21,I25.2,WHO+CM,broader,https://icd.who.int/browse10/2019/en#/I25.2 https://www.cms.gov/files/zip/2026-code-tables-tabular-and-index.zip,"old myocardial infarction. WHO: Old myocardial infarction; CM: Old myocardial infarction; relation raised from related: family row (docs/v0.3-validity-review.md section 1.1), clinical-family prefix I25"
Possible NSTEMI / STEMI,I21,I20.0,WHO+CM,broader,https://icd.who.int/browse10/2019/en#/I20.0 https://www.cms.gov/files/zip/2026-code-tables-tabular-and-index.zip,"unstable angina (own DDXPlus condition). WHO: Unstable angina; CM: Unstable angina; relation raised from related: family row (docs/v0.3-validity-review.md section 1.1), clinical-family prefix I20"
Possible NSTEMI / STEMI,I21,I20,WHO+CM,broader,https://icd.who.int/browse10/2019/en#/I20 https://www.cms.gov/files/zip/2026-code-tables-tabular-and-index.zip,"angina pectoris. WHO: Angina pectoris (header); CM: Angina pectoris (header); relation raised from related: family row (docs/v0.3-validity-review.md section 1.1), clinical-family prefix I20"
Possible NSTEMI / STEMI,I21,I20.9,WHO+CM,broader,https://icd.who.int/browse10/2019/en#/I20.9 https://www.cms.gov/files/zip/2026-code-tables-tabular-and-index.zip,"angina pectoris, unspecified (own DDXPlus condition). WHO: Angina pectoris, unspecified; CM: Angina pectoris, unspecified; relation raised from related: family row (docs/v0.3-validity-review.md section 1.1), clinical-family prefix I20"
Possible NSTEMI / STEMI,I21,I25,WHO+CM,broader,https://icd.who.int/browse10/2019/en#/I25 https://www.cms.gov/files/zip/2026-code-tables-tabular-and-index.zip,"chronic ischaemic heart disease. WHO: Chronic ischaemic heart disease (header); CM: Chronic ischemic heart disease (header); relation raised from related: family row (docs/v0.3-validity-review.md section 1.1), clinical-family prefix I25"
Possible NSTEMI / STEMI,I21,I25.10,CM,broader,https://www.cms.gov/files/zip/2026-code-tables-tabular-and-index.zip,"atherosclerotic heart disease without angina. CM: Athscl heart disease of native coronary artery w/o ang pctrs; relation raised from related: family row (docs/v0.3-validity-review.md section 1.1), clinical-family prefix I25"
Possible NSTEMI / STEMI,I21,I25.110,CM,broader,https://www.cms.gov/files/zip/2026-code-tables-tabular-and-index.zip,"atherosclerotic heart disease with unstable angina (owned by Unstable angina). CM: Athscl heart disease of native cor art w unstable ang pctrs; relation raised from related: family row (docs/v0.3-validity-review.md section 1.1), clinical-family prefix I25"
Possible NSTEMI / STEMI,I21,I51.3,WHO+CM,related,https://icd.who.int/browse10/2019/en#/I51.3 https://www.cms.gov/files/zip/2026-code-tables-tabular-and-index.zip,"intracardiac thrombosis. WHO: Intracardiac thrombosis, not elsewhere classified; CM: Intracardiac thrombosis, not elsewhere classified"
Possible NSTEMI / STEMI,I21,I50,WHO+CM,related,https://icd.who.int/browse10/2019/en#/I50 https://www.cms.gov/files/zip/2026-code-tables-tabular-and-index.zip,heart failure. WHO: Heart failure (header); CM: Heart failure (header)
Possible NSTEMI / STEMI,I21,I46,WHO+CM,related,https://icd.who.int/browse10/2019/en#/I46 https://www.cms.gov/files/zip/2026-code-tables-tabular-and-index.zip,cardiac arrest. WHO: Cardiac arrest (header); CM: Cardiac arrest (header)
Possible NSTEMI / STEMI,I21,I49.0,WHO+CM,related,https://icd.who.int/browse10/2019/en#/I49.0 https://www.cms.gov/files/zip/2026-code-tables-tabular-and-index.zip,ventricular fibrillation and flutter. WHO: Ventricular fibrillation and flutter; CM: Ventricular fibrillation and flutter (header)
Possible NSTEMI / STEMI,I21,R07.9,CM,related,https://www.cms.gov/files/zip/2026-code-tables-tabular-and-index.zip,"chest pain, unspecified. CM: Chest pain, unspecified"
Possible NSTEMI / STEMI,I21,R07.89,CM,related,https://www.cms.gov/files/zip/2026-code-tables-tabular-and-index.zip,other chest pain. CM: Other chest pain
Possible NSTEMI / STEMI,I21,R07.2,WHO+CM,related,https://icd.who.int/browse10/2019/en#/R07.2 https://www.cms.gov/files/zip/2026-code-tables-tabular-and-index.zip,precordial pain. WHO: Precordial pain; CM: Precordial pain
Possible NSTEMI / STEMI,I21,I30,WHO+CM,related,https://icd.who.int/browse10/2019/en#/I30 https://www.cms.gov/files/zip/2026-code-tables-tabular-and-index.zip,acute pericarditis (own DDXPlus condition). WHO: Acute pericarditis (header); CM: Acute pericarditis (header)
Possible NSTEMI / STEMI,I21,I26,WHO+CM,related,https://icd.who.int/browse10/2019/en#/I26 https://www.cms.gov/files/zip/2026-code-tables-tabular-and-index.zip,pulmonary embolism (own DDXPlus condition). WHO: Pulmonary embolism (header); CM: Pulmonary embolism (header)
Possible NSTEMI / STEMI,I21,I71,WHO+CM,related,https://icd.who.int/browse10/2019/en#/I71 https://www.cms.gov/files/zip/2026-code-tables-tabular-and-index.zip,aortic aneurysm and dissection. WHO: Aortic aneurysm and dissection (header); CM: Aortic aneurysm and dissection (header)
Possible NSTEMI / STEMI,I21,K21.9,WHO+CM,related,https://icd.who.int/browse10/2019/en#/K21.9 https://www.cms.gov/files/zip/2026-code-tables-tabular-and-index.zip,GERD (own DDXPlus condition). WHO: Gastro-oesophageal reflux disease without oesophagitis; CM: Gastro-esophageal reflux disease without esophagitis
Possible NSTEMI / STEMI,I21,R94.31,CM,related,https://www.cms.gov/files/zip/2026-code-tables-tabular-and-index.zip,abnormal electrocardiogram. CM: Abnormal electrocardiogram [ECG] [EKG]
Possible NSTEMI / STEMI,I21,I40,WHO+CM,related,https://icd.who.int/browse10/2019/en#/I40 https://www.cms.gov/files/zip/2026-code-tables-tabular-and-index.zip,acute myocarditis (owned by Myocarditis). WHO: Acute myocarditis (header); CM: Acute myocarditis (header)
Possible NSTEMI / STEMI,I21,I5A,CM,related,https://www.cms.gov/files/zip/2026-code-tables-tabular-and-index.zip,non-ischemic myocardial injury (CM). CM: Non-ischemic myocardial injury (non-traumatic)
Possible NSTEMI / STEMI,I21,R79.89,CM,related,https://www.cms.gov/files/zip/2026-code-tables-tabular-and-index.zip,other specified abnormal findings of blood chemistry (troponin). CM: Other specified abnormal findings of blood chemistry
Possible NSTEMI / STEMI,I21,J93,WHO+CM,related,https://icd.who.int/browse10/2019/en#/J93 https://www.cms.gov/files/zip/2026-code-tables-tabular-and-index.zip,pneumothorax (own DDXPlus condition). WHO: Pneumothorax (header); CM: Pneumothorax and air leak (header)
Possible NSTEMI / STEMI,I21,K22.3,WHO+CM,related,https://icd.who.int/browse10/2019/en#/K22.3 https://www.cms.gov/files/zip/2026-code-tables-tabular-and-index.zip,perforation of oesophagus (own DDXPlus condition). WHO: Perforation of oesophagus; CM: Perforation of esophagus
Sarcoidosis,d86,D86,WHO+CM,equivalent,https://icd.who.int/browse10/2019/en#/D86 https://www.cms.gov/files/zip/2026-code-tables-tabular-and-index.zip,"DDXPlus code; sarcoidosis (CM index ""Sarcoidosis D86.9""). WHO: Sarcoidosis (header); CM: Sarcoidosis (header)"
Sarcoidosis,d86,D86.0,WHO+CM,narrower,https://icd.who.int/browse10/2019/en#/D86.0 https://www.cms.gov/files/zip/2026-code-tables-tabular-and-index.zip,sarcoidosis of lung. WHO: Sarcoidosis of lung; CM: Sarcoidosis of lung
Sarcoidosis,d86,D86.1,WHO+CM,narrower,https://icd.who.int/browse10/2019/en#/D86.1 https://www.cms.gov/files/zip/2026-code-tables-tabular-and-index.zip,sarcoidosis of lymph nodes. WHO: Sarcoidosis of lymph nodes; CM: Sarcoidosis of lymph nodes
Sarcoidosis,d86,D86.2,WHO+CM,narrower,https://icd.who.int/browse10/2019/en#/D86.2 https://www.cms.gov/files/zip/2026-code-tables-tabular-and-index.zip,sarcoidosis of lung with sarcoidosis of lymph nodes. WHO: Sarcoidosis of lung with sarcoidosis of lymph nodes; CM: Sarcoidosis of lung with sarcoidosis of lymph nodes
Sarcoidosis,d86,D86.3,WHO+CM,narrower,https://icd.who.int/browse10/2019/en#/D86.3 https://www.cms.gov/files/zip/2026-code-tables-tabular-and-index.zip,sarcoidosis of skin. WHO: Sarcoidosis of skin; CM: Sarcoidosis of skin
Sarcoidosis,d86,D86.8,WHO+CM,narrower,https://icd.who.int/browse10/2019/en#/D86.8 https://www.cms.gov/files/zip/2026-code-tables-tabular-and-index.zip,sarcoidosis of other and combined sites (CM D86.81-D86.89). WHO: Sarcoidosis of other and combined sites; CM: Sarcoidosis of other sites (header)
Sarcoidosis,d86,D86.9,WHO+CM,equivalent,https://icd.who.int/browse10/2019/en#/D86.9 https://www.cms.gov/files/zip/2026-code-tables-tabular-and-index.zip,"sarcoidosis, unspecified. WHO: Sarcoidosis, unspecified; CM: Sarcoidosis, unspecified"
Sarcoidosis,d86,R59,WHO+CM,related,https://icd.who.int/browse10/2019/en#/R59 https://www.cms.gov/files/zip/2026-code-tables-tabular-and-index.zip,enlarged lymph nodes (symptom). WHO: Enlarged lymph nodes (header); CM: Enlarged lymph nodes (header)
Sarcoidosis,d86,R59.0,WHO+CM,related,https://icd.who.int/browse10/2019/en#/R59.0 https://www.cms.gov/files/zip/2026-code-tables-tabular-and-index.zip,localized enlarged lymph nodes. WHO: Localized enlarged lymph nodes; CM: Localized enlarged lymph nodes
Sarcoidosis,d86,R59.1,WHO+CM,related,https://icd.who.int/browse10/2019/en#/R59.1 https://www.cms.gov/files/zip/2026-code-tables-tabular-and-index.zip,generalized enlarged lymph nodes. WHO: Generalized enlarged lymph nodes; CM: Generalized enlarged lymph nodes
Sarcoidosis,d86,R59.9,WHO+CM,related,https://icd.who.int/browse10/2019/en#/R59.9 https://www.cms.gov/files/zip/2026-code-tables-tabular-and-index.zip,"enlarged lymph nodes, unspecified. WHO: Enlarged lymph nodes, unspecified; CM: Enlarged lymph nodes, unspecified"
Sarcoidosis,d86,L52,WHO+CM,related,https://icd.who.int/browse10/2019/en#/L52 https://www.cms.gov/files/zip/2026-code-tables-tabular-and-index.zip,erythema nodosum. WHO: Erythema nodosum; CM: Erythema nodosum
Sarcoidosis,d86,M06.9,WHO+CM,related,https://icd.who.int/browse10/2019/en#/M06.9 https://www.cms.gov/files/zip/2026-code-tables-tabular-and-index.zip,"rheumatoid arthritis, unspecified. WHO: Rheumatoid arthritis, unspecified; CM: Rheumatoid arthritis, unspecified"
Sarcoidosis,d86,M06,WHO+CM,related,https://icd.who.int/browse10/2019/en#/M06 https://www.cms.gov/files/zip/2026-code-tables-tabular-and-index.zip,other rheumatoid arthritis. WHO: Other rheumatoid arthritis (header); CM: Other rheumatoid arthritis (header)
Sarcoidosis,d86,J84,WHO+CM,related,https://icd.who.int/browse10/2019/en#/J84 https://www.cms.gov/files/zip/2026-code-tables-tabular-and-index.zip,interstitial lung disease. WHO: Other interstitial pulmonary diseases (header); CM: Other interstitial pulmonary diseases (header)
Sarcoidosis,d86,J84.1,WHO+CM,related,https://icd.who.int/browse10/2019/en#/J84.1 https://www.cms.gov/files/zip/2026-code-tables-tabular-and-index.zip,other interstitial pulmonary diseases with fibrosis. WHO: Other interstitial pulmonary diseases with fibrosis; CM: Other interstitial pulmonary diseases with fibrosis (header)
Sarcoidosis,d86,J84.9,WHO+CM,related,https://icd.who.int/browse10/2019/en#/J84.9 https://www.cms.gov/files/zip/2026-code-tables-tabular-and-index.zip,"interstitial pulmonary disease, unspecified. WHO: Interstitial pulmonary disease, unspecified; CM: Interstitial pulmonary disease, unspecified"
Sarcoidosis,d86,E83.52,CM,related,https://www.cms.gov/files/zip/2026-code-tables-tabular-and-index.zip,hypercalcaemia. CM: Hypercalcemia
Sarcoidosis,d86,H20,WHO+CM,related,https://icd.who.int/browse10/2019/en#/H20 https://www.cms.gov/files/zip/2026-code-tables-tabular-and-index.zip,iridocyclitis. WHO: Iridocyclitis (header); CM: Iridocyclitis (header)
Sarcoidosis,d86,H20.9,WHO+CM,related,https://icd.who.int/browse10/2019/en#/H20.9 https://www.cms.gov/files/zip/2026-code-tables-tabular-and-index.zip,"unspecified iridocyclitis. WHO: Iridocyclitis, unspecified; CM: Unspecified iridocyclitis"
Sarcoidosis,d86,A15,WHO+CM,related,https://icd.who.int/browse10/2019/en#/A15 https://www.cms.gov/files/zip/2026-code-tables-tabular-and-index.zip,"respiratory tuberculosis (own DDXPlus condition). WHO: Respiratory tuberculosis, bacteriologically and histologically confirmed (header); CM: Respiratory tuberculosis (header)"
Sarcoidosis,d86,C81,WHO+CM,related,https://icd.who.int/browse10/2019/en#/C81 https://www.cms.gov/files/zip/2026-code-tables-tabular-and-index.zip,Hodgkin lymphoma. WHO: Hodgkin lymphoma (header); CM: Hodgkin lymphoma (header)
Sarcoidosis,d86,C85,WHO+CM,related,https://icd.who.int/browse10/2019/en#/C85 https://www.cms.gov/files/zip/2026-code-tables-tabular-and-index.zip,non-Hodgkin lymphoma. WHO: Other and unspecified types of non-Hodgkin lymphoma (header); CM: Oth and unspecified types of non-Hodgkin lymphoma (header)
Sarcoidosis,d86,C83,WHO+CM,related,https://icd.who.int/browse10/2019/en#/C83 https://www.cms.gov/files/zip/2026-code-tables-tabular-and-index.zip,non-follicular lymphoma. WHO: Non-follicular lymphoma (header); CM: Non-follicular lymphoma (header)
Sarcoidosis,d86,M31.6,WHO+CM,related,https://icd.who.int/browse10/2019/en#/M31.6 https://www.cms.gov/files/zip/2026-code-tables-tabular-and-index.zip,giant cell arteritis. WHO: Other giant cell arteritis; CM: Other giant cell arteritis
Sarcoidosis,d86,B34.9,WHO+CM,related,https://icd.who.int/browse10/2019/en#/B34.9 https://www.cms.gov/files/zip/2026-code-tables-tabular-and-index.zip,"viral infection, unspecified. WHO: Viral infection, unspecified; CM: Viral infection, unspecified"
Sarcoidosis,d86,G62.9,WHO+CM,related,https://icd.who.int/browse10/2019/en#/G62.9 https://www.cms.gov/files/zip/2026-code-tables-tabular-and-index.zip,"polyneuropathy, unspecified (owned by GBS as broader). WHO: Polyneuropathy, unspecified; CM: Polyneuropathy, unspecified"
Sarcoidosis,d86,R56.9,CM,related,https://www.cms.gov/files/zip/2026-code-tables-tabular-and-index.zip,unspecified convulsions. CM: Unspecified convulsions
Sarcoidosis,d86,H10.9,WHO+CM,related,https://icd.who.int/browse10/2019/en#/H10.9 https://www.cms.gov/files/zip/2026-code-tables-tabular-and-index.zip,"conjunctivitis, unspecified. WHO: Conjunctivitis, unspecified; CM: Unspecified conjunctivitis"
Sarcoidosis,d86,R06.02,CM,related,https://www.cms.gov/files/zip/2026-code-tables-tabular-and-index.zip,shortness of breath. CM: Shortness of breath
Sarcoidosis,d86,M35.9,WHO+CM,related,https://icd.who.int/browse10/2019/en#/M35.9 https://www.cms.gov/files/zip/2026-code-tables-tabular-and-index.zip,"systemic involvement of connective tissue, unspecified (owned by SLE as broader). WHO: Systemic involvement of connective tissue, unspecified; CM: Systemic involvement of connective tissue, unspecified"
Sarcoidosis,d86,I42,WHO+CM,related,https://icd.who.int/browse10/2019/en#/I42 https://www.cms.gov/files/zip/2026-code-tables-tabular-and-index.zip,cardiomyopathy. WHO: Cardiomyopathy (header); CM: Cardiomyopathy (header)
Sarcoidosis,d86,M25.50,CM,related,https://www.cms.gov/files/zip/2026-code-tables-tabular-and-index.zip,pain in unspecified joint. CM: Pain in unspecified joint
Sarcoidosis,d86,M25.5,WHO+CM,related,https://icd.who.int/browse10/2019/en#/M25.5 https://www.cms.gov/files/zip/2026-code-tables-tabular-and-index.zip,pain in joint. WHO: Pain in joint; CM: Pain in joint (header)
Sarcoidosis,d86,A27.9,WHO+CM,related,https://icd.who.int/browse10/2019/en#/A27.9 https://www.cms.gov/files/zip/2026-code-tables-tabular-and-index.zip,"leptospirosis, unspecified. WHO: Leptospirosis, unspecified; CM: Leptospirosis, unspecified"
Sarcoidosis,d86,L93,WHO+CM,related,https://icd.who.int/browse10/2019/en#/L93 https://www.cms.gov/files/zip/2026-code-tables-tabular-and-index.zip,cutaneous lupus erythematosus. WHO: Lupus erythematosus (header); CM: Lupus erythematosus (header)
Sarcoidosis,d86,J98.4,WHO+CM,related,https://icd.who.int/browse10/2019/en#/J98.4 https://www.cms.gov/files/zip/2026-code-tables-tabular-and-index.zip,other disorders of lung. WHO: Other disorders of lung; CM: Other disorders of lung
Sarcoidosis,d86,R50.9,WHO+CM,related,https://icd.who.int/browse10/2019/en#/R50.9 https://www.cms.gov/files/zip/2026-code-tables-tabular-and-index.zip,"fever, unspecified. WHO: Fever, unspecified; CM: Fever, unspecified"
Sarcoidosis,d86,J90,WHO+CM,related,https://icd.who.int/browse10/2019/en#/J90 https://www.cms.gov/files/zip/2026-code-tables-tabular-and-index.zip,"pleural effusion. WHO: Pleural effusion, not elsewhere classified; CM: Pleural effusion, not elsewhere classified"
Sarcoidosis,d86,M33,WHO+CM,related,https://icd.who.int/browse10/2019/en#/M33 https://www.cms.gov/files/zip/2026-code-tables-tabular-and-index.zip,dermatopolymyositis. WHO: Dermatopolymyositis (header); CM: Dermatopolymyositis (header)
Sarcoidosis,d86,D89.89,CM,related,https://www.cms.gov/files/zip/2026-code-tables-tabular-and-index.zip,"other specified disorders involving the immune mechanism. CM: Oth disrd involving the immune mechanism, NEC"
Sarcoidosis,d86,M32,WHO+CM,related,https://icd.who.int/browse10/2019/en#/M32 https://www.cms.gov/files/zip/2026-code-tables-tabular-and-index.zip,systemic lupus erythematosus (own DDXPlus condition). WHO: Systemic lupus erythematosus (header); CM: Systemic lupus erythematosus (SLE) (header)
Sarcoidosis,d86,B39,WHO+CM,related,https://icd.who.int/browse10/2019/en#/B39 https://www.cms.gov/files/zip/2026-code-tables-tabular-and-index.zip,histoplasmosis. WHO: Histoplasmosis (header); CM: Histoplasmosis (header)
Sarcoidosis,d86,G51.0,WHO+CM,related,https://icd.who.int/browse10/2019/en#/G51.0 https://www.cms.gov/files/zip/2026-code-tables-tabular-and-index.zip,Bell's palsy. WHO: Bell palsy; CM: Bell's palsy
Sarcoidosis,d86,E83.5,WHO+CM,related,https://icd.who.int/browse10/2019/en#/E83.5 https://www.cms.gov/files/zip/2026-code-tables-tabular-and-index.zip,disorders of calcium metabolism. WHO: Disorders of calcium metabolism; CM: Disorders of calcium metabolism (header)
Sarcoidosis,d86,K76,WHO+CM,related,https://icd.who.int/browse10/2019/en#/K76 https://www.cms.gov/files/zip/2026-code-tables-tabular-and-index.zip,other diseases of liver. WHO: Other diseases of liver (header); CM: Other diseases of liver (header)
Sarcoidosis,d86,D72.8,WHO+CM,related,https://icd.who.int/browse10/2019/en#/D72.8 https://www.cms.gov/files/zip/2026-code-tables-tabular-and-index.zip,other specified disorders of white blood cells. WHO: Other specified disorders of white blood cells; CM: Other specified disorders of white blood cells (header)
Sarcoidosis,d86,M13,WHO+CM,related,https://icd.who.int/browse10/2019/en#/M13 https://www.cms.gov/files/zip/2026-code-tables-tabular-and-index.zip,other arthritis. WHO: Other arthritis (header); CM: Other arthritis (header)
Sarcoidosis,d86,M79.1,WHO+CM,related,https://icd.who.int/browse10/2019/en#/M79.1 https://www.cms.gov/files/zip/2026-code-tables-tabular-and-index.zip,myalgia. WHO: Myalgia; CM: Myalgia (header)
Pancreatic neoplasm,c25,C25,WHO+CM,equivalent,https://icd.who.int/browse10/2019/en#/C25 https://www.cms.gov/files/zip/2026-code-tables-tabular-and-index.zip,DDXPlus code; malignant neoplasm of pancreas. WHO: Malignant neoplasm of pancreas (header); CM: Malignant neoplasm of pancreas (header)
Pancreatic neoplasm,c25,C25.0,WHO+CM,narrower,https://icd.who.int/browse10/2019/en#/C25.0 https://www.cms.gov/files/zip/2026-code-tables-tabular-and-index.zip,malignant neoplasm of head of pancreas. WHO: Malignant neoplasm: Head of pancreas; CM: Malignant neoplasm of head of pancreas
Pancreatic neoplasm,c25,C25.1,WHO+CM,narrower,https://icd.who.int/browse10/2019/en#/C25.1 https://www.cms.gov/files/zip/2026-code-tables-tabular-and-index.zip,malignant neoplasm of body of pancreas. WHO: Malignant neoplasm: Body of pancreas; CM: Malignant neoplasm of body of pancreas
Pancreatic neoplasm,c25,C25.2,WHO+CM,narrower,https://icd.who.int/browse10/2019/en#/C25.2 https://www.cms.gov/files/zip/2026-code-tables-tabular-and-index.zip,malignant neoplasm of tail of pancreas. WHO: Malignant neoplasm: Tail of pancreas; CM: Malignant neoplasm of tail of pancreas
Pancreatic neoplasm,c25,C25.3,WHO+CM,narrower,https://icd.who.int/browse10/2019/en#/C25.3 https://www.cms.gov/files/zip/2026-code-tables-tabular-and-index.zip,malignant neoplasm of pancreatic duct. WHO: Malignant neoplasm: Pancreatic duct; CM: Malignant neoplasm of pancreatic duct
Pancreatic neoplasm,c25,C25.4,WHO+CM,narrower,https://icd.who.int/browse10/2019/en#/C25.4 https://www.cms.gov/files/zip/2026-code-tables-tabular-and-index.zip,malignant neoplasm of endocrine pancreas. WHO: Malignant neoplasm: Endocrine pancreas; CM: Malignant neoplasm of endocrine pancreas
Pancreatic neoplasm,c25,C25.7,WHO+CM,narrower,https://icd.who.int/browse10/2019/en#/C25.7 https://www.cms.gov/files/zip/2026-code-tables-tabular-and-index.zip,malignant neoplasm of other parts of pancreas. WHO: Malignant neoplasm: Other parts of pancreas; CM: Malignant neoplasm of other parts of pancreas
Pancreatic neoplasm,c25,C25.8,WHO+CM,narrower,https://icd.who.int/browse10/2019/en#/C25.8 https://www.cms.gov/files/zip/2026-code-tables-tabular-and-index.zip,malignant neoplasm of overlapping sites of pancreas. WHO: Malignant neoplasm: Overlapping lesion of pancreas; CM: Malignant neoplasm of overlapping sites of pancreas
Pancreatic neoplasm,c25,C25.9,WHO+CM,equivalent,https://icd.who.int/browse10/2019/en#/C25.9 https://www.cms.gov/files/zip/2026-code-tables-tabular-and-index.zip,"malignant neoplasm of pancreas, unspecified. WHO: Malignant neoplasm: Pancreas, unspecified; CM: Malignant neoplasm of pancreas, unspecified"
Pancreatic neoplasm,c25,C26.9,WHO+CM,broader,https://icd.who.int/browse10/2019/en#/C26.9 https://www.cms.gov/files/zip/2026-code-tables-tabular-and-index.zip,malignant neoplasm of ill-defined sites within the digestive system. WHO: Malignant neoplasm: Ill-defined sites within the digestive system; CM: Malignant neoplasm of ill-defined sites within the dgstv sys
Pancreatic neoplasm,c25,C80.1,CM,broader,https://www.cms.gov/files/zip/2026-code-tables-tabular-and-index.zip,"malignant neoplasm, unspecified. CM: Malignant (primary) neoplasm, unspecified"
Pancreatic neoplasm,c25,D37.7,WHO,broader,https://icd.who.int/browse10/2019/en#/D37.7,neoplasm of uncertain behaviour of other digestive organs (WHO; includes pancreas). WHO: Neoplasm of uncertain or unknown behaviour: Other digestive organs
Pancreatic neoplasm,c25,D37.8,CM,broader,https://www.cms.gov/files/zip/2026-code-tables-tabular-and-index.zip,neoplasm of uncertain behavior of other specified digestive organs (CM; includes pancreas). CM: Neoplasm of uncertain behavior of oth digestive organs
Pancreatic neoplasm,c25,D49.0,CM,broader,https://www.cms.gov/files/zip/2026-code-tables-tabular-and-index.zip,neoplasm of unspecified behavior of digestive system (CM). CM: Neoplasm of unspecified behavior of digestive system
Pancreatic neoplasm,c25,C24,WHO+CM,related,https://icd.who.int/browse10/2019/en#/C24 https://www.cms.gov/files/zip/2026-code-tables-tabular-and-index.zip,"malignant neoplasm of other and unspecified parts of biliary tract (extrahepatic bile duct, ampulla). WHO: Malignant neoplasm of other and unspecified parts of biliary tract (header); CM: Malignant neoplasm of other and unsp parts of biliary tract (header)"
Pancreatic neoplasm,c25,C24.0,WHO+CM,related,https://icd.who.int/browse10/2019/en#/C24.0 https://www.cms.gov/files/zip/2026-code-tables-tabular-and-index.zip,malignant neoplasm of extrahepatic bile duct. WHO: Malignant neoplasm: Extrahepatic bile duct; CM: Malignant neoplasm of extrahepatic bile duct
Pancreatic neoplasm,c25,C24.1,WHO+CM,related,https://icd.who.int/browse10/2019/en#/C24.1 https://www.cms.gov/files/zip/2026-code-tables-tabular-and-index.zip,malignant neoplasm of ampulla of Vater. WHO: Malignant neoplasm: Ampulla of Vater; CM: Malignant neoplasm of ampulla of Vater
Pancreatic neoplasm,c25,C23,WHO+CM,related,https://icd.who.int/browse10/2019/en#/C23 https://www.cms.gov/files/zip/2026-code-tables-tabular-and-index.zip,malignant neoplasm of gallbladder. WHO: Malignant neoplasm of gallbladder; CM: Malignant neoplasm of gallbladder
Pancreatic neoplasm,c25,C22,WHO+CM,related,https://icd.who.int/browse10/2019/en#/C22 https://www.cms.gov/files/zip/2026-code-tables-tabular-and-index.zip,malignant neoplasm of liver and intrahepatic bile ducts. WHO: Malignant neoplasm of liver and intrahepatic bile ducts (header); CM: Malignant neoplasm of liver and intrahepatic bile ducts (header)
Pancreatic neoplasm,c25,C17.0,WHO+CM,related,https://icd.who.int/browse10/2019/en#/C17.0 https://www.cms.gov/files/zip/2026-code-tables-tabular-and-index.zip,malignant neoplasm of duodenum. WHO: Malignant neoplasm: Duodenum; CM: Malignant neoplasm of duodenum
Pancreatic neoplasm,c25,C16,WHO+CM,related,https://icd.who.int/browse10/2019/en#/C16 https://www.cms.gov/files/zip/2026-code-tables-tabular-and-index.zip,malignant neoplasm of stomach. WHO: Malignant neoplasm of stomach (header); CM: Malignant neoplasm of stomach (header)
Pancreatic neoplasm,c25,C78.89,CM,related,https://www.cms.gov/files/zip/2026-code-tables-tabular-and-index.zip,secondary malignant neoplasm of other digestive organs (CM). CM: Secondary malignant neoplasm of other digestive organs
Pancreatic neoplasm,c25,C78.8,WHO+CM,related,https://icd.who.int/browse10/2019/en#/C78.8 https://www.cms.gov/files/zip/2026-code-tables-tabular-and-index.zip,secondary malignant neoplasm of other and unspecified digestive organs. WHO: Secondary malignant neoplasm of other and unspecified digestive organs; CM: Secondary malignant neoplasm of and unsp digestive organs (header)
Pancreatic neoplasm,c25,D13.6,WHO+CM,related,https://icd.who.int/browse10/2019/en#/D13.6 https://www.cms.gov/files/zip/2026-code-tables-tabular-and-index.zip,benign neoplasm of pancreas. WHO: Benign neoplasm: Pancreas; CM: Benign neoplasm of pancreas
Pancreatic neoplasm,c25,D13.7,WHO+CM,related,https://icd.who.int/browse10/2019/en#/D13.7 https://www.cms.gov/files/zip/2026-code-tables-tabular-and-index.zip,benign neoplasm of endocrine pancreas. WHO: Benign neoplasm: Endocrine pancreas; CM: Benign neoplasm of endocrine pancreas
Pancreatic neoplasm,c25,K86.1,WHO+CM,related,https://icd.who.int/browse10/2019/en#/K86.1 https://www.cms.gov/files/zip/2026-code-tables-tabular-and-index.zip,other chronic pancreatitis. WHO: Other chronic pancreatitis; CM: Other chronic pancreatitis
Pancreatic neoplasm,c25,K86.0,WHO+CM,related,https://icd.who.int/browse10/2019/en#/K86.0 https://www.cms.gov/files/zip/2026-code-tables-tabular-and-index.zip,alcohol-induced chronic pancreatitis. WHO: Alcohol-induced chronic pancreatitis; CM: Alcohol-induced chronic pancreatitis
Pancreatic neoplasm,c25,K86.8,WHO+CM,related,https://icd.who.int/browse10/2019/en#/K86.8 https://www.cms.gov/files/zip/2026-code-tables-tabular-and-index.zip,other specified diseases of pancreas. WHO: Other specified diseases of pancreas; CM: Other specified diseases of pancreas (header)
Pancreatic neoplasm,c25,K86.9,WHO+CM,related,https://icd.who.int/browse10/2019/en#/K86.9 https://www.cms.gov/files/zip/2026-code-tables-tabular-and-index.zip,"disease of pancreas, unspecified. WHO: Disease of pancreas, unspecified; CM: Disease of pancreas, unspecified"
Pancreatic neoplasm,c25,K86.2,WHO+CM,related,https://icd.who.int/browse10/2019/en#/K86.2 https://www.cms.gov/files/zip/2026-code-tables-tabular-and-index.zip,cyst of pancreas. WHO: Cyst of pancreas; CM: Cyst of pancreas
Pancreatic neoplasm,c25,K86.3,WHO+CM,related,https://icd.who.int/browse10/2019/en#/K86.3 https://www.cms.gov/files/zip/2026-code-tables-tabular-and-index.zip,pseudocyst of pancreas. WHO: Pseudocyst of pancreas; CM: Pseudocyst of pancreas
Pancreatic neoplasm,c25,K86,WHO+CM,related,https://icd.who.int/browse10/2019/en#/K86 https://www.cms.gov/files/zip/2026-code-tables-tabular-and-index.zip,other diseases of pancreas. WHO: Other diseases of pancreas (header); CM: Other diseases of pancreas (header)
Pancreatic neoplasm,c25,K85,WHO+CM,related,https://icd.who.int/browse10/2019/en#/K85 https://www.cms.gov/files/zip/2026-code-tables-tabular-and-index.zip,acute pancreatitis. WHO: Acute pancreatitis (header); CM: Acute pancreatitis (header)
Pancreatic neoplasm,c25,K83.1,WHO+CM,related,https://icd.who.int/browse10/2019/en#/K83.1 https://www.cms.gov/files/zip/2026-code-tables-tabular-and-index.zip,obstruction of bile duct. WHO: Obstruction of bile duct; CM: Obstruction of bile duct
Pancreatic neoplasm,c25,K83.0,WHO+CM,related,https://icd.who.int/browse10/2019/en#/K83.0 https://www.cms.gov/files/zip/2026-code-tables-tabular-and-index.zip,cholangitis. WHO: Cholangitis; CM: Cholangitis (header)
Pancreatic neoplasm,c25,K83,WHO+CM,related,https://icd.who.int/browse10/2019/en#/K83 https://www.cms.gov/files/zip/2026-code-tables-tabular-and-index.zip,other diseases of biliary tract. WHO: Other diseases of biliary tract (header); CM: Other diseases of biliary tract (header)
Pancreatic neoplasm,c25,K80,WHO+CM,related,https://icd.who.int/browse10/2019/en#/K80 https://www.cms.gov/files/zip/2026-code-tables-tabular-and-index.zip,cholelithiasis. WHO: Cholelithiasis (header); CM: Cholelithiasis (header)
Pancreatic neoplasm,c25,K81,WHO+CM,related,https://icd.who.int/browse10/2019/en#/K81 https://www.cms.gov/files/zip/2026-code-tables-tabular-and-index.zip,cholecystitis. WHO: Cholecystitis (header); CM: Cholecystitis (header)
Pancreatic neoplasm,c25,K82,WHO+CM,related,https://icd.who.int/browse10/2019/en#/K82 https://www.cms.gov/files/zip/2026-code-tables-tabular-and-index.zip,other diseases of gallbladder. WHO: Other diseases of gallbladder (header); CM: Other diseases of gallbladder (header)
Pancreatic neoplasm,c25,K76,WHO+CM,related,https://icd.who.int/browse10/2019/en#/K76 https://www.cms.gov/files/zip/2026-code-tables-tabular-and-index.zip,other diseases of liver. WHO: Other diseases of liver (header); CM: Other diseases of liver (header)
Pancreatic neoplasm,c25,K74,WHO+CM,related,https://icd.who.int/browse10/2019/en#/K74 https://www.cms.gov/files/zip/2026-code-tables-tabular-and-index.zip,fibrosis and cirrhosis of liver. WHO: Fibrosis and cirrhosis of liver (header); CM: Fibrosis and cirrhosis of liver (header)
Pancreatic neoplasm,c25,R17,WHO+CM,related,https://icd.who.int/browse10/2019/en#/R17 https://www.cms.gov/files/zip/2026-code-tables-tabular-and-index.zip,"unspecified jaundice. WHO: Hyperbilirubinaemia, with or without jaundice, not elsewhere classified (header); CM: Unspecified jaundice"
Pancreatic neoplasm,c25,R63.4,WHO+CM,related,https://icd.who.int/browse10/2019/en#/R63.4 https://www.cms.gov/files/zip/2026-code-tables-tabular-and-index.zip,abnormal weight loss. WHO: Abnormal weight loss; CM: Abnormal weight loss
Pancreatic neoplasm,c25,R10.1,WHO+CM,related,https://icd.who.int/browse10/2019/en#/R10.1 https://www.cms.gov/files/zip/2026-code-tables-tabular-and-index.zip,pain localized to upper abdomen. WHO: Pain localized to upper abdomen; CM: Pain localized to upper abdomen (header)
Pancreatic neoplasm,c25,R10,WHO+CM,related,https://icd.who.int/browse10/2019/en#/R10 https://www.cms.gov/files/zip/2026-code-tables-tabular-and-index.zip,abdominal and pelvic pain. WHO: Abdominal and pelvic pain (header); CM: Abdominal and pelvic pain (header)
Pancreatic neoplasm,c25,K92.2,WHO+CM,related,https://icd.who.int/browse10/2019/en#/K92.2 https://www.cms.gov/files/zip/2026-code-tables-tabular-and-index.zip,"gastrointestinal haemorrhage. WHO: Gastrointestinal haemorrhage, unspecified; CM: Gastrointestinal hemorrhage, unspecified"
Pancreatic neoplasm,c25,E16,WHO+CM,related,https://icd.who.int/browse10/2019/en#/E16 https://www.cms.gov/files/zip/2026-code-tables-tabular-and-index.zip,other disorders of pancreatic internal secretion. WHO: Other disorders of pancreatic internal secretion (header); CM: Other disorders of pancreatic internal secretion (header)
Pancreatic neoplasm,c25,E11,WHO+CM,related,https://icd.who.int/browse10/2019/en#/E11 https://www.cms.gov/files/zip/2026-code-tables-tabular-and-index.zip,type 2 diabetes mellitus. WHO: Type 2 diabetes mellitus (header); CM: Type 2 diabetes mellitus (header)
Pancreatic neoplasm,c25,K31,WHO+CM,related,https://icd.who.int/browse10/2019/en#/K31 https://www.cms.gov/files/zip/2026-code-tables-tabular-and-index.zip,other diseases of stomach and duodenum. WHO: Other diseases of stomach and duodenum (header); CM: Other diseases of stomach and duodenum (header)
Pancreatic neoplasm,c25,K90.3,WHO+CM,related,https://icd.who.int/browse10/2019/en#/K90.3 https://www.cms.gov/files/zip/2026-code-tables-tabular-and-index.zip,pancreatic steatorrhoea. WHO: Pancreatic steatorrhoea; CM: Pancreatic steatorrhea
Pancreatic neoplasm,c25,K29,WHO+CM,related,https://icd.who.int/browse10/2019/en#/K29 https://www.cms.gov/files/zip/2026-code-tables-tabular-and-index.zip,gastritis and duodenitis. WHO: Gastritis and duodenitis (header); CM: Gastritis and duodenitis (header)
Pancreatic neoplasm,c25,K25,WHO+CM,related,https://icd.who.int/browse10/2019/en#/K25 https://www.cms.gov/files/zip/2026-code-tables-tabular-and-index.zip,gastric ulcer. WHO: Gastric ulcer (header); CM: Gastric ulcer (header)
Pancreatic neoplasm,c25,K26,WHO+CM,related,https://icd.who.int/browse10/2019/en#/K26 https://www.cms.gov/files/zip/2026-code-tables-tabular-and-index.zip,duodenal ulcer. WHO: Duodenal ulcer (header); CM: Duodenal ulcer (header)
Pancreatic neoplasm,c25,R93.3,WHO+CM,related,https://icd.who.int/browse10/2019/en#/R93.3 https://www.cms.gov/files/zip/2026-code-tables-tabular-and-index.zip,abnormal findings on diagnostic imaging of other parts of digestive tract. WHO: Abnormal findings on diagnostic imaging of other parts of digestive tract; CM: Abnormal findings on dx imaging of prt digestive tract
Pancreatic neoplasm,c25,I82,WHO+CM,related,https://icd.who.int/browse10/2019/en#/I82 https://www.cms.gov/files/zip/2026-code-tables-tabular-and-index.zip,venous embolism and thrombosis. WHO: Other venous embolism and thrombosis (header); CM: Other venous embolism and thrombosis (header)
Pancreatic neoplasm,c25,B15,WHO+CM,related,https://icd.who.int/browse10/2019/en#/B15 https://www.cms.gov/files/zip/2026-code-tables-tabular-and-index.zip,acute hepatitis A. WHO: Acute hepatitis A (header); CM: Acute hepatitis A (header)
Pancreatic neoplasm,c25,B16,WHO+CM,related,https://icd.who.int/browse10/2019/en#/B16 https://www.cms.gov/files/zip/2026-code-tables-tabular-and-index.zip,acute hepatitis B. WHO: Acute hepatitis B (header); CM: Acute hepatitis B (header)
Pancreatic neoplasm,c25,B17,WHO+CM,related,https://icd.who.int/browse10/2019/en#/B17 https://www.cms.gov/files/zip/2026-code-tables-tabular-and-index.zip,other acute viral hepatitis. WHO: Other acute viral hepatitis (header); CM: Other acute viral hepatitis (header)
Pancreatic neoplasm,c25,B18,WHO+CM,related,https://icd.who.int/browse10/2019/en#/B18 https://www.cms.gov/files/zip/2026-code-tables-tabular-and-index.zip,chronic viral hepatitis. WHO: Chronic viral hepatitis (header); CM: Chronic viral hepatitis (header)
Pancreatic neoplasm,c25,B19,WHO+CM,related,https://icd.who.int/browse10/2019/en#/B19 https://www.cms.gov/files/zip/2026-code-tables-tabular-and-index.zip,unspecified viral hepatitis. WHO: Unspecified viral hepatitis (header); CM: Unspecified viral hepatitis (header)
Pancreatic neoplasm,c25,K75,WHO+CM,related,https://icd.who.int/browse10/2019/en#/K75 https://www.cms.gov/files/zip/2026-code-tables-tabular-and-index.zip,other inflammatory liver diseases. WHO: Other inflammatory liver diseases (header); CM: Other inflammatory liver diseases (header)
Pancreatic neoplasm,c25,K72,WHO+CM,related,https://icd.who.int/browse10/2019/en#/K72 https://www.cms.gov/files/zip/2026-code-tables-tabular-and-index.zip,"hepatic failure. WHO: Hepatic failure, not elsewhere classified (header); CM: Hepatic failure, not elsewhere classified (header)"
Pancreatic neoplasm,c25,K21.9,WHO+CM,related,https://icd.who.int/browse10/2019/en#/K21.9 https://www.cms.gov/files/zip/2026-code-tables-tabular-and-index.zip,GERD (own DDXPlus condition). WHO: Gastro-oesophageal reflux disease without oesophagitis; CM: Gastro-esophageal reflux disease without esophagitis
Acute pulmonary edema,J81.0,J81.0,CM,equivalent,https://www.cms.gov/files/zip/2026-code-tables-tabular-and-index.zip,"DDXPlus code; acute pulmonary edema (CM; index ""Edema, lung, acute J81.0""). CM: Acute pulmonary edema"
Acute pulmonary edema,J81.0,J81,WHO+CM,equivalent,https://icd.who.int/browse10/2019/en#/J81 https://www.cms.gov/files/zip/2026-code-tables-tabular-and-index.zip,pulmonary oedema (WHO leaf; CM header for J81.0-J81.1). WHO: Pulmonary oedema; CM: Pulmonary edema (header)
Acute pulmonary edema,J81.0,I50.1,WHO+CM,equivalent,https://icd.who.int/browse10/2019/en#/I50.1 https://www.cms.gov/files/zip/2026-code-tables-tabular-and-index.zip,"left ventricular failure; WHO and CM inclusion terms ""Pulmonary oedema with heart failure"", ""Oedema of lung with heart disease NOS"", ""Cardiac asthma"". This is the ICD code for cardiogenic acute pulmonary oedema; J81 excludes it. WHO: Left ventricular failure; CM: Left ventricular failure, unspecified"
Acute pulmonary edema,J81.0,J68.1,WHO+CM,narrower,https://icd.who.int/browse10/2019/en#/J68.1 https://www.cms.gov/files/zip/2026-code-tables-tabular-and-index.zip,"pulmonary oedema due to chemicals, gases, fumes and vapours. WHO: Pulmonary oedema due to chemicals, gases, fumes and vapours; CM: Pulmonary edema due to chemicals, gases, fumes and vapors"
Acute pulmonary edema,J81.0,J81.1,CM,broader,https://www.cms.gov/files/zip/2026-code-tables-tabular-and-index.zip,"chronic pulmonary edema (CM). CM: Chronic pulmonary edema; relation raised from related: family row (docs/v0.3-validity-review.md section 1.1), clinical-family prefix J81"
Acute pulmonary edema,J81.0,I50,WHO+CM,broader,https://icd.who.int/browse10/2019/en#/I50 https://www.cms.gov/files/zip/2026-code-tables-tabular-and-index.zip,heart failure (category containing I50.1). WHO: Heart failure (header); CM: Heart failure (header)
Acute pulmonary edema,J81.0,I50.9,WHO+CM,broader,https://icd.who.int/browse10/2019/en#/I50.9 https://www.cms.gov/files/zip/2026-code-tables-tabular-and-index.zip,"heart failure, unspecified (not the pulmonary oedema code; ICD sends pulmonary oedema with heart failure to I50.1). WHO: Heart failure, unspecified; CM: Heart failure, unspecified; relation raised from related: family row (docs/v0.3-validity-review.md section 1.1), clinical-family prefix I50"
Acute pulmonary edema,J81.0,I50.2,CM,broader,https://www.cms.gov/files/zip/2026-code-tables-tabular-and-index.zip,"systolic (congestive) heart failure (CM). CM: Systolic (congestive) heart failure (header); relation raised from related: family row (docs/v0.3-validity-review.md section 1.1), clinical-family prefix I50"
Acute pulmonary edema,J81.0,I50.3,CM,broader,https://www.cms.gov/files/zip/2026-code-tables-tabular-and-index.zip,"diastolic (congestive) heart failure (CM). CM: Diastolic (congestive) heart failure (header); relation raised from related: family row (docs/v0.3-validity-review.md section 1.1), clinical-family prefix I50"
Acute pulmonary edema,J81.0,I50.4,CM,broader,https://www.cms.gov/files/zip/2026-code-tables-tabular-and-index.zip,"combined systolic and diastolic heart failure (CM). CM: Combined systolic and diastolic (congestive) hrt fail (header); relation raised from related: family row (docs/v0.3-validity-review.md section 1.1), clinical-family prefix I50"
Acute pulmonary edema,J81.0,I50.8,CM,broader,https://www.cms.gov/files/zip/2026-code-tables-tabular-and-index.zip,"other heart failure (CM). CM: Other heart failure (header); relation raised from related: family row (docs/v0.3-validity-review.md section 1.1), clinical-family prefix I50"
Acute pulmonary edema,J81.0,I50.0,WHO,broader,https://icd.who.int/browse10/2019/en#/I50.0,"congestive heart failure (WHO). WHO: Congestive heart failure; relation raised from related: family row (docs/v0.3-validity-review.md section 1.1), clinical-family prefix I50"
Acute pulmonary edema,J81.0,I11.0,WHO+CM,related,https://icd.who.int/browse10/2019/en#/I11.0 https://www.cms.gov/files/zip/2026-code-tables-tabular-and-index.zip,hypertensive heart disease with heart failure. WHO: Hypertensive heart disease with (congestive) heart failure; CM: Hypertensive heart disease with heart failure
Acute pulmonary edema,J81.0,I13,WHO+CM,related,https://icd.who.int/browse10/2019/en#/I13 https://www.cms.gov/files/zip/2026-code-tables-tabular-and-index.zip,hypertensive heart and chronic kidney disease. WHO: Hypertensive heart and renal disease (header); CM: Hypertensive heart and chronic kidney disease (header)
Acute pulmonary edema,J81.0,I13.0,WHO+CM,related,https://icd.who.int/browse10/2019/en#/I13.0 https://www.cms.gov/files/zip/2026-code-tables-tabular-and-index.zip,hypertensive heart and chronic kidney disease with heart failure. WHO: Hypertensive heart and renal disease with (congestive) heart failure; CM: Hyp hrt & chr kdny dis w hrt fail and stg 1-4/unsp chr kdny
Acute pulmonary edema,J81.0,I13.2,WHO+CM,related,https://icd.who.int/browse10/2019/en#/I13.2 https://www.cms.gov/files/zip/2026-code-tables-tabular-and-index.zip,hypertensive heart and chronic kidney disease with heart failure and end-stage renal disease. WHO: Hypertensive heart and renal disease with both (congestive) heart failure and renal failure; CM: Hyp hrt & chr kdny dis w hrt fail and w stg 5 chr kdny/ESRD
Acute pulmonary edema,J81.0,J80,WHO+CM,related,https://icd.who.int/browse10/2019/en#/J80 https://www.cms.gov/files/zip/2026-code-tables-tabular-and-index.zip,"acute respiratory distress syndrome (non-cardiogenic, coded separately). WHO: Adult respiratory distress syndrome; CM: Acute respiratory distress syndrome"
Acute pulmonary edema,J81.0,J70,WHO+CM,related,https://icd.who.int/browse10/2019/en#/J70 https://www.cms.gov/files/zip/2026-code-tables-tabular-and-index.zip,respiratory conditions due to other external agents. WHO: Respiratory conditions due to other external agents (header); CM: Respiratory conditions due to other external agents (header)
Acute pulmonary edema,J81.0,T70.29,CM,related,https://www.cms.gov/files/zip/2026-code-tables-tabular-and-index.zip,other effects of high altitude (CM; high altitude pulmonary oedema). CM: Other effects of high altitude (header)
Acute pulmonary edema,J81.0,J96.0,WHO+CM,related,https://icd.who.int/browse10/2019/en#/J96.0 https://www.cms.gov/files/zip/2026-code-tables-tabular-and-index.zip,acute respiratory failure. WHO: Acute respiratory failure; CM: Acute respiratory failure (header)
Acute pulmonary edema,J81.0,J96,WHO+CM,related,https://icd.who.int/browse10/2019/en#/J96 https://www.cms.gov/files/zip/2026-code-tables-tabular-and-index.zip,"respiratory failure. WHO: Respiratory failure, not elsewhere classified (header); CM: Respiratory failure, not elsewhere classified (header)"
Acute pulmonary edema,J81.0,R06.02,CM,related,https://www.cms.gov/files/zip/2026-code-tables-tabular-and-index.zip,shortness of breath. CM: Shortness of breath
Acute pulmonary edema,J81.0,R06.0,WHO+CM,related,https://icd.who.int/browse10/2019/en#/R06.0 https://www.cms.gov/files/zip/2026-code-tables-tabular-and-index.zip,dyspnoea. WHO: Dyspnoea; CM: Dyspnea (header)
Acute pulmonary edema,J81.0,R09.02,CM,related,https://www.cms.gov/files/zip/2026-code-tables-tabular-and-index.zip,hypoxemia. CM: Hypoxemia
Acute pulmonary edema,J81.0,I26,WHO+CM,related,https://icd.who.int/browse10/2019/en#/I26 https://www.cms.gov/files/zip/2026-code-tables-tabular-and-index.zip,pulmonary embolism (own DDXPlus condition). WHO: Pulmonary embolism (header); CM: Pulmonary embolism (header)
Acute pulmonary edema,J81.0,I21,WHO+CM,related,https://icd.who.int/browse10/2019/en#/I21 https://www.cms.gov/files/zip/2026-code-tables-tabular-and-index.zip,acute myocardial infarction (own DDXPlus condition). WHO: Acute myocardial infarction (header); CM: Acute myocardial infarction (header)
Acute pulmonary edema,J81.0,I20,WHO+CM,related,https://icd.who.int/browse10/2019/en#/I20 https://www.cms.gov/files/zip/2026-code-tables-tabular-and-index.zip,angina pectoris. WHO: Angina pectoris (header); CM: Angina pectoris (header)
Acute pulmonary edema,J81.0,I20.0,WHO+CM,related,https://icd.who.int/browse10/2019/en#/I20.0 https://www.cms.gov/files/zip/2026-code-tables-tabular-and-index.zip,unstable angina (own DDXPlus condition). WHO: Unstable angina; CM: Unstable angina
Acute pulmonary edema,J81.0,I20.9,WHO+CM,related,https://icd.who.int/browse10/2019/en#/I20.9 https://www.cms.gov/files/zip/2026-code-tables-tabular-and-index.zip,"angina pectoris, unspecified (own DDXPlus condition). WHO: Angina pectoris, unspecified; CM: Angina pectoris, unspecified"
Acute pulmonary edema,J81.0,I30,WHO+CM,related,https://icd.who.int/browse10/2019/en#/I30 https://www.cms.gov/files/zip/2026-code-tables-tabular-and-index.zip,acute pericarditis (own DDXPlus condition). WHO: Acute pericarditis (header); CM: Acute pericarditis (header)
Acute pulmonary edema,J81.0,I31.3,WHO+CM,related,https://icd.who.int/browse10/2019/en#/I31.3 https://www.cms.gov/files/zip/2026-code-tables-tabular-and-index.zip,pericardial effusion. WHO: Pericardial effusion (noninflammatory); CM: Pericardial effusion (noninflammatory) (header)
Acute pulmonary edema,J81.0,J18.2,WHO+CM,related,https://icd.who.int/browse10/2019/en#/J18.2 https://www.cms.gov/files/zip/2026-code-tables-tabular-and-index.zip,"hypostatic pneumonia (owned by Pneumonia). WHO: Hypostatic pneumonia, unspecified; CM: Hypostatic pneumonia, unspecified organism"
Acute pulmonary edema,J81.0,J18,WHO+CM,related,https://icd.who.int/browse10/2019/en#/J18 https://www.cms.gov/files/zip/2026-code-tables-tabular-and-index.zip,"pneumonia (own DDXPlus condition). WHO: Pneumonia, organism unspecified (header); CM: Pneumonia, unspecified organism (header)"
Acute pulmonary edema,J81.0,J90,WHO+CM,related,https://icd.who.int/browse10/2019/en#/J90 https://www.cms.gov/files/zip/2026-code-tables-tabular-and-index.zip,"pleural effusion. WHO: Pleural effusion, not elsewhere classified; CM: Pleural effusion, not elsewhere classified"
Acute pulmonary edema,J81.0,I27,WHO+CM,related,https://icd.who.int/browse10/2019/en#/I27 https://www.cms.gov/files/zip/2026-code-tables-tabular-and-index.zip,pulmonary heart disease. WHO: Other pulmonary heart diseases (header); CM: Other pulmonary heart diseases (header)
Acute pulmonary edema,J81.0,I42,WHO+CM,related,https://icd.who.int/browse10/2019/en#/I42 https://www.cms.gov/files/zip/2026-code-tables-tabular-and-index.zip,cardiomyopathy. WHO: Cardiomyopathy (header); CM: Cardiomyopathy (header)
Acute pulmonary edema,J81.0,I34,WHO+CM,related,https://icd.who.int/browse10/2019/en#/I34 https://www.cms.gov/files/zip/2026-code-tables-tabular-and-index.zip,nonrheumatic mitral valve disorders. WHO: Nonrheumatic mitral valve disorders (header); CM: Nonrheumatic mitral valve disorders (header)
Acute pulmonary edema,J81.0,I35,WHO+CM,related,https://icd.who.int/browse10/2019/en#/I35 https://www.cms.gov/files/zip/2026-code-tables-tabular-and-index.zip,nonrheumatic aortic valve disorders. WHO: Nonrheumatic aortic valve disorders (header); CM: Nonrheumatic aortic valve disorders (header)
Acute pulmonary edema,J81.0,I05,WHO+CM,related,https://icd.who.int/browse10/2019/en#/I05 https://www.cms.gov/files/zip/2026-code-tables-tabular-and-index.zip,rheumatic mitral valve diseases. WHO: Rheumatic mitral valve diseases (header); CM: Rheumatic mitral valve diseases (header)
Acute pulmonary edema,J81.0,I48,WHO+CM,related,https://icd.who.int/browse10/2019/en#/I48 https://www.cms.gov/files/zip/2026-code-tables-tabular-and-index.zip,atrial fibrillation and flutter (own DDXPlus condition). WHO: Atrial fibrillation and flutter (header); CM: Atrial fibrillation and flutter (header)
Acute pulmonary edema,J81.0,I47.1,WHO+CM,related,https://icd.who.int/browse10/2019/en#/I47.1 https://www.cms.gov/files/zip/2026-code-tables-tabular-and-index.zip,supraventricular tachycardia (own DDXPlus condition). WHO: Supraventricular tachycardia; CM: Supraventricular tachycardia (header)
Acute pulmonary edema,J81.0,J98.4,WHO+CM,related,https://icd.who.int/browse10/2019/en#/J98.4 https://www.cms.gov/files/zip/2026-code-tables-tabular-and-index.zip,other disorders of lung. WHO: Other disorders of lung; CM: Other disorders of lung
Acute pulmonary edema,J81.0,R07.9,CM,related,https://www.cms.gov/files/zip/2026-code-tables-tabular-and-index.zip,"chest pain, unspecified. CM: Chest pain, unspecified"
Acute pulmonary edema,J81.0,J44.1,WHO+CM,related,https://icd.who.int/browse10/2019/en#/J44.1 https://www.cms.gov/files/zip/2026-code-tables-tabular-and-index.zip,"COPD with acute exacerbation (own DDXPlus condition). WHO: Chronic obstructive pulmonary disease with acute exacerbation, unspecified; CM: Chronic obstructive pulmonary disease w (acute) exacerbation"
Acute pulmonary edema,J81.0,J45,WHO+CM,related,https://icd.who.int/browse10/2019/en#/J45 https://www.cms.gov/files/zip/2026-code-tables-tabular-and-index.zip,asthma (own DDXPlus condition). WHO: Asthma (header); CM: Asthma (header)
Acute pulmonary edema,J81.0,I82,WHO+CM,related,https://icd.who.int/browse10/2019/en#/I82 https://www.cms.gov/files/zip/2026-code-tables-tabular-and-index.zip,venous embolism and thrombosis. WHO: Other venous embolism and thrombosis (header); CM: Other venous embolism and thrombosis (header)
Acute pulmonary edema,J81.0,I24.9,WHO+CM,related,https://icd.who.int/browse10/2019/en#/I24.9 https://www.cms.gov/files/zip/2026-code-tables-tabular-and-index.zip,"acute ischaemic heart disease, unspecified. WHO: Acute ischaemic heart disease, unspecified; CM: Acute ischemic heart disease, unspecified"
Acute pulmonary edema,J81.0,I24,WHO+CM,related,https://icd.who.int/browse10/2019/en#/I24 https://www.cms.gov/files/zip/2026-code-tables-tabular-and-index.zip,other acute ischaemic heart diseases. WHO: Other acute ischaemic heart diseases (header); CM: Other acute ischemic heart diseases (header)
Acute pulmonary edema,J81.0,I71,WHO+CM,related,https://icd.who.int/browse10/2019/en#/I71 https://www.cms.gov/files/zip/2026-code-tables-tabular-and-index.zip,aortic aneurysm and dissection. WHO: Aortic aneurysm and dissection (header); CM: Aortic aneurysm and dissection (header)
Acute pulmonary edema,J81.0,N17,WHO+CM,related,https://icd.who.int/browse10/2019/en#/N17 https://www.cms.gov/files/zip/2026-code-tables-tabular-and-index.zip,acute kidney failure. WHO: Acute renal failure (header); CM: Acute kidney failure (header)
Acute pulmonary edema,J81.0,N18,WHO+CM,related,https://icd.who.int/browse10/2019/en#/N18 https://www.cms.gov/files/zip/2026-code-tables-tabular-and-index.zip,chronic kidney disease. WHO: Chronic kidney disease (header); CM: Chronic kidney disease (CKD) (header)
Acute pulmonary edema,J81.0,I10,WHO+CM,related,https://icd.who.int/browse10/2019/en#/I10 https://www.cms.gov/files/zip/2026-code-tables-tabular-and-index.zip,essential hypertension. WHO: Essential (primary) hypertension; CM: Essential (primary) hypertension
Acute pulmonary edema,J81.0,I16,CM,related,https://www.cms.gov/files/zip/2026-code-tables-tabular-and-index.zip,hypertensive crisis (CM). CM: Hypertensive crisis (header)
Acute pulmonary edema,J81.0,I95,WHO+CM,related,https://icd.who.int/browse10/2019/en#/I95 https://www.cms.gov/files/zip/2026-code-tables-tabular-and-index.zip,hypotension. WHO: Hypotension (header); CM: Hypotension (header)
Acute pulmonary edema,J81.0,R57,WHO+CM,related,https://icd.who.int/browse10/2019/en#/R57 https://www.cms.gov/files/zip/2026-code-tables-tabular-and-index.zip,"shock. WHO: Shock, not elsewhere classified (header); CM: Shock, not elsewhere classified (header)"
Pericarditis,I30,I30,WHO+CM,equivalent,https://icd.who.int/browse10/2019/en#/I30 https://www.cms.gov/files/zip/2026-code-tables-tabular-and-index.zip,DDXPlus code; acute pericarditis. WHO: Acute pericarditis (header); CM: Acute pericarditis (header)
Pericarditis,I30,I30.0,WHO+CM,narrower,https://icd.who.int/browse10/2019/en#/I30.0 https://www.cms.gov/files/zip/2026-code-tables-tabular-and-index.zip,acute nonspecific idiopathic pericarditis. WHO: Acute nonspecific idiopathic pericarditis; CM: Acute nonspecific idiopathic pericarditis
Pericarditis,I30,I30.1,WHO+CM,narrower,https://icd.who.int/browse10/2019/en#/I30.1 https://www.cms.gov/files/zip/2026-code-tables-tabular-and-index.zip,infective pericarditis. WHO: Infective pericarditis; CM: Infective pericarditis
Pericarditis,I30,I30.8,WHO+CM,narrower,https://icd.who.int/browse10/2019/en#/I30.8 https://www.cms.gov/files/zip/2026-code-tables-tabular-and-index.zip,other forms of acute pericarditis. WHO: Other forms of acute pericarditis; CM: Other forms of acute pericarditis
Pericarditis,I30,I30.9,WHO+CM,equivalent,https://icd.who.int/browse10/2019/en#/I30.9 https://www.cms.gov/files/zip/2026-code-tables-tabular-and-index.zip,"acute pericarditis, unspecified. WHO: Acute pericarditis, unspecified; CM: Acute pericarditis, unspecified"
Pericarditis,I30,I31.0,WHO+CM,narrower,https://icd.who.int/browse10/2019/en#/I31.0 https://www.cms.gov/files/zip/2026-code-tables-tabular-and-index.zip,chronic adhesive pericarditis. WHO: Chronic adhesive pericarditis; CM: Chronic adhesive pericarditis
Pericarditis,I30,I31.1,WHO+CM,narrower,https://icd.who.int/browse10/2019/en#/I31.1 https://www.cms.gov/files/zip/2026-code-tables-tabular-and-index.zip,chronic constrictive pericarditis. WHO: Chronic constrictive pericarditis; CM: Chronic constrictive pericarditis
Pericarditis,I30,I32,WHO+CM,narrower,https://icd.who.int/browse10/2019/en#/I32 https://www.cms.gov/files/zip/2026-code-tables-tabular-and-index.zip,pericarditis in diseases classified elsewhere. WHO: Pericarditis in diseases classified elsewhere (header); CM: Pericarditis in diseases classified elsewhere
Pericarditis,I30,I01.0,WHO+CM,narrower,https://icd.who.int/browse10/2019/en#/I01.0 https://www.cms.gov/files/zip/2026-code-tables-tabular-and-index.zip,acute rheumatic pericarditis. WHO: Acute rheumatic pericarditis; CM: Acute rheumatic pericarditis
Pericarditis,I30,I09.2,WHO+CM,narrower,https://icd.who.int/browse10/2019/en#/I09.2 https://www.cms.gov/files/zip/2026-code-tables-tabular-and-index.zip,chronic rheumatic pericarditis. WHO: Chronic rheumatic pericarditis; CM: Chronic rheumatic pericarditis
Pericarditis,I30,I24.1,WHO+CM,narrower,https://icd.who.int/browse10/2019/en#/I24.1 https://www.cms.gov/files/zip/2026-code-tables-tabular-and-index.zip,"Dressler's syndrome (CM index ""Pericarditis, postinfarction I24.1""). WHO: Dressler syndrome; CM: Dressler's syndrome"
Pericarditis,I30,B33.23,CM,narrower,https://www.cms.gov/files/zip/2026-code-tables-tabular-and-index.zip,viral pericarditis due to Coxsackie virus (CM; excluded from I30 only because it is coded here). CM: Viral pericarditis
Pericarditis,I30,A18.84,CM,narrower,https://www.cms.gov/files/zip/2026-code-tables-tabular-and-index.zip,tuberculous pericarditis (CM). CM: Tuberculosis of heart
Pericarditis,I30,I31.9,WHO+CM,broader,https://icd.who.int/browse10/2019/en#/I31.9 https://www.cms.gov/files/zip/2026-code-tables-tabular-and-index.zip,"disease of pericardium, unspecified. WHO: Disease of pericardium, unspecified; CM: Disease of pericardium, unspecified"
Pericarditis,I30,I31,WHO+CM,broader,https://icd.who.int/browse10/2019/en#/I31 https://www.cms.gov/files/zip/2026-code-tables-tabular-and-index.zip,other diseases of pericardium. WHO: Other diseases of pericardium (header); CM: Other diseases of pericardium (header)
Pericarditis,I30,B33.2,WHO+CM,broader,https://icd.who.int/browse10/2019/en#/B33.2 https://www.cms.gov/files/zip/2026-code-tables-tabular-and-index.zip,viral carditis. WHO: Viral carditis; CM: Viral carditis (header)
Pericarditis,I30,B33.20,CM,broader,https://www.cms.gov/files/zip/2026-code-tables-tabular-and-index.zip,"viral carditis, unspecified (CM). CM: Viral carditis, unspecified"
Pericarditis,I30,I31.2,WHO+CM,related,https://icd.who.int/browse10/2019/en#/I31.2 https://www.cms.gov/files/zip/2026-code-tables-tabular-and-index.zip,"haemopericardium, not elsewhere classified. WHO: Haemopericardium, not elsewhere classified; CM: Hemopericardium, not elsewhere classified"
Pericarditis,I30,I31.3,WHO+CM,related,https://icd.who.int/browse10/2019/en#/I31.3 https://www.cms.gov/files/zip/2026-code-tables-tabular-and-index.zip,"pericardial effusion (noninflammatory) (CM I31.31, I31.39). WHO: Pericardial effusion (noninflammatory); CM: Pericardial effusion (noninflammatory) (header)"
Pericarditis,I30,I31.4,CM,related,https://www.cms.gov/files/zip/2026-code-tables-tabular-and-index.zip,cardiac tamponade (CM). CM: Cardiac tamponade
Pericarditis,I30,I31.8,WHO+CM,related,https://icd.who.int/browse10/2019/en#/I31.8 https://www.cms.gov/files/zip/2026-code-tables-tabular-and-index.zip,other specified diseases of pericardium. WHO: Other specified diseases of pericardium; CM: Other specified diseases of pericardium
Pericarditis,I30,M32.12,CM,related,https://www.cms.gov/files/zip/2026-code-tables-tabular-and-index.zip,SLE with pericarditis (owned by SLE as narrower). CM: Pericarditis in systemic lupus erythematosus
Pericarditis,I30,I40,WHO+CM,related,https://icd.who.int/browse10/2019/en#/I40 https://www.cms.gov/files/zip/2026-code-tables-tabular-and-index.zip,acute myocarditis (owned by Myocarditis). WHO: Acute myocarditis (header); CM: Acute myocarditis (header)
Pericarditis,I30,I40.9,WHO+CM,related,https://icd.who.int/browse10/2019/en#/I40.9 https://www.cms.gov/files/zip/2026-code-tables-tabular-and-index.zip,"acute myocarditis, unspecified (owned by Myocarditis). WHO: Acute myocarditis, unspecified; CM: Acute myocarditis, unspecified"
Pericarditis,I30,I51.4,WHO+CM,related,https://icd.who.int/browse10/2019/en#/I51.4 https://www.cms.gov/files/zip/2026-code-tables-tabular-and-index.zip,"myocarditis, unspecified (own DDXPlus condition). WHO: Myocarditis, unspecified; CM: Myocarditis, unspecified"
Pericarditis,I30,B33.22,CM,related,https://www.cms.gov/files/zip/2026-code-tables-tabular-and-index.zip,viral myocarditis (owned by Myocarditis). CM: Viral myocarditis
Pericarditis,I30,M94.0,WHO+CM,related,https://icd.who.int/browse10/2019/en#/M94.0 https://www.cms.gov/files/zip/2026-code-tables-tabular-and-index.zip,chondrocostal junction syndrome (Tietze). WHO: Chondrocostal junction syndrome [Tietze]; CM: Chondrocostal junction syndrome [Tietze]
Pericarditis,I30,I21,WHO+CM,related,https://icd.who.int/browse10/2019/en#/I21 https://www.cms.gov/files/zip/2026-code-tables-tabular-and-index.zip,acute myocardial infarction (own DDXPlus condition). WHO: Acute myocardial infarction (header); CM: Acute myocardial infarction (header)
Pericarditis,I30,I20,WHO+CM,related,https://icd.who.int/browse10/2019/en#/I20 https://www.cms.gov/files/zip/2026-code-tables-tabular-and-index.zip,angina pectoris. WHO: Angina pectoris (header); CM: Angina pectoris (header)
Pericarditis,I30,I20.0,WHO+CM,related,https://icd.who.int/browse10/2019/en#/I20.0 https://www.cms.gov/files/zip/2026-code-tables-tabular-and-index.zip,unstable angina (own DDXPlus condition). WHO: Unstable angina; CM: Unstable angina
Pericarditis,I30,I20.9,WHO+CM,related,https://icd.who.int/browse10/2019/en#/I20.9 https://www.cms.gov/files/zip/2026-code-tables-tabular-and-index.zip,"angina pectoris, unspecified (own DDXPlus condition). WHO: Angina pectoris, unspecified; CM: Angina pectoris, unspecified"
Pericarditis,I30,I26,WHO+CM,related,https://icd.who.int/browse10/2019/en#/I26 https://www.cms.gov/files/zip/2026-code-tables-tabular-and-index.zip,pulmonary embolism (own DDXPlus condition). WHO: Pulmonary embolism (header); CM: Pulmonary embolism (header)
Pericarditis,I30,J93,WHO+CM,related,https://icd.who.int/browse10/2019/en#/J93 https://www.cms.gov/files/zip/2026-code-tables-tabular-and-index.zip,pneumothorax (own DDXPlus condition). WHO: Pneumothorax (header); CM: Pneumothorax and air leak (header)
Pericarditis,I30,R07,WHO+CM,related,https://icd.who.int/browse10/2019/en#/R07 https://www.cms.gov/files/zip/2026-code-tables-tabular-and-index.zip,pain in throat and chest. WHO: Pain in throat and chest (header); CM: Pain in throat and chest (header)
Pericarditis,I30,R07.1,WHO+CM,related,https://icd.who.int/browse10/2019/en#/R07.1 https://www.cms.gov/files/zip/2026-code-tables-tabular-and-index.zip,chest pain on breathing. WHO: Chest pain on breathing; CM: Chest pain on breathing
Pericarditis,I30,R07.9,CM,related,https://www.cms.gov/files/zip/2026-code-tables-tabular-and-index.zip,"chest pain, unspecified. CM: Chest pain, unspecified"
Pericarditis,I30,R07.89,CM,related,https://www.cms.gov/files/zip/2026-code-tables-tabular-and-index.zip,other chest pain. CM: Other chest pain
Pericarditis,I30,R07.2,WHO+CM,related,https://icd.who.int/browse10/2019/en#/R07.2 https://www.cms.gov/files/zip/2026-code-tables-tabular-and-index.zip,precordial pain. WHO: Precordial pain; CM: Precordial pain
Pericarditis,I30,R09.1,WHO+CM,related,https://icd.who.int/browse10/2019/en#/R09.1 https://www.cms.gov/files/zip/2026-code-tables-tabular-and-index.zip,pleurisy. WHO: Pleurisy; CM: Pleurisy
Pericarditis,I30,J90,WHO+CM,related,https://icd.who.int/browse10/2019/en#/J90 https://www.cms.gov/files/zip/2026-code-tables-tabular-and-index.zip,"pleural effusion. WHO: Pleural effusion, not elsewhere classified; CM: Pleural effusion, not elsewhere classified"
Pericarditis,I30,I71,WHO+CM,related,https://icd.who.int/browse10/2019/en#/I71 https://www.cms.gov/files/zip/2026-code-tables-tabular-and-index.zip,aortic aneurysm and dissection. WHO: Aortic aneurysm and dissection (header); CM: Aortic aneurysm and dissection (header)
Pericarditis,I30,K21,WHO+CM,related,https://icd.who.int/browse10/2019/en#/K21 https://www.cms.gov/files/zip/2026-code-tables-tabular-and-index.zip,GERD (own DDXPlus condition). WHO: Gastro-oesophageal reflux disease (header); CM: Gastro-esophageal reflux disease (header)
Pericarditis,I30,K21.9,WHO+CM,related,https://icd.who.int/browse10/2019/en#/K21.9 https://www.cms.gov/files/zip/2026-code-tables-tabular-and-index.zip,GERD without oesophagitis (owned by GERD). WHO: Gastro-oesophageal reflux disease without oesophagitis; CM: Gastro-esophageal reflux disease without esophagitis
Pericarditis,I30,J18,WHO+CM,related,https://icd.who.int/browse10/2019/en#/J18 https://www.cms.gov/files/zip/2026-code-tables-tabular-and-index.zip,"pneumonia (own DDXPlus condition). WHO: Pneumonia, organism unspecified (header); CM: Pneumonia, unspecified organism (header)"
Pericarditis,I30,I33,WHO+CM,related,https://icd.who.int/browse10/2019/en#/I33 https://www.cms.gov/files/zip/2026-code-tables-tabular-and-index.zip,acute and subacute endocarditis. WHO: Acute and subacute endocarditis (header); CM: Acute and subacute endocarditis (header)
Pericarditis,I30,I42,WHO+CM,related,https://icd.who.int/browse10/2019/en#/I42 https://www.cms.gov/files/zip/2026-code-tables-tabular-and-index.zip,cardiomyopathy. WHO: Cardiomyopathy (header); CM: Cardiomyopathy (header)
Pericarditis,I30,D86.85,CM,related,https://www.cms.gov/files/zip/2026-code-tables-tabular-and-index.zip,sarcoid myocarditis (owned by Sarcoidosis). CM: Sarcoid myocarditis
Pericarditis,I30,I50,WHO+CM,related,https://icd.who.int/browse10/2019/en#/I50 https://www.cms.gov/files/zip/2026-code-tables-tabular-and-index.zip,heart failure. WHO: Heart failure (header); CM: Heart failure (header)
Pericarditis,I30,I24.9,WHO+CM,related,https://icd.who.int/browse10/2019/en#/I24.9 https://www.cms.gov/files/zip/2026-code-tables-tabular-and-index.zip,"acute ischaemic heart disease, unspecified. WHO: Acute ischaemic heart disease, unspecified; CM: Acute ischemic heart disease, unspecified"
Pericarditis,I30,I24,WHO+CM,related,https://icd.who.int/browse10/2019/en#/I24 https://www.cms.gov/files/zip/2026-code-tables-tabular-and-index.zip,other acute ischaemic heart diseases. WHO: Other acute ischaemic heart diseases (header); CM: Other acute ischemic heart diseases (header)
Pericarditis,I30,I51.9,WHO+CM,related,https://icd.who.int/browse10/2019/en#/I51.9 https://www.cms.gov/files/zip/2026-code-tables-tabular-and-index.zip,"heart disease, unspecified (owned by Myocarditis as broader). WHO: Heart disease, unspecified; CM: Heart disease, unspecified"
Pericarditis,I30,M54.6,WHO+CM,related,https://icd.who.int/browse10/2019/en#/M54.6 https://www.cms.gov/files/zip/2026-code-tables-tabular-and-index.zip,pain in thoracic spine. WHO: Pain in thoracic spine; CM: Pain in thoracic spine
Pericarditis,I30,J98.4,WHO+CM,related,https://icd.who.int/browse10/2019/en#/J98.4 https://www.cms.gov/files/zip/2026-code-tables-tabular-and-index.zip,other disorders of lung. WHO: Other disorders of lung; CM: Other disorders of lung
Pericarditis,I30,J86,WHO+CM,related,https://icd.who.int/browse10/2019/en#/J86 https://www.cms.gov/files/zip/2026-code-tables-tabular-and-index.zip,pyothorax. WHO: Pyothorax (header); CM: Pyothorax (header)
Pericarditis,I30,J85,WHO+CM,related,https://icd.who.int/browse10/2019/en#/J85 https://www.cms.gov/files/zip/2026-code-tables-tabular-and-index.zip,abscess of lung. WHO: Abscess of lung and mediastinum (header); CM: Abscess of lung and mediastinum (header)
Pericarditis,I30,I47.1,WHO+CM,related,https://icd.who.int/browse10/2019/en#/I47.1 https://www.cms.gov/files/zip/2026-code-tables-tabular-and-index.zip,supraventricular tachycardia (own DDXPlus condition). WHO: Supraventricular tachycardia; CM: Supraventricular tachycardia (header)
Pericarditis,I30,I48,WHO+CM,related,https://icd.who.int/browse10/2019/en#/I48 https://www.cms.gov/files/zip/2026-code-tables-tabular-and-index.zip,atrial fibrillation and flutter (own DDXPlus condition). WHO: Atrial fibrillation and flutter (header); CM: Atrial fibrillation and flutter (header)
Stable angina,I20.9,I21.0,family,broader,docs/v0.3-validity-review.md,"family row (docs/v0.3-validity-review.md section 1.1): names Possible NSTEMI / STEMI (narrower), a family condition"
Stable angina,I20.9,I21.1,family,broader,docs/v0.3-validity-review.md,"family row (docs/v0.3-validity-review.md section 1.1): names Possible NSTEMI / STEMI (narrower), a family condition"
Stable angina,I20.9,I21.2,family,broader,docs/v0.3-validity-review.md,"family row (docs/v0.3-validity-review.md section 1.1): names Possible NSTEMI / STEMI (narrower), a family condition"
Stable angina,I20.9,I21.3,family,broader,docs/v0.3-validity-review.md,"family row (docs/v0.3-validity-review.md section 1.1): names Possible NSTEMI / STEMI (narrower), a family condition"
Stable angina,I20.9,I21.4,family,broader,docs/v0.3-validity-review.md,"family row (docs/v0.3-validity-review.md section 1.1): names Possible NSTEMI / STEMI (narrower), a family condition"
Stable angina,I20.9,I21.9,family,broader,docs/v0.3-validity-review.md,"family row (docs/v0.3-validity-review.md section 1.1): names Possible NSTEMI / STEMI (equivalent), a family condition"
Stable angina,I20.9,I21.A,family,broader,docs/v0.3-validity-review.md,"family row (docs/v0.3-validity-review.md section 1.1): names Possible NSTEMI / STEMI (narrower), a family condition"
Stable angina,I20.9,I21.B,family,broader,docs/v0.3-validity-review.md,"family row (docs/v0.3-validity-review.md section 1.1): names Possible NSTEMI / STEMI (narrower), a family condition"
Stable angina,I20.9,I22,family,broader,docs/v0.3-validity-review.md,family row (docs/v0.3-validity-review.md section 1.1): clinical-family prefix I22
Stable angina,I20.9,I25.700,family,broader,docs/v0.3-validity-review.md,"family row (docs/v0.3-validity-review.md section 1.1): names Unstable angina (narrower), a family condition"
Stable angina,I20.9,I25.710,family,broader,docs/v0.3-validity-review.md,"family row (docs/v0.3-validity-review.md section 1.1): names Unstable angina (narrower), a family condition"
Stable angina,I20.9,I25.720,family,broader,docs/v0.3-validity-review.md,"family row (docs/v0.3-validity-review.md section 1.1): names Unstable angina (narrower), a family condition"
Stable angina,I20.9,I25.730,family,broader,docs/v0.3-validity-review.md,"family row (docs/v0.3-validity-review.md section 1.1): names Unstable angina (narrower), a family condition"
Stable angina,I20.9,I25.750,family,broader,docs/v0.3-validity-review.md,"family row (docs/v0.3-validity-review.md section 1.1): names Unstable angina (narrower), a family condition"
Stable angina,I20.9,I25.760,family,broader,docs/v0.3-validity-review.md,"family row (docs/v0.3-validity-review.md section 1.1): names Unstable angina (narrower), a family condition"
Stable angina,I20.9,I25.790,family,broader,docs/v0.3-validity-review.md,"family row (docs/v0.3-validity-review.md section 1.1): names Unstable angina (narrower), a family condition"
Unstable angina,I20.0,I21.0,family,broader,docs/v0.3-validity-review.md,"family row (docs/v0.3-validity-review.md section 1.1): names Possible NSTEMI / STEMI (narrower), a family condition"
Unstable angina,I20.0,I21.1,family,broader,docs/v0.3-validity-review.md,"family row (docs/v0.3-validity-review.md section 1.1): names Possible NSTEMI / STEMI (narrower), a family condition"
Unstable angina,I20.0,I21.2,family,broader,docs/v0.3-validity-review.md,"family row (docs/v0.3-validity-review.md section 1.1): names Possible NSTEMI / STEMI (narrower), a family condition"
Unstable angina,I20.0,I21.3,family,broader,docs/v0.3-validity-review.md,"family row (docs/v0.3-validity-review.md section 1.1): names Possible NSTEMI / STEMI (narrower), a family condition"
Unstable angina,I20.0,I21.4,family,broader,docs/v0.3-validity-review.md,"family row (docs/v0.3-validity-review.md section 1.1): names Possible NSTEMI / STEMI (narrower), a family condition"
Unstable angina,I20.0,I21.9,family,broader,docs/v0.3-validity-review.md,"family row (docs/v0.3-validity-review.md section 1.1): names Possible NSTEMI / STEMI (equivalent), a family condition"
Unstable angina,I20.0,I21.A,family,broader,docs/v0.3-validity-review.md,"family row (docs/v0.3-validity-review.md section 1.1): names Possible NSTEMI / STEMI (narrower), a family condition"
Unstable angina,I20.0,I21.B,family,broader,docs/v0.3-validity-review.md,"family row (docs/v0.3-validity-review.md section 1.1): names Possible NSTEMI / STEMI (narrower), a family condition"
Unstable angina,I20.0,I25.708,family,broader,docs/v0.3-validity-review.md,"family row (docs/v0.3-validity-review.md section 1.1): names Stable angina (narrower), a family condition"
Unstable angina,I20.0,I25.709,family,broader,docs/v0.3-validity-review.md,"family row (docs/v0.3-validity-review.md section 1.1): names Stable angina (narrower), a family condition"
Unstable angina,I20.0,I25.718,family,broader,docs/v0.3-validity-review.md,"family row (docs/v0.3-validity-review.md section 1.1): names Stable angina (narrower), a family condition"
Unstable angina,I20.0,I25.719,family,broader,docs/v0.3-validity-review.md,"family row (docs/v0.3-validity-review.md section 1.1): names Stable angina (narrower), a family condition"
Unstable angina,I20.0,I25.728,family,broader,docs/v0.3-validity-review.md,"family row (docs/v0.3-validity-review.md section 1.1): names Stable angina (narrower), a family condition"
Unstable angina,I20.0,I25.729,family,broader,docs/v0.3-validity-review.md,"family row (docs/v0.3-validity-review.md section 1.1): names Stable angina (narrower), a family condition"
Unstable angina,I20.0,I25.738,family,broader,docs/v0.3-validity-review.md,"family row (docs/v0.3-validity-review.md section 1.1): names Stable angina (narrower), a family condition"
Unstable angina,I20.0,I25.739,family,broader,docs/v0.3-validity-review.md,"family row (docs/v0.3-validity-review.md section 1.1): names Stable angina (narrower), a family condition"
Unstable angina,I20.0,I25.758,family,broader,docs/v0.3-validity-review.md,"family row (docs/v0.3-validity-review.md section 1.1): names Stable angina (narrower), a family condition"
Unstable angina,I20.0,I25.759,family,broader,docs/v0.3-validity-review.md,"family row (docs/v0.3-validity-review.md section 1.1): names Stable angina (narrower), a family condition"
Unstable angina,I20.0,I25.768,family,broader,docs/v0.3-validity-review.md,"family row (docs/v0.3-validity-review.md section 1.1): names Stable angina (narrower), a family condition"
Unstable angina,I20.0,I25.769,family,broader,docs/v0.3-validity-review.md,"family row (docs/v0.3-validity-review.md section 1.1): names Stable angina (narrower), a family condition"
Unstable angina,I20.0,I25.798,family,broader,docs/v0.3-validity-review.md,"family row (docs/v0.3-validity-review.md section 1.1): names Stable angina (narrower), a family condition"
Unstable angina,I20.0,I25.799,family,broader,docs/v0.3-validity-review.md,"family row (docs/v0.3-validity-review.md section 1.1): names Stable angina (narrower), a family condition"
Unstable angina,I20.0,I25.9,family,broader,docs/v0.3-validity-review.md,"family row (docs/v0.3-validity-review.md section 1.1): names Stable angina (broader), a family condition"
Possible NSTEMI / STEMI,I21,I20.8,family,broader,docs/v0.3-validity-review.md,"family row (docs/v0.3-validity-review.md section 1.1): names Stable angina (equivalent), a family condition"
Possible NSTEMI / STEMI,I21,I20.89,family,broader,docs/v0.3-validity-review.md,"family row (docs/v0.3-validity-review.md section 1.1): names Stable angina (equivalent), a family condition"
Possible NSTEMI / STEMI,I21,I25.1,family,broader,docs/v0.3-validity-review.md,"family row (docs/v0.3-validity-review.md section 1.1): names Stable angina (broader), a family condition"
Possible NSTEMI / STEMI,I21,I25.11,family,broader,docs/v0.3-validity-review.md,"family row (docs/v0.3-validity-review.md section 1.1): names Stable angina (broader), a family condition"
Possible NSTEMI / STEMI,I21,I25.118,family,broader,docs/v0.3-validity-review.md,"family row (docs/v0.3-validity-review.md section 1.1): names Stable angina (narrower), a family condition"
Possible NSTEMI / STEMI,I21,I25.119,family,broader,docs/v0.3-validity-review.md,"family row (docs/v0.3-validity-review.md section 1.1): names Stable angina (narrower), a family condition"
Possible NSTEMI / STEMI,I21,I25.700,family,broader,docs/v0.3-validity-review.md,"family row (docs/v0.3-validity-review.md section 1.1): names Unstable angina (narrower), a family condition"
Possible NSTEMI / STEMI,I21,I25.708,family,broader,docs/v0.3-validity-review.md,"family row (docs/v0.3-validity-review.md section 1.1): names Stable angina (narrower), a family condition"
Possible NSTEMI / STEMI,I21,I25.709,family,broader,docs/v0.3-validity-review.md,"family row (docs/v0.3-validity-review.md section 1.1): names Stable angina (narrower), a family condition"
Possible NSTEMI / STEMI,I21,I25.710,family,broader,docs/v0.3-validity-review.md,"family row (docs/v0.3-validity-review.md section 1.1): names Unstable angina (narrower), a family condition"
Possible NSTEMI / STEMI,I21,I25.718,family,broader,docs/v0.3-validity-review.md,"family row (docs/v0.3-validity-review.md section 1.1): names Stable angina (narrower), a family condition"
Possible NSTEMI / STEMI,I21,I25.719,family,broader,docs/v0.3-validity-review.md,"family row (docs/v0.3-validity-review.md section 1.1): names Stable angina (narrower), a family condition"
Possible NSTEMI / STEMI,I21,I25.720,family,broader,docs/v0.3-validity-review.md,"family row (docs/v0.3-validity-review.md section 1.1): names Unstable angina (narrower), a family condition"
Possible NSTEMI / STEMI,I21,I25.728,family,broader,docs/v0.3-validity-review.md,"family row (docs/v0.3-validity-review.md section 1.1): names Stable angina (narrower), a family condition"
Possible NSTEMI / STEMI,I21,I25.729,family,broader,docs/v0.3-validity-review.md,"family row (docs/v0.3-validity-review.md section 1.1): names Stable angina (narrower), a family condition"
Possible NSTEMI / STEMI,I21,I25.730,family,broader,docs/v0.3-validity-review.md,"family row (docs/v0.3-validity-review.md section 1.1): names Unstable angina (narrower), a family condition"
Possible NSTEMI / STEMI,I21,I25.738,family,broader,docs/v0.3-validity-review.md,"family row (docs/v0.3-validity-review.md section 1.1): names Stable angina (narrower), a family condition"
Possible NSTEMI / STEMI,I21,I25.739,family,broader,docs/v0.3-validity-review.md,"family row (docs/v0.3-validity-review.md section 1.1): names Stable angina (narrower), a family condition"
Possible NSTEMI / STEMI,I21,I25.750,family,broader,docs/v0.3-validity-review.md,"family row (docs/v0.3-validity-review.md section 1.1): names Unstable angina (narrower), a family condition"
Possible NSTEMI / STEMI,I21,I25.758,family,broader,docs/v0.3-validity-review.md,"family row (docs/v0.3-validity-review.md section 1.1): names Stable angina (narrower), a family condition"
Possible NSTEMI / STEMI,I21,I25.759,family,broader,docs/v0.3-validity-review.md,"family row (docs/v0.3-validity-review.md section 1.1): names Stable angina (narrower), a family condition"
Possible NSTEMI / STEMI,I21,I25.760,family,broader,docs/v0.3-validity-review.md,"family row (docs/v0.3-validity-review.md section 1.1): names Unstable angina (narrower), a family condition"
Possible NSTEMI / STEMI,I21,I25.768,family,broader,docs/v0.3-validity-review.md,"family row (docs/v0.3-validity-review.md section 1.1): names Stable angina (narrower), a family condition"
Possible NSTEMI / STEMI,I21,I25.769,family,broader,docs/v0.3-validity-review.md,"family row (docs/v0.3-validity-review.md section 1.1): names Stable angina (narrower), a family condition"
Possible NSTEMI / STEMI,I21,I25.790,family,broader,docs/v0.3-validity-review.md,"family row (docs/v0.3-validity-review.md section 1.1): names Unstable angina (narrower), a family condition"
Possible NSTEMI / STEMI,I21,I25.798,family,broader,docs/v0.3-validity-review.md,"family row (docs/v0.3-validity-review.md section 1.1): names Stable angina (narrower), a family condition"
Possible NSTEMI / STEMI,I21,I25.799,family,broader,docs/v0.3-validity-review.md,"family row (docs/v0.3-validity-review.md section 1.1): names Stable angina (narrower), a family condition"
Possible NSTEMI / STEMI,I21,I25.9,family,broader,docs/v0.3-validity-review.md,"family row (docs/v0.3-validity-review.md section 1.1): names Stable angina (broader), a family condition"
Myocarditis,I51.4,A18.84,family,broader,docs/v0.3-validity-review.md,"family row (docs/v0.3-validity-review.md section 1.1): names Pericarditis (narrower), a family condition"
Myocarditis,I51.4,I01.0,family,broader,docs/v0.3-validity-review.md,"family row (docs/v0.3-validity-review.md section 1.1): names Pericarditis (narrower), a family condition"
Myocarditis,I51.4,I09.2,family,broader,docs/v0.3-validity-review.md,"family row (docs/v0.3-validity-review.md section 1.1): names Pericarditis (narrower), a family condition"
Myocarditis,I51.4,I24.1,family,broader,docs/v0.3-validity-review.md,"family row (docs/v0.3-validity-review.md section 1.1): names Pericarditis (narrower), a family condition"
Myocarditis,I51.4,I30.0,family,broader,docs/v0.3-validity-review.md,"family row (docs/v0.3-validity-review.md section 1.1): names Pericarditis (narrower), a family condition"
Myocarditis,I51.4,I30.1,family,broader,docs/v0.3-validity-review.md,"family row (docs/v0.3-validity-review.md section 1.1): names Pericarditis (narrower), a family condition"
Myocarditis,I51.4,I30.8,family,broader,docs/v0.3-validity-review.md,"family row (docs/v0.3-validity-review.md section 1.1): names Pericarditis (narrower), a family condition"
Myocarditis,I51.4,I30.9,family,broader,docs/v0.3-validity-review.md,"family row (docs/v0.3-validity-review.md section 1.1): names Pericarditis (equivalent), a family condition"
Myocarditis,I51.4,I31.0,family,broader,docs/v0.3-validity-review.md,"family row (docs/v0.3-validity-review.md section 1.1): names Pericarditis (narrower), a family condition"
Myocarditis,I51.4,I31.1,family,broader,docs/v0.3-validity-review.md,"family row (docs/v0.3-validity-review.md section 1.1): names Pericarditis (narrower), a family condition"
Myocarditis,I51.4,I31.3,family,broader,docs/v0.3-validity-review.md,family row (docs/v0.3-validity-review.md section 1.1): clinical-family prefix I31.3
Myocarditis,I51.4,I31.9,family,broader,docs/v0.3-validity-review.md,"family row (docs/v0.3-validity-review.md section 1.1): names Pericarditis (broader), a family condition"
Myocarditis,I51.4,I32,family,broader,docs/v0.3-validity-review.md,"family row (docs/v0.3-validity-review.md section 1.1): names Pericarditis (narrower), a family condition"
Myocarditis,I51.4,I31.2,family,related,docs/v0.3-validity-review.md,"family row (docs/v0.3-validity-review.md section 1.1), exception: Pericarditis lists it as related, so the family does not cover it"
Myocarditis,I51.4,I31.4,family,related,docs/v0.3-validity-review.md,"family row (docs/v0.3-validity-review.md section 1.1), exception: Pericarditis lists it as related, so the family does not cover it"
Myocarditis,I51.4,I31.8,family,related,docs/v0.3-validity-review.md,"family row (docs/v0.3-validity-review.md section 1.1), exception: Pericarditis lists it as related, so the family does not cover it"
PSVT,I47.1,I48.0,family,broader,docs/v0.3-validity-review.md,"family row (docs/v0.3-validity-review.md section 1.1): names Atrial fibrillation (narrower), a family condition"
PSVT,I47.1,I48.1,family,broader,docs/v0.3-validity-review.md,"family row (docs/v0.3-validity-review.md section 1.1): names Atrial fibrillation (narrower), a family condition"
PSVT,I47.1,I48.2,family,broader,docs/v0.3-validity-review.md,"family row (docs/v0.3-validity-review.md section 1.1): names Atrial fibrillation (narrower), a family condition"
PSVT,I47.1,I48.9,family,broader,docs/v0.3-validity-review.md,"family row (docs/v0.3-validity-review.md section 1.1): names Atrial fibrillation (broader), a family condition"
PSVT,I47.1,I48.91,family,broader,docs/v0.3-validity-review.md,"family row (docs/v0.3-validity-review.md section 1.1): names Atrial fibrillation (equivalent), a family condition"
PSVT,I47.1,I49,family,broader,docs/v0.3-validity-review.md,family row (docs/v0.3-validity-review.md section 1.1): clinical-family prefix I49
Scombroid food poisoning,T61.1,T78.00,family,broader,docs/v0.3-validity-review.md,"family row (docs/v0.3-validity-review.md section 1.1): names Anaphylaxis (narrower), a family condition"
Scombroid food poisoning,T61.1,T78.01,family,broader,docs/v0.3-validity-review.md,"family row (docs/v0.3-validity-review.md section 1.1): names Anaphylaxis (narrower), a family condition"
Scombroid food poisoning,T61.1,T78.02,family,broader,docs/v0.3-validity-review.md,"family row (docs/v0.3-validity-review.md section 1.1): names Anaphylaxis (narrower), a family condition"
Scombroid food poisoning,T61.1,T78.03,family,broader,docs/v0.3-validity-review.md,"family row (docs/v0.3-validity-review.md section 1.1): names Anaphylaxis (narrower), a family condition"
Scombroid food poisoning,T61.1,T78.04,family,broader,docs/v0.3-validity-review.md,"family row (docs/v0.3-validity-review.md section 1.1): names Anaphylaxis (narrower), a family condition"
Scombroid food poisoning,T61.1,T78.05,family,broader,docs/v0.3-validity-review.md,"family row (docs/v0.3-validity-review.md section 1.1): names Anaphylaxis (narrower), a family condition"
Scombroid food poisoning,T61.1,T78.06,family,broader,docs/v0.3-validity-review.md,"family row (docs/v0.3-validity-review.md section 1.1): names Anaphylaxis (narrower), a family condition"
Scombroid food poisoning,T61.1,T78.07,family,broader,docs/v0.3-validity-review.md,"family row (docs/v0.3-validity-review.md section 1.1): names Anaphylaxis (narrower), a family condition"
Scombroid food poisoning,T61.1,T78.08,family,broader,docs/v0.3-validity-review.md,"family row (docs/v0.3-validity-review.md section 1.1): names Anaphylaxis (narrower), a family condition"
Scombroid food poisoning,T61.1,T78.09,family,broader,docs/v0.3-validity-review.md,"family row (docs/v0.3-validity-review.md section 1.1): names Anaphylaxis (narrower), a family condition"
Scombroid food poisoning,T61.1,T80.5,family,broader,docs/v0.3-validity-review.md,"family row (docs/v0.3-validity-review.md section 1.1): names Anaphylaxis (narrower), a family condition"
Scombroid food poisoning,T61.1,T88.6,family,broader,docs/v0.3-validity-review.md,"family row (docs/v0.3-validity-review.md section 1.1): names Anaphylaxis (narrower), a family condition"
Anaphylaxis,T78.0,T61,family,broader,docs/v0.3-validity-review.md,"family row (docs/v0.3-validity-review.md section 1.1): names Scombroid food poisoning (broader), a family condition"
Anaphylaxis,T78.0,T61.9,family,broader,docs/v0.3-validity-review.md,"family row (docs/v0.3-validity-review.md section 1.1): names Scombroid food poisoning (broader), a family condition"
Anaphylaxis,T78.0,T78,family,broader,docs/v0.3-validity-review.md,family row (docs/v0.3-validity-review.md section 1.1): clinical-family prefix T78
Anaphylaxis,T78.0,T61.0,family,related,docs/v0.3-validity-review.md,"family row (docs/v0.3-validity-review.md section 1.1), exception: Scombroid food poisoning lists it as related, so the family does not cover it"
Anaphylaxis,T78.0,T61.7,family,related,docs/v0.3-validity-review.md,"family row (docs/v0.3-validity-review.md section 1.1), exception: Scombroid food poisoning lists it as related, so the family does not cover it"
Anaphylaxis,T78.0,T61.8,family,related,docs/v0.3-validity-review.md,"family row (docs/v0.3-validity-review.md section 1.1), exception: Scombroid food poisoning lists it as related, so the family does not cover it"
Larygospasm,J38.5,J05,family,broader,docs/v0.3-validity-review.md,family row (docs/v0.3-validity-review.md section 1.1): clinical-family prefix J05
Larygospasm,J38.5,J05.10,family,broader,docs/v0.3-validity-review.md,"family row (docs/v0.3-validity-review.md section 1.1): names Epiglottitis (equivalent), a family condition"
Larygospasm,J38.5,J05.11,family,broader,docs/v0.3-validity-review.md,"family row (docs/v0.3-validity-review.md section 1.1): names Epiglottitis (narrower), a family condition"
Larygospasm,J38.5,J36,family,broader,docs/v0.3-validity-review.md,family row (docs/v0.3-validity-review.md section 1.1): clinical-family prefix J36
Larygospasm,J38.5,J39.0,family,broader,docs/v0.3-validity-review.md,family row (docs/v0.3-validity-review.md section 1.1): clinical-family prefix J39.0
Epiglottitis,J05.1,J38,family,broader,docs/v0.3-validity-review.md,"family row (docs/v0.3-validity-review.md section 1.1): names Larygospasm (broader), a family condition"
Epiglottitis,J05.1,J38.0,family,broader,docs/v0.3-validity-review.md,family row (docs/v0.3-validity-review.md section 1.1): clinical-family prefix J38.0
Epiglottitis,J05.1,J38.6,family,broader,docs/v0.3-validity-review.md,family row (docs/v0.3-validity-review.md section 1.1): clinical-family prefix J38.6
Epiglottitis,J05.1,J38.7,family,broader,docs/v0.3-validity-review.md,family row (docs/v0.3-validity-review.md section 1.1): clinical-family prefix J38.7
Epiglottitis,J05.1,T17,family,broader,docs/v0.3-validity-review.md,family row (docs/v0.3-validity-review.md section 1.1): clinical-family prefix T17
Epiglottitis,J05.1,J38.3,family,related,docs/v0.3-validity-review.md,"family row (docs/v0.3-validity-review.md section 1.1), exception: Larygospasm lists it as related, so the family does not cover it"
Croup,J05.0,J05.10,family,broader,docs/v0.3-validity-review.md,"family row (docs/v0.3-validity-review.md section 1.1): names Epiglottitis (equivalent), a family condition"
Croup,J05.0,J05.11,family,broader,docs/v0.3-validity-review.md,"family row (docs/v0.3-validity-review.md section 1.1): names Epiglottitis (narrower), a family condition"
Croup,J05.0,J36,family,broader,docs/v0.3-validity-review.md,family row (docs/v0.3-validity-review.md section 1.1): clinical-family prefix J36
Croup,J05.0,J38,family,broader,docs/v0.3-validity-review.md,"family row (docs/v0.3-validity-review.md section 1.1): names Larygospasm (broader), a family condition"
Croup,J05.0,J38.0,family,broader,docs/v0.3-validity-review.md,family row (docs/v0.3-validity-review.md section 1.1): clinical-family prefix J38.0
Croup,J05.0,J38.4,family,broader,docs/v0.3-validity-review.md,family row (docs/v0.3-validity-review.md section 1.1): clinical-family prefix J38.4
Croup,J05.0,J38.6,family,broader,docs/v0.3-validity-review.md,family row (docs/v0.3-validity-review.md section 1.1): clinical-family prefix J38.6
Croup,J05.0,J38.7,family,broader,docs/v0.3-validity-review.md,family row (docs/v0.3-validity-review.md section 1.1): clinical-family prefix J38.7
Croup,J05.0,J38.3,family,related,docs/v0.3-validity-review.md,"family row (docs/v0.3-validity-review.md section 1.1), exception: Larygospasm lists it as related, so the family does not cover it"
Bronchospasm / acute asthma exacerbation,J45,J44.0,family,broader,docs/v0.3-validity-review.md,"family row (docs/v0.3-validity-review.md section 1.1): names Acute COPD exacerbation / infection (equivalent), a family condition"
Bronchospasm / acute asthma exacerbation,J45,J44.9,family,broader,docs/v0.3-validity-review.md,"family row (docs/v0.3-validity-review.md section 1.1): names Acute COPD exacerbation / infection (broader), a family condition"
Acute dystonic reactions,G24.02,G25,family,broader,docs/v0.3-validity-review.md,family row (docs/v0.3-validity-review.md section 1.1): clinical-family prefix G25
