icd10_prefix,description,tier,rule_path,admission,icu,death,n,source
A00,Cholera,unscored,unscored,,,,0,"unscored: NHAMCS ED 2016-2022 adults, n=0 (under 30)"
A01,Typhoid and paratyphoid fevers,unscored,unscored,,,,0,"unscored: NHAMCS ED 2016-2022 adults, n=0 (under 30)"
A02,Other salmonella infections,unscored,unscored,,,,4,"unscored: NHAMCS ED 2016-2022 adults, n=4 (under 30)"
A03,Shigellosis,unscored,unscored,,,,0,"unscored: NHAMCS ED 2016-2022 adults, n=0 (under 30)"
A04,Other bacterial intestinal infections,2,nhamcs,0.245,0.020,0.0000,32,"nhamcs rule; NHAMCS ED 2016-2022 adults, primary diagnosis, n=32"
A04.7,Enterocolitis due to Clostridium difficile,1,nhamcs,0.404,0.061,0.0000,52,"nhamcs rule; NHAMCS ED 2016-2022 adults, any diagnosis, n=52"
A05,"Other bacterial foodborne intoxications, not elsewhere classified",unscored,unscored,,,,20,"unscored: NHAMCS ED 2016-2022 adults, n=20 (under 30)"
A07,Other protozoal intestinal diseases,unscored,unscored,,,,5,"unscored: NHAMCS ED 2016-2022 adults, n=5 (under 30)"
A08,Viral and other specified intestinal infections,2,nhamcs,0.057,0.023,0.0000,109,"nhamcs rule; NHAMCS ED 2016-2022 adults, primary diagnosis, n=109"
A08.4,"Viral intestinal infection, unspecified",3,nhamcs,0.049,0.013,0.0000,104,"nhamcs rule; NHAMCS ED 2016-2022 adults, primary diagnosis, n=104"
A09,"Infectious gastroenteritis and colitis, unspecified",2,nhamcs,0.162,0.047,0.0000,51,"nhamcs rule; NHAMCS ED 2016-2022 adults, primary diagnosis, n=51"
A17,Tuberculosis of nervous system,unscored,unscored,,,,0,"unscored: NHAMCS ED 2016-2022 adults, n=0 (under 30)"
A18,Tuberculosis of other organs,unscored,unscored,,,,0,"DDXPlus map first (Myocarditis, Pericarditis); unscored: NHAMCS ED 2016-2022 adults, n=0 (under 30)"
A21,Tularemia,unscored,unscored,,,,0,"unscored: NHAMCS ED 2016-2022 adults, n=0 (under 30)"
A23,Brucellosis,unscored,unscored,,,,0,"unscored: NHAMCS ED 2016-2022 adults, n=0 (under 30)"
A24,Glanders and melioidosis,unscored,unscored,,,,0,"unscored: NHAMCS ED 2016-2022 adults, n=0 (under 30)"
A27,Leptospirosis,unscored,unscored,,,,0,"unscored: NHAMCS ED 2016-2022 adults, n=0 (under 30)"
A28,"Other zoonotic bacterial diseases, not elsewhere classified",unscored,unscored,,,,1,"unscored: NHAMCS ED 2016-2022 adults, n=1 (under 30)"
A31,Infection due to other mycobacteria,unscored,unscored,,,,0,"unscored: NHAMCS ED 2016-2022 adults, n=0 (under 30)"
A32,Listeriosis,unscored,unscored,,,,0,"unscored: NHAMCS ED 2016-2022 adults, n=0 (under 30)"
A35,Other tetanus,unscored,unscored,,,,0,"unscored: NHAMCS ED 2016-2022 adults, n=0 (under 30)"
A36,Diphtheria,unscored,unscored,,,,0,"unscored: NHAMCS ED 2016-2022 adults, n=0 (under 30)"
A38,Scarlet fever,unscored,unscored,,,,1,"unscored: NHAMCS ED 2016-2022 adults, n=1 (under 30)"
A39,Meningococcal infection,1,override,,,,0,"override: Newman-Toker 2023 Table 1: Meningitis & Encephalitis [Meningitis and encephalitis]; NHAMCS ED 2016-2022 adults, n=0 (under 30)"
A40,Streptococcal sepsis,1,override,,,,2,"override: Newman-Toker 2023 Table 1: Sepsis [Sepsis]; NHAMCS ED 2016-2022 adults, n=2 (under 30)"
A41,Other sepsis,1,override,0.879,0.224,0.0205,408,"override: Newman-Toker 2023 Table 1: Sepsis [Sepsis]; NHAMCS ED 2016-2022 adults, primary diagnosis, n=408"
A43,Nocardiosis,unscored,unscored,,,,0,"unscored: NHAMCS ED 2016-2022 adults, n=0 (under 30)"
A44,Bartonellosis,unscored,unscored,,,,9,"unscored: NHAMCS ED 2016-2022 adults, n=9 (under 30)"
A45,not an ICD-10-CM FY2026 code,unscored,unscored,,,,0,"unscored: NHAMCS ED 2016-2022 adults, n=0 (under 30)"
A46,Erysipelas,unscored,unscored,,,,2,"unscored: NHAMCS ED 2016-2022 adults, n=2 (under 30)"
A47,not an ICD-10-CM FY2026 code,unscored,unscored,,,,0,"unscored: NHAMCS ED 2016-2022 adults, n=0 (under 30)"
A48,"Other bacterial diseases, not elsewhere classified",unscored,unscored,,,,4,"DDXPlus map first (Pneumonia); unscored: NHAMCS ED 2016-2022 adults, n=4 (under 30)"
A49,Bacterial infection of unspecified site,2,nhamcs,0.240,0.016,0.0000,66,"nhamcs rule; NHAMCS ED 2016-2022 adults, any diagnosis, n=66"
A50,Congenital syphilis,unscored,unscored,,,,0,"unscored: NHAMCS ED 2016-2022 adults, n=0 (under 30)"
A51,Early syphilis,unscored,unscored,,,,0,"unscored: NHAMCS ED 2016-2022 adults, n=0 (under 30)"
A52,Late syphilis,unscored,unscored,,,,0,"unscored: NHAMCS ED 2016-2022 adults, n=0 (under 30)"
A53,Other and unspecified syphilis,unscored,unscored,,,,21,"unscored: NHAMCS ED 2016-2022 adults, n=21 (under 30)"
A54,Gonococcal infection,3,nhamcs,0.000,0.000,0.0000,30,"nhamcs rule; NHAMCS ED 2016-2022 adults, any diagnosis, n=30"
A56,Other sexually transmitted chlamydial diseases,unscored,unscored,,,,7,"unscored: NHAMCS ED 2016-2022 adults, n=7 (under 30)"
A59,Trichomoniasis,3,nhamcs,0.019,0.019,0.0000,81,"nhamcs rule; NHAMCS ED 2016-2022 adults, any diagnosis, n=81"
A60,Anogenital herpesviral [herpes simplex] infections,3,nhamcs,0.000,0.000,0.0000,30,"nhamcs rule; NHAMCS ED 2016-2022 adults, primary diagnosis, n=30"
A63,"Other predominantly sexually transmitted diseases, not elsewhere classified",unscored,unscored,,,,8,"unscored: NHAMCS ED 2016-2022 adults, n=8 (under 30)"
A64,Unspecified sexually transmitted disease,2,nhamcs,0.060,0.000,0.0000,60,"nhamcs rule; NHAMCS ED 2016-2022 adults, primary diagnosis, n=60"
A69,Other spirochetal infections,unscored,unscored,,,,19,"unscored: NHAMCS ED 2016-2022 adults, n=19 (under 30)"
A74,Other diseases caused by chlamydiae,3,nhamcs,0.000,0.000,0.0000,37,"nhamcs rule; NHAMCS ED 2016-2022 adults, any diagnosis, n=37"
A78,Q fever,unscored,unscored,,,,0,"unscored: NHAMCS ED 2016-2022 adults, n=0 (under 30)"
A79,Other rickettsioses,unscored,unscored,,,,2,"unscored: NHAMCS ED 2016-2022 adults, n=2 (under 30)"
A80,Acute poliomyelitis,unscored,unscored,,,,0,"unscored: NHAMCS ED 2016-2022 adults, n=0 (under 30)"
A81,Atypical virus infections of central nervous system,unscored,unscored,,,,0,"unscored: NHAMCS ED 2016-2022 adults, n=0 (under 30)"
A83,Mosquito-borne viral encephalitis,1,override,,,,0,"override: Newman-Toker 2023 Table 1: Meningitis & Encephalitis [Meningitis and encephalitis]; NHAMCS ED 2016-2022 adults, n=0 (under 30)"
A84,Tick-borne viral encephalitis,1,override,,,,0,"override: Newman-Toker 2023 Table 1: Meningitis & Encephalitis [Meningitis and encephalitis]; NHAMCS ED 2016-2022 adults, n=0 (under 30)"
A85,"Other viral encephalitis, not elsewhere classified",1,override,,,,0,"override: Newman-Toker 2023 Table 1: Meningitis & Encephalitis [Meningitis and encephalitis]; NHAMCS ED 2016-2022 adults, n=0 (under 30)"
A86,Unspecified viral encephalitis,1,override,,,,0,"override: Newman-Toker 2023 Table 1: Meningitis & Encephalitis [Meningitis and encephalitis]; NHAMCS ED 2016-2022 adults, n=0 (under 30)"
A87,Viral meningitis,1,override,,,,0,"override: Newman-Toker 2023 Table 1: Meningitis & Encephalitis [Meningitis and encephalitis]; NHAMCS ED 2016-2022 adults, n=0 (under 30)"
A88,"Other viral infections of central nervous system, not elsewhere classified",unscored,unscored,,,,1,"unscored: NHAMCS ED 2016-2022 adults, n=1 (under 30)"
A89,Unspecified viral infection of central nervous system,unscored,unscored,,,,10,"unscored: NHAMCS ED 2016-2022 adults, n=10 (under 30)"
A90,Dengue fever [classical dengue],unscored,unscored,,,,0,"unscored: NHAMCS ED 2016-2022 adults, n=0 (under 30)"
A91,Dengue hemorrhagic fever,unscored,unscored,,,,0,"unscored: NHAMCS ED 2016-2022 adults, n=0 (under 30)"
A92,Other mosquito-borne viral fevers,unscored,unscored,,,,0,"unscored: NHAMCS ED 2016-2022 adults, n=0 (under 30)"
A94,Unspecified arthropod-borne viral fever,unscored,unscored,,,,1,"unscored: NHAMCS ED 2016-2022 adults, n=1 (under 30)"
A95,Yellow fever,unscored,unscored,,,,0,"unscored: NHAMCS ED 2016-2022 adults, n=0 (under 30)"
A96,Arenaviral hemorrhagic fever,unscored,unscored,,,,0,"unscored: NHAMCS ED 2016-2022 adults, n=0 (under 30)"
A97,not an ICD-10-CM FY2026 code,unscored,unscored,,,,0,"unscored: NHAMCS ED 2016-2022 adults, n=0 (under 30)"
B00,Herpesviral [herpes simplex] infections,2,nhamcs,0.064,0.000,0.0000,31,"DDXPlus map first (Viral pharyngitis); nhamcs rule; NHAMCS ED 2016-2022 adults, primary diagnosis, n=31"
B00.4,Herpesviral encephalitis,1,override,,,,0,"override: Newman-Toker 2023 Table 1: Meningitis & Encephalitis [Meningitis and encephalitis]; NHAMCS ED 2016-2022 adults, n=0 (under 30)"
B01,Varicella [chickenpox],unscored,unscored,,,,0,"unscored: NHAMCS ED 2016-2022 adults, n=0 (under 30)"
B02,Zoster [herpes zoster],3,nhamcs,0.025,0.000,0.0000,135,"nhamcs rule; NHAMCS ED 2016-2022 adults, primary diagnosis, n=135"
B04,Monkeypox,unscored,unscored,,,,0,"unscored: NHAMCS ED 2016-2022 adults, n=0 (under 30)"
B05,Measles,unscored,unscored,,,,0,"unscored: NHAMCS ED 2016-2022 adults, n=0 (under 30)"
B06,Rubella [German measles],unscored,unscored,,,,0,"unscored: NHAMCS ED 2016-2022 adults, n=0 (under 30)"
B07,Viral warts,unscored,unscored,,,,20,"unscored: NHAMCS ED 2016-2022 adults, n=20 (under 30)"
B08,"Other viral infections characterized by skin and mucous membrane lesions, not elsewhere classified",unscored,unscored,,,,7,"DDXPlus map first (Viral pharyngitis); unscored: NHAMCS ED 2016-2022 adults, n=7 (under 30)"
B09,Unspecified viral infection characterized by skin and mucous membrane lesions,unscored,unscored,,,,15,"unscored: NHAMCS ED 2016-2022 adults, n=15 (under 30)"
B15,Acute hepatitis A,unscored,unscored,,,,5,"unscored: NHAMCS ED 2016-2022 adults, n=5 (under 30)"
B16,Acute hepatitis B,unscored,unscored,,,,3,"unscored: NHAMCS ED 2016-2022 adults, n=3 (under 30)"
B17,Other acute viral hepatitis,unscored,unscored,,,,11,"unscored: NHAMCS ED 2016-2022 adults, n=11 (under 30)"
B18,Chronic viral hepatitis,2,nhamcs,0.395,0.039,0.0000,53,"nhamcs rule; NHAMCS ED 2016-2022 adults, any diagnosis, n=53"
B18.2,Chronic viral hepatitis C,1,nhamcs,0.324,0.053,0.0000,40,"nhamcs rule; NHAMCS ED 2016-2022 adults, any diagnosis, n=40"
B19,Unspecified viral hepatitis,1,nhamcs,0.212,0.063,0.0000,124,"nhamcs rule; NHAMCS ED 2016-2022 adults, any diagnosis, n=124"
B20,Human immunodeficiency virus [HIV] disease,2,nhamcs,0.417,0.000,0.0000,36,"DDXPlus map first (HIV (initial infection)); nhamcs rule; NHAMCS ED 2016-2022 adults, primary diagnosis, n=36"
B25,Cytomegaloviral disease,unscored,unscored,,,,0,"unscored: NHAMCS ED 2016-2022 adults, n=0 (under 30)"
B26,Mumps,unscored,unscored,,,,0,"unscored: NHAMCS ED 2016-2022 adults, n=0 (under 30)"
B27,Infectious mononucleosis,2,nhamcs,0.121,0.000,0.0000,33,"nhamcs rule; NHAMCS ED 2016-2022 adults, any diagnosis, n=33"
B30,Viral conjunctivitis,unscored,unscored,,,,12,"unscored: NHAMCS ED 2016-2022 adults, n=12 (under 30)"
B34,Viral infection of unspecified site,3,nhamcs,0.012,0.001,0.0000,528,"DDXPlus map first (Influenza, URTI); nhamcs rule; NHAMCS ED 2016-2022 adults, primary diagnosis, n=528"
B35,Dermatophytosis,3,nhamcs,0.000,0.000,0.0000,60,"nhamcs rule; NHAMCS ED 2016-2022 adults, primary diagnosis, n=60"
B36,Other superficial mycoses,unscored,unscored,,,,14,"unscored: NHAMCS ED 2016-2022 adults, n=14 (under 30)"
B37,Candidiasis,3,nhamcs,0.033,0.000,0.0000,103,"nhamcs rule; NHAMCS ED 2016-2022 adults, primary diagnosis, n=103"
B37.0,Candidal stomatitis,2,nhamcs,0.275,0.025,0.0000,34,"nhamcs rule; NHAMCS ED 2016-2022 adults, any diagnosis, n=34"
B37.9,"Candidiasis, unspecified",2,nhamcs,0.085,0.000,0.0000,47,"nhamcs rule; NHAMCS ED 2016-2022 adults, any diagnosis, n=47"
B38,Coccidioidomycosis,unscored,unscored,,,,0,"unscored: NHAMCS ED 2016-2022 adults, n=0 (under 30)"
B39,Histoplasmosis,unscored,unscored,,,,1,"unscored: NHAMCS ED 2016-2022 adults, n=1 (under 30)"
B44,Aspergillosis,unscored,unscored,,,,0,"unscored: NHAMCS ED 2016-2022 adults, n=0 (under 30)"
B45,Cryptococcosis,unscored,unscored,,,,0,"unscored: NHAMCS ED 2016-2022 adults, n=0 (under 30)"
B49,Unspecified mycosis,unscored,unscored,,,,11,"unscored: NHAMCS ED 2016-2022 adults, n=11 (under 30)"
B50,Plasmodium falciparum malaria,unscored,unscored,,,,0,"unscored: NHAMCS ED 2016-2022 adults, n=0 (under 30)"
B54,Unspecified malaria,unscored,unscored,,,,0,"unscored: NHAMCS ED 2016-2022 adults, n=0 (under 30)"
B64,Unspecified protozoal disease,unscored,unscored,,,,4,"unscored: NHAMCS ED 2016-2022 adults, n=4 (under 30)"
B80,Enterobiasis,unscored,unscored,,,,3,"unscored: NHAMCS ED 2016-2022 adults, n=3 (under 30)"
B82,Unspecified intestinal parasitism,unscored,unscored,,,,6,"unscored: NHAMCS ED 2016-2022 adults, n=6 (under 30)"
B83,Other helminthiases,unscored,unscored,,,,4,"unscored: NHAMCS ED 2016-2022 adults, n=4 (under 30)"
B85,Pediculosis and phthiriasis,unscored,unscored,,,,15,"unscored: NHAMCS ED 2016-2022 adults, n=15 (under 30)"
B86,Scabies,3,nhamcs,0.000,0.000,0.0000,32,"nhamcs rule; NHAMCS ED 2016-2022 adults, primary diagnosis, n=32"
B88,Other infestations,unscored,unscored,,,,6,"unscored: NHAMCS ED 2016-2022 adults, n=6 (under 30)"
B89,Unspecified parasitic disease,unscored,unscored,,,,6,"unscored: NHAMCS ED 2016-2022 adults, n=6 (under 30)"
B90,Sequelae of tuberculosis,unscored,unscored,,,,0,"unscored: NHAMCS ED 2016-2022 adults, n=0 (under 30)"
B94,Sequelae of other and unspecified infectious and parasitic diseases,unscored,unscored,,,,1,"unscored: NHAMCS ED 2016-2022 adults, n=1 (under 30)"
B95,"Streptococcus, Staphylococcus, and Enterococcus as the cause of diseases classified elsewhere",1,nhamcs,0.377,0.129,0.0000,36,"nhamcs rule; NHAMCS ED 2016-2022 adults, any diagnosis, n=36"
B96,Other bacterial agents as the cause of diseases classified elsewhere,2,nhamcs,0.199,0.013,0.0000,151,"nhamcs rule; NHAMCS ED 2016-2022 adults, any diagnosis, n=151"
B97,Viral agents as the cause of diseases classified elsewhere,2,nhamcs,0.111,0.017,0.0000,43,"nhamcs rule; NHAMCS ED 2016-2022 adults, any diagnosis, n=43"
B99,Other and unspecified infectious diseases,2,nhamcs,0.365,0.000,0.0000,30,"DDXPlus map first (Influenza); nhamcs rule; NHAMCS ED 2016-2022 adults, any diagnosis, n=30"
C,Malignant neoplasms C00-C97 (Newman-Toker 2023 cancers group),1,override,,,,0,"override: Newman-Toker 2023 Table 1: Lung Cancer, Breast Cancer, Colorectal Cancer, Melanoma, Prostate Cancer, Other Cancers [Cancers]; NHAMCS ED 2016-2022 adults, n=0 (under 30)"
C00,Malignant neoplasm of lip,1,override,,,,0,"override: Newman-Toker 2023 Table 1: Lung Cancer, Breast Cancer, Colorectal Cancer, Melanoma, Prostate Cancer, Other Cancers [Cancers]; NHAMCS ED 2016-2022 adults, n=0 (under 30)"
C01,Malignant neoplasm of base of tongue,1,override,,,,0,"override: Newman-Toker 2023 Table 1: Lung Cancer, Breast Cancer, Colorectal Cancer, Melanoma, Prostate Cancer, Other Cancers [Cancers]; NHAMCS ED 2016-2022 adults, n=0 (under 30)"
C02,Malignant neoplasm of other and unspecified parts of tongue,1,override,,,,1,"override: Newman-Toker 2023 Table 1: Lung Cancer, Breast Cancer, Colorectal Cancer, Melanoma, Prostate Cancer, Other Cancers [Cancers]; NHAMCS ED 2016-2022 adults, n=1 (under 30)"
C03,Malignant neoplasm of gum,1,override,,,,0,"override: Newman-Toker 2023 Table 1: Lung Cancer, Breast Cancer, Colorectal Cancer, Melanoma, Prostate Cancer, Other Cancers [Cancers]; NHAMCS ED 2016-2022 adults, n=0 (under 30)"
C04,Malignant neoplasm of floor of mouth,1,override,,,,0,"override: Newman-Toker 2023 Table 1: Lung Cancer, Breast Cancer, Colorectal Cancer, Melanoma, Prostate Cancer, Other Cancers [Cancers]; NHAMCS ED 2016-2022 adults, n=0 (under 30)"
C06,Malignant neoplasm of other and unspecified parts of mouth,1,override,,,,3,"override: Newman-Toker 2023 Table 1: Lung Cancer, Breast Cancer, Colorectal Cancer, Melanoma, Prostate Cancer, Other Cancers [Cancers]; NHAMCS ED 2016-2022 adults, n=3 (under 30)"
C08,Malignant neoplasm of other and unspecified major salivary glands,1,override,,,,2,"override: Newman-Toker 2023 Table 1: Lung Cancer, Breast Cancer, Colorectal Cancer, Melanoma, Prostate Cancer, Other Cancers [Cancers]; NHAMCS ED 2016-2022 adults, n=2 (under 30)"
C09,Malignant neoplasm of tonsil,1,override,,,,0,"override: Newman-Toker 2023 Table 1: Lung Cancer, Breast Cancer, Colorectal Cancer, Melanoma, Prostate Cancer, Other Cancers [Cancers]; NHAMCS ED 2016-2022 adults, n=0 (under 30)"
C10,Malignant neoplasm of oropharynx,1,override,,,,2,"override: Newman-Toker 2023 Table 1: Lung Cancer, Breast Cancer, Colorectal Cancer, Melanoma, Prostate Cancer, Other Cancers [Cancers]; NHAMCS ED 2016-2022 adults, n=2 (under 30)"
C14,"Malignant neoplasm of other and ill-defined sites in the lip, oral cavity and pharynx",1,override,,,,6,"override: Newman-Toker 2023 Table 1: Lung Cancer, Breast Cancer, Colorectal Cancer, Melanoma, Prostate Cancer, Other Cancers [Cancers]; NHAMCS ED 2016-2022 adults, n=6 (under 30)"
C15,Malignant neoplasm of esophagus,1,override,,,,18,"override: Newman-Toker 2023 Table 1: Lung Cancer, Breast Cancer, Colorectal Cancer, Melanoma, Prostate Cancer, Other Cancers [Cancers]; NHAMCS ED 2016-2022 adults, n=18 (under 30)"
C16,Malignant neoplasm of stomach,1,override,,,,13,"override: Newman-Toker 2023 Table 1: Lung Cancer, Breast Cancer, Colorectal Cancer, Melanoma, Prostate Cancer, Other Cancers [Cancers]; NHAMCS ED 2016-2022 adults, n=13 (under 30)"
C18,Malignant neoplasm of colon,1,override,0.547,0.083,0.0000,46,"override: Newman-Toker 2023 Table 1: Lung Cancer, Breast Cancer, Colorectal Cancer, Melanoma, Prostate Cancer, Other Cancers [Cancers]; NHAMCS ED 2016-2022 adults, any diagnosis, n=46"
C19,Malignant neoplasm of rectosigmoid junction,1,override,,,,0,"override: Newman-Toker 2023 Table 1: Lung Cancer, Breast Cancer, Colorectal Cancer, Melanoma, Prostate Cancer, Other Cancers [Cancers]; NHAMCS ED 2016-2022 adults, n=0 (under 30)"
C21,Malignant neoplasm of anus and anal canal,1,override,,,,17,"override: Newman-Toker 2023 Table 1: Lung Cancer, Breast Cancer, Colorectal Cancer, Melanoma, Prostate Cancer, Other Cancers [Cancers]; NHAMCS ED 2016-2022 adults, n=17 (under 30)"
C22,Malignant neoplasm of liver and intrahepatic bile ducts,1,override,0.408,0.056,0.0000,31,"override: Newman-Toker 2023 Table 1: Lung Cancer, Breast Cancer, Colorectal Cancer, Melanoma, Prostate Cancer, Other Cancers [Cancers]; NHAMCS ED 2016-2022 adults, any diagnosis, n=31"
C24,Malignant neoplasm of other and unspecified parts of biliary tract,1,override,,,,6,"override: Newman-Toker 2023 Table 1: Lung Cancer, Breast Cancer, Colorectal Cancer, Melanoma, Prostate Cancer, Other Cancers [Cancers]; NHAMCS ED 2016-2022 adults, n=6 (under 30)"
C25,Malignant neoplasm of pancreas,1,override,0.477,0.123,0.0195,34,"DDXPlus map first (Pancreatic neoplasm); override: Newman-Toker 2023 Table 1: Lung Cancer, Breast Cancer, Colorectal Cancer, Melanoma, Prostate Cancer, Other Cancers [Cancers]; NHAMCS ED 2016-2022 adults, any diagnosis, n=34"
C26,Malignant neoplasm of other and ill-defined digestive organs,1,override,,,,5,"DDXPlus map first (Pancreatic neoplasm); override: Newman-Toker 2023 Table 1: Lung Cancer, Breast Cancer, Colorectal Cancer, Melanoma, Prostate Cancer, Other Cancers [Cancers]; NHAMCS ED 2016-2022 adults, n=5 (under 30)"
C30,Malignant neoplasm of nasal cavity and middle ear,1,override,,,,0,"override: Newman-Toker 2023 Table 1: Lung Cancer, Breast Cancer, Colorectal Cancer, Melanoma, Prostate Cancer, Other Cancers [Cancers]; NHAMCS ED 2016-2022 adults, n=0 (under 30)"
C31,Malignant neoplasm of accessory sinuses,1,override,,,,0,"override: Newman-Toker 2023 Table 1: Lung Cancer, Breast Cancer, Colorectal Cancer, Melanoma, Prostate Cancer, Other Cancers [Cancers]; NHAMCS ED 2016-2022 adults, n=0 (under 30)"
C32,Malignant neoplasm of larynx,1,override,,,,8,"override: Newman-Toker 2023 Table 1: Lung Cancer, Breast Cancer, Colorectal Cancer, Melanoma, Prostate Cancer, Other Cancers [Cancers]; NHAMCS ED 2016-2022 adults, n=8 (under 30)"
C33,Malignant neoplasm of trachea,1,override,,,,0,"override: Newman-Toker 2023 Table 1: Lung Cancer, Breast Cancer, Colorectal Cancer, Melanoma, Prostate Cancer, Other Cancers [Cancers]; NHAMCS ED 2016-2022 adults, n=0 (under 30)"
C34,Malignant neoplasm of bronchus and lung,1,override,0.492,0.112,0.0324,115,"DDXPlus map first (Pulmonary neoplasm); override: Newman-Toker 2023 Table 1: Lung Cancer, Breast Cancer, Colorectal Cancer, Melanoma, Prostate Cancer, Other Cancers [Cancers]; NHAMCS ED 2016-2022 adults, any diagnosis, n=115"
C37,Malignant neoplasm of thymus,1,override,,,,0,"override: Newman-Toker 2023 Table 1: Lung Cancer, Breast Cancer, Colorectal Cancer, Melanoma, Prostate Cancer, Other Cancers [Cancers]; NHAMCS ED 2016-2022 adults, n=0 (under 30)"
C38,"Malignant neoplasm of heart, mediastinum and pleura",1,override,,,,1,"override: Newman-Toker 2023 Table 1: Lung Cancer, Breast Cancer, Colorectal Cancer, Melanoma, Prostate Cancer, Other Cancers [Cancers]; NHAMCS ED 2016-2022 adults, n=1 (under 30)"
C40,Malignant neoplasm of bone and articular cartilage of limbs,1,override,,,,1,"override: Newman-Toker 2023 Table 1: Lung Cancer, Breast Cancer, Colorectal Cancer, Melanoma, Prostate Cancer, Other Cancers [Cancers]; NHAMCS ED 2016-2022 adults, n=1 (under 30)"
C41,Malignant neoplasm of bone and articular cartilage of other and unspecified sites,1,override,,,,2,"override: Newman-Toker 2023 Table 1: Lung Cancer, Breast Cancer, Colorectal Cancer, Melanoma, Prostate Cancer, Other Cancers [Cancers]; NHAMCS ED 2016-2022 adults, n=2 (under 30)"
C43,Malignant melanoma of skin,1,override,,,,9,"override: Newman-Toker 2023 Table 1: Lung Cancer, Breast Cancer, Colorectal Cancer, Melanoma, Prostate Cancer, Other Cancers [Cancers]; NHAMCS ED 2016-2022 adults, n=9 (under 30)"
C44,Other and unspecified malignant neoplasm of skin,1,override,,,,21,"override: Newman-Toker 2023 Table 1: Lung Cancer, Breast Cancer, Colorectal Cancer, Melanoma, Prostate Cancer, Other Cancers [Cancers]; NHAMCS ED 2016-2022 adults, n=21 (under 30)"
C45,Mesothelioma,1,override,,,,0,"override: Newman-Toker 2023 Table 1: Lung Cancer, Breast Cancer, Colorectal Cancer, Melanoma, Prostate Cancer, Other Cancers [Cancers]; NHAMCS ED 2016-2022 adults, n=0 (under 30)"
C46,Kaposi's sarcoma,1,override,,,,0,"override: Newman-Toker 2023 Table 1: Lung Cancer, Breast Cancer, Colorectal Cancer, Melanoma, Prostate Cancer, Other Cancers [Cancers]; NHAMCS ED 2016-2022 adults, n=0 (under 30)"
C48,Malignant neoplasm of retroperitoneum and peritoneum,1,override,,,,2,"override: Newman-Toker 2023 Table 1: Lung Cancer, Breast Cancer, Colorectal Cancer, Melanoma, Prostate Cancer, Other Cancers [Cancers]; NHAMCS ED 2016-2022 adults, n=2 (under 30)"
C49,Malignant neoplasm of other connective and soft tissue,1,override,,,,9,"override: Newman-Toker 2023 Table 1: Lung Cancer, Breast Cancer, Colorectal Cancer, Melanoma, Prostate Cancer, Other Cancers [Cancers]; NHAMCS ED 2016-2022 adults, n=9 (under 30)"
C50,Malignant neoplasm of breast,1,override,0.504,0.048,0.0068,64,"override: Newman-Toker 2023 Table 1: Lung Cancer, Breast Cancer, Colorectal Cancer, Melanoma, Prostate Cancer, Other Cancers [Cancers]; NHAMCS ED 2016-2022 adults, any diagnosis, n=64"
C51,Malignant neoplasm of vulva,1,override,,,,0,"override: Newman-Toker 2023 Table 1: Lung Cancer, Breast Cancer, Colorectal Cancer, Melanoma, Prostate Cancer, Other Cancers [Cancers]; NHAMCS ED 2016-2022 adults, n=0 (under 30)"
C53,Malignant neoplasm of cervix uteri,1,override,,,,10,"override: Newman-Toker 2023 Table 1: Lung Cancer, Breast Cancer, Colorectal Cancer, Melanoma, Prostate Cancer, Other Cancers [Cancers]; NHAMCS ED 2016-2022 adults, n=10 (under 30)"
C54,Malignant neoplasm of corpus uteri,1,override,,,,9,"override: Newman-Toker 2023 Table 1: Lung Cancer, Breast Cancer, Colorectal Cancer, Melanoma, Prostate Cancer, Other Cancers [Cancers]; NHAMCS ED 2016-2022 adults, n=9 (under 30)"
C55,"Malignant neoplasm of uterus, part unspecified",1,override,,,,4,"override: Newman-Toker 2023 Table 1: Lung Cancer, Breast Cancer, Colorectal Cancer, Melanoma, Prostate Cancer, Other Cancers [Cancers]; NHAMCS ED 2016-2022 adults, n=4 (under 30)"
C56,Malignant neoplasm of ovary,1,override,,,,5,"override: Newman-Toker 2023 Table 1: Lung Cancer, Breast Cancer, Colorectal Cancer, Melanoma, Prostate Cancer, Other Cancers [Cancers]; NHAMCS ED 2016-2022 adults, n=5 (under 30)"
C57,Malignant neoplasm of other and unspecified female genital organs,1,override,,,,17,"override: Newman-Toker 2023 Table 1: Lung Cancer, Breast Cancer, Colorectal Cancer, Melanoma, Prostate Cancer, Other Cancers [Cancers]; NHAMCS ED 2016-2022 adults, n=17 (under 30)"
C61,Malignant neoplasm of prostate,1,override,0.297,0.051,0.0126,44,"override: Newman-Toker 2023 Table 1: Lung Cancer, Breast Cancer, Colorectal Cancer, Melanoma, Prostate Cancer, Other Cancers [Cancers]; NHAMCS ED 2016-2022 adults, any diagnosis, n=44"
C63,Malignant neoplasm of other and unspecified male genital organs,1,override,,,,4,"override: Newman-Toker 2023 Table 1: Lung Cancer, Breast Cancer, Colorectal Cancer, Melanoma, Prostate Cancer, Other Cancers [Cancers]; NHAMCS ED 2016-2022 adults, n=4 (under 30)"
C64,"Malignant neoplasm of kidney, except renal pelvis",1,override,,,,10,"override: Newman-Toker 2023 Table 1: Lung Cancer, Breast Cancer, Colorectal Cancer, Melanoma, Prostate Cancer, Other Cancers [Cancers]; NHAMCS ED 2016-2022 adults, n=10 (under 30)"
C67,Malignant neoplasm of bladder,1,override,,,,25,"override: Newman-Toker 2023 Table 1: Lung Cancer, Breast Cancer, Colorectal Cancer, Melanoma, Prostate Cancer, Other Cancers [Cancers]; NHAMCS ED 2016-2022 adults, n=25 (under 30)"
C68,Malignant neoplasm of other and unspecified urinary organs,1,override,,,,11,"override: Newman-Toker 2023 Table 1: Lung Cancer, Breast Cancer, Colorectal Cancer, Melanoma, Prostate Cancer, Other Cancers [Cancers]; NHAMCS ED 2016-2022 adults, n=11 (under 30)"
C69,Malignant neoplasm of eye and adnexa,1,override,,,,0,"override: Newman-Toker 2023 Table 1: Lung Cancer, Breast Cancer, Colorectal Cancer, Melanoma, Prostate Cancer, Other Cancers [Cancers]; NHAMCS ED 2016-2022 adults, n=0 (under 30)"
C71,Malignant neoplasm of brain,1,override,,,,21,"override: Newman-Toker 2023 Table 1: Lung Cancer, Breast Cancer, Colorectal Cancer, Melanoma, Prostate Cancer, Other Cancers [Cancers]; NHAMCS ED 2016-2022 adults, n=21 (under 30)"
C72,"Malignant neoplasm of spinal cord, cranial nerves and other parts of central nervous system",1,override,,,,2,"override: Newman-Toker 2023 Table 1: Lung Cancer, Breast Cancer, Colorectal Cancer, Melanoma, Prostate Cancer, Other Cancers [Cancers]; NHAMCS ED 2016-2022 adults, n=2 (under 30)"
C73,Malignant neoplasm of thyroid gland,1,override,,,,7,"override: Newman-Toker 2023 Table 1: Lung Cancer, Breast Cancer, Colorectal Cancer, Melanoma, Prostate Cancer, Other Cancers [Cancers]; NHAMCS ED 2016-2022 adults, n=7 (under 30)"
C74,Malignant neoplasm of adrenal gland,1,override,,,,0,"override: Newman-Toker 2023 Table 1: Lung Cancer, Breast Cancer, Colorectal Cancer, Melanoma, Prostate Cancer, Other Cancers [Cancers]; NHAMCS ED 2016-2022 adults, n=0 (under 30)"
C75,Malignant neoplasm of other endocrine glands and related structures,1,override,,,,1,"override: Newman-Toker 2023 Table 1: Lung Cancer, Breast Cancer, Colorectal Cancer, Melanoma, Prostate Cancer, Other Cancers [Cancers]; NHAMCS ED 2016-2022 adults, n=1 (under 30)"
C76,Malignant neoplasm of other and ill-defined sites,1,override,,,,11,"override: Newman-Toker 2023 Table 1: Lung Cancer, Breast Cancer, Colorectal Cancer, Melanoma, Prostate Cancer, Other Cancers [Cancers]; NHAMCS ED 2016-2022 adults, n=11 (under 30)"
C77,Secondary and unspecified malignant neoplasm of lymph nodes,1,override,,,,6,"override: Newman-Toker 2023 Table 1: Lung Cancer, Breast Cancer, Colorectal Cancer, Melanoma, Prostate Cancer, Other Cancers [Cancers]; NHAMCS ED 2016-2022 adults, n=6 (under 30)"
C78,Secondary malignant neoplasm of respiratory and digestive organs,1,override,0.564,0.110,0.0000,65,"DDXPlus map first (Pulmonary neoplasm); override: Newman-Toker 2023 Table 1: Lung Cancer, Breast Cancer, Colorectal Cancer, Melanoma, Prostate Cancer, Other Cancers [Cancers]; NHAMCS ED 2016-2022 adults, any diagnosis, n=65"
C79,Secondary malignant neoplasm of other and unspecified sites,1,override,0.516,0.054,0.0022,132,"override: Newman-Toker 2023 Table 1: Lung Cancer, Breast Cancer, Colorectal Cancer, Melanoma, Prostate Cancer, Other Cancers [Cancers]; NHAMCS ED 2016-2022 adults, any diagnosis, n=132"
C80,Malignant neoplasm without specification of site,1,override,0.270,0.041,0.0000,67,"DDXPlus map first (Pancreatic neoplasm, Pulmonary neoplasm); override: Newman-Toker 2023 Table 1: Lung Cancer, Breast Cancer, Colorectal Cancer, Melanoma, Prostate Cancer, Other Cancers [Cancers]; NHAMCS ED 2016-2022 adults, any diagnosis, n=67"
C81,Hodgkin lymphoma,1,override,,,,7,"override: Newman-Toker 2023 Table 1: Lung Cancer, Breast Cancer, Colorectal Cancer, Melanoma, Prostate Cancer, Other Cancers [Cancers]; NHAMCS ED 2016-2022 adults, n=7 (under 30)"
C82,Follicular lymphoma,1,override,,,,2,"override: Newman-Toker 2023 Table 1: Lung Cancer, Breast Cancer, Colorectal Cancer, Melanoma, Prostate Cancer, Other Cancers [Cancers]; NHAMCS ED 2016-2022 adults, n=2 (under 30)"
C83,Non-follicular lymphoma,1,override,,,,5,"override: Newman-Toker 2023 Table 1: Lung Cancer, Breast Cancer, Colorectal Cancer, Melanoma, Prostate Cancer, Other Cancers [Cancers]; NHAMCS ED 2016-2022 adults, n=5 (under 30)"
C84,Mature T/NK-cell lymphomas,1,override,,,,1,"override: Newman-Toker 2023 Table 1: Lung Cancer, Breast Cancer, Colorectal Cancer, Melanoma, Prostate Cancer, Other Cancers [Cancers]; NHAMCS ED 2016-2022 adults, n=1 (under 30)"
C85,Other specified and unspecified types of non-Hodgkin lymphoma,1,override,0.356,0.127,0.0000,30,"override: Newman-Toker 2023 Table 1: Lung Cancer, Breast Cancer, Colorectal Cancer, Melanoma, Prostate Cancer, Other Cancers [Cancers]; NHAMCS ED 2016-2022 adults, any diagnosis, n=30"
C88,Malignant immunoproliferative diseases and certain other B-cell lymphomas,1,override,,,,3,"override: Newman-Toker 2023 Table 1: Lung Cancer, Breast Cancer, Colorectal Cancer, Melanoma, Prostate Cancer, Other Cancers [Cancers]; NHAMCS ED 2016-2022 adults, n=3 (under 30)"
C90,Multiple myeloma and malignant plasma cell neoplasms,1,override,,,,19,"override: Newman-Toker 2023 Table 1: Lung Cancer, Breast Cancer, Colorectal Cancer, Melanoma, Prostate Cancer, Other Cancers [Cancers]; NHAMCS ED 2016-2022 adults, n=19 (under 30)"
C91,Lymphoid leukemia,1,override,,,,29,"override: Newman-Toker 2023 Table 1: Lung Cancer, Breast Cancer, Colorectal Cancer, Melanoma, Prostate Cancer, Other Cancers [Cancers]; NHAMCS ED 2016-2022 adults, n=29 (under 30)"
C92,Myeloid leukemia,1,override,,,,20,"override: Newman-Toker 2023 Table 1: Lung Cancer, Breast Cancer, Colorectal Cancer, Melanoma, Prostate Cancer, Other Cancers [Cancers]; NHAMCS ED 2016-2022 adults, n=20 (under 30)"
C95,Leukemia of unspecified cell type,1,override,,,,16,"override: Newman-Toker 2023 Table 1: Lung Cancer, Breast Cancer, Colorectal Cancer, Melanoma, Prostate Cancer, Other Cancers [Cancers]; NHAMCS ED 2016-2022 adults, n=16 (under 30)"
C96,"Other and unspecified malignant neoplasms of lymphoid, hematopoietic and related tissue",1,override,,,,1,"override: Newman-Toker 2023 Table 1: Lung Cancer, Breast Cancer, Colorectal Cancer, Melanoma, Prostate Cancer, Other Cancers [Cancers]; NHAMCS ED 2016-2022 adults, n=1 (under 30)"
C97,not an ICD-10-CM FY2026 code,1,override,,,,0,"override: Newman-Toker 2023 Table 1: Lung Cancer, Breast Cancer, Colorectal Cancer, Melanoma, Prostate Cancer, Other Cancers [Cancers]; NHAMCS ED 2016-2022 adults, n=0 (under 30)"
D01,Carcinoma in situ of other and unspecified digestive organs,unscored,unscored,,,,1,"unscored: NHAMCS ED 2016-2022 adults, n=1 (under 30)"
D03,Melanoma in situ,unscored,unscored,,,,1,"unscored: NHAMCS ED 2016-2022 adults, n=1 (under 30)"
D05,Carcinoma in situ of breast,unscored,unscored,,,,2,"unscored: NHAMCS ED 2016-2022 adults, n=2 (under 30)"
D06,Carcinoma in situ of cervix uteri,unscored,unscored,,,,2,"unscored: NHAMCS ED 2016-2022 adults, n=2 (under 30)"
D11,Benign neoplasm of major salivary glands,unscored,unscored,,,,1,"unscored: NHAMCS ED 2016-2022 adults, n=1 (under 30)"
D12,"Benign neoplasm of colon, rectum, anus and anal canal",unscored,unscored,,,,8,"unscored: NHAMCS ED 2016-2022 adults, n=8 (under 30)"
D13,Benign neoplasm of other and ill-defined parts of digestive system,unscored,unscored,,,,1,"unscored: NHAMCS ED 2016-2022 adults, n=1 (under 30)"
D14,Benign neoplasm of middle ear and respiratory system,unscored,unscored,,,,1,"unscored: NHAMCS ED 2016-2022 adults, n=1 (under 30)"
D16,Benign neoplasm of bone and articular cartilage,unscored,unscored,,,,3,"unscored: NHAMCS ED 2016-2022 adults, n=3 (under 30)"
D17,Benign lipomatous neoplasm,unscored,unscored,,,,23,"unscored: NHAMCS ED 2016-2022 adults, n=23 (under 30)"
D18,"Hemangioma and lymphangioma, any site",unscored,unscored,,,,14,"unscored: NHAMCS ED 2016-2022 adults, n=14 (under 30)"
D21,Other benign neoplasms of connective and other soft tissue,unscored,unscored,,,,18,"unscored: NHAMCS ED 2016-2022 adults, n=18 (under 30)"
D22,Melanocytic nevi,unscored,unscored,,,,6,"unscored: NHAMCS ED 2016-2022 adults, n=6 (under 30)"
D23,Other benign neoplasms of skin,unscored,unscored,,,,1,"unscored: NHAMCS ED 2016-2022 adults, n=1 (under 30)"
D24,Benign neoplasm of breast,unscored,unscored,,,,3,"unscored: NHAMCS ED 2016-2022 adults, n=3 (under 30)"
D25,Leiomyoma of uterus,3,nhamcs,0.000,0.000,0.0000,32,"nhamcs rule; NHAMCS ED 2016-2022 adults, primary diagnosis, n=32"
D26,Other benign neoplasms of uterus,unscored,unscored,,,,1,"unscored: NHAMCS ED 2016-2022 adults, n=1 (under 30)"
D27,Benign neoplasm of ovary,unscored,unscored,,,,9,"unscored: NHAMCS ED 2016-2022 adults, n=9 (under 30)"
D32,Benign neoplasm of meninges,unscored,unscored,,,,1,"unscored: NHAMCS ED 2016-2022 adults, n=1 (under 30)"
D33,Benign neoplasm of brain and other parts of central nervous system,unscored,unscored,,,,11,"unscored: NHAMCS ED 2016-2022 adults, n=11 (under 30)"
D34,Benign neoplasm of thyroid gland,unscored,unscored,,,,1,"unscored: NHAMCS ED 2016-2022 adults, n=1 (under 30)"
D35,Benign neoplasm of other and unspecified endocrine glands,unscored,unscored,,,,8,"unscored: NHAMCS ED 2016-2022 adults, n=8 (under 30)"
D36,Benign neoplasm of other and unspecified sites,unscored,unscored,,,,11,"unscored: NHAMCS ED 2016-2022 adults, n=11 (under 30)"
D37,Neoplasm of uncertain behavior of oral cavity and digestive organs,unscored,unscored,,,,4,"DDXPlus map first (Pancreatic neoplasm); unscored: NHAMCS ED 2016-2022 adults, n=4 (under 30)"
D38,Neoplasm of uncertain behavior of middle ear and respiratory and intrathoracic organs,unscored,unscored,,,,1,"DDXPlus map first (Pulmonary neoplasm); unscored: NHAMCS ED 2016-2022 adults, n=1 (under 30)"
D39,Neoplasm of uncertain behavior of female genital organs,unscored,unscored,,,,1,"unscored: NHAMCS ED 2016-2022 adults, n=1 (under 30)"
D40,Neoplasm of uncertain behavior of male genital organs,unscored,unscored,,,,2,"unscored: NHAMCS ED 2016-2022 adults, n=2 (under 30)"
D41,Neoplasm of uncertain behavior of urinary organs,unscored,unscored,,,,2,"unscored: NHAMCS ED 2016-2022 adults, n=2 (under 30)"
D42,Neoplasm of uncertain behavior of meninges,unscored,unscored,,,,2,"unscored: NHAMCS ED 2016-2022 adults, n=2 (under 30)"
D43,Neoplasm of uncertain behavior of brain and central nervous system,unscored,unscored,,,,2,"unscored: NHAMCS ED 2016-2022 adults, n=2 (under 30)"
D44,Neoplasm of uncertain behavior of endocrine glands,unscored,unscored,,,,2,"unscored: NHAMCS ED 2016-2022 adults, n=2 (under 30)"
D45,Polycythemia vera,unscored,unscored,,,,0,"unscored: NHAMCS ED 2016-2022 adults, n=0 (under 30)"
D46,Myelodysplastic syndromes,unscored,unscored,,,,7,"unscored: NHAMCS ED 2016-2022 adults, n=7 (under 30)"
D47,"Other neoplasms of uncertain behavior of lymphoid, hematopoietic and related tissue",unscored,unscored,,,,19,"unscored: NHAMCS ED 2016-2022 adults, n=19 (under 30)"
D48,Neoplasm of uncertain behavior of other and unspecified sites,unscored,unscored,,,,4,"unscored: NHAMCS ED 2016-2022 adults, n=4 (under 30)"
D49,Neoplasms of unspecified behavior,2,nhamcs,0.216,0.010,0.0000,50,"DDXPlus map first (Pancreatic neoplasm, Pulmonary neoplasm); nhamcs rule; NHAMCS ED 2016-2022 adults, any diagnosis, n=50"
D50,Iron deficiency anemia,2,nhamcs,0.376,0.000,0.0000,39,"DDXPlus map first (Anemia); nhamcs rule; NHAMCS ED 2016-2022 adults, primary diagnosis, n=39"
D50.0,Iron deficiency anemia secondary to blood loss (chronic),1,nhamcs,0.733,0.054,0.0000,56,"nhamcs rule; NHAMCS ED 2016-2022 adults, any diagnosis, n=56"
D51,Vitamin B12 deficiency anemia,unscored,unscored,,,,4,"DDXPlus map first (Anemia); unscored: NHAMCS ED 2016-2022 adults, n=4 (under 30)"
D53,Other nutritional anemias,unscored,unscored,,,,23,"DDXPlus map first (Anemia); unscored: NHAMCS ED 2016-2022 adults, n=23 (under 30)"
D56,Thalassemia,unscored,unscored,,,,5,"DDXPlus map first (Anemia); unscored: NHAMCS ED 2016-2022 adults, n=5 (under 30)"
D57,Sickle-cell disorders,2,nhamcs,0.192,0.040,0.0000,184,"DDXPlus map first (Anemia); nhamcs rule; NHAMCS ED 2016-2022 adults, primary diagnosis, n=184"
D57.1,Sickle-cell disease without crisis,3,nhamcs,0.039,0.000,0.0000,52,"nhamcs rule; NHAMCS ED 2016-2022 adults, any diagnosis, n=52"
D61,Other aplastic anemias and other bone marrow failure syndromes,1,nhamcs,0.550,0.027,0.0000,55,"DDXPlus map first (Anemia); nhamcs rule; NHAMCS ED 2016-2022 adults, any diagnosis, n=55"
D62,Acute posthemorrhagic anemia,1,nhamcs,0.920,0.182,0.0000,107,"DDXPlus map first (Anemia); nhamcs rule; NHAMCS ED 2016-2022 adults, any diagnosis, n=107"
D63,Anemia in chronic diseases classified elsewhere,1,nhamcs,0.356,0.063,0.0000,55,"DDXPlus map first (Anemia); nhamcs rule; NHAMCS ED 2016-2022 adults, any diagnosis, n=55"
D64,Other anemias,1,nhamcs,0.500,0.048,0.0005,281,"DDXPlus map first (Anemia); nhamcs rule; NHAMCS ED 2016-2022 adults, primary diagnosis, n=281"
D64.9,"Anemia, unspecified",2,nhamcs,0.499,0.048,0.0005,278,"nhamcs rule; NHAMCS ED 2016-2022 adults, primary diagnosis, n=278"
D68,Other coagulation defects,1,nhamcs,0.473,0.097,0.0471,130,"nhamcs rule; NHAMCS ED 2016-2022 adults, any diagnosis, n=130"
D69,Purpura and other hemorrhagic conditions,1,nhamcs,0.549,0.030,0.0000,44,"nhamcs rule; NHAMCS ED 2016-2022 adults, primary diagnosis, n=44"
D70,Neutropenia,unscored,unscored,,,,21,"unscored: NHAMCS ED 2016-2022 adults, n=21 (under 30)"
D72,Other disorders of white blood cells,1,nhamcs,0.415,0.090,0.0000,49,"nhamcs rule; NHAMCS ED 2016-2022 adults, primary diagnosis, n=49"
D73,Diseases of spleen,unscored,unscored,,,,11,"unscored: NHAMCS ED 2016-2022 adults, n=11 (under 30)"
D75,Other and unspecified diseases of blood and blood-forming organs,unscored,unscored,,,,23,"unscored: NHAMCS ED 2016-2022 adults, n=23 (under 30)"
D84,Other immunodeficiencies,unscored,unscored,,,,22,"unscored: NHAMCS ED 2016-2022 adults, n=22 (under 30)"
D86,Sarcoidosis,unscored,unscored,,,,2,"DDXPlus map first (Sarcoidosis); unscored: NHAMCS ED 2016-2022 adults, n=2 (under 30)"
D89,"Other disorders involving the immune mechanism, not elsewhere classified",2,nhamcs,0.453,0.049,0.0000,33,"nhamcs rule; NHAMCS ED 2016-2022 adults, any diagnosis, n=33"
E03,Other hypothyroidism,2,nhamcs,0.209,0.028,0.0013,502,"nhamcs rule; NHAMCS ED 2016-2022 adults, any diagnosis, n=502"
E04,Other nontoxic goiter,2,nhamcs,0.122,0.000,0.0000,44,"nhamcs rule; NHAMCS ED 2016-2022 adults, any diagnosis, n=44"
E05,Thyrotoxicosis [hyperthyroidism],2,nhamcs,0.165,0.013,0.0000,47,"nhamcs rule; NHAMCS ED 2016-2022 adults, any diagnosis, n=47"
E06,Thyroiditis,unscored,unscored,,,,9,"unscored: NHAMCS ED 2016-2022 adults, n=9 (under 30)"
E07,Other disorders of thyroid,2,nhamcs,0.057,0.010,0.0000,151,"nhamcs rule; NHAMCS ED 2016-2022 adults, any diagnosis, n=151"
E08,Diabetes mellitus due to underlying condition,unscored,unscored,,,,12,"unscored: NHAMCS ED 2016-2022 adults, n=12 (under 30)"
E09,Drug or chemical induced diabetes mellitus,unscored,unscored,,,,3,"unscored: NHAMCS ED 2016-2022 adults, n=3 (under 30)"
E10,Type 1 diabetes mellitus,1,nhamcs,0.533,0.238,0.0037,97,"nhamcs rule; NHAMCS ED 2016-2022 adults, primary diagnosis, n=97"
E10.6,Type 1 diabetes mellitus with other specified complications,3,nhamcs,0.021,0.014,0.0000,30,"nhamcs rule; NHAMCS ED 2016-2022 adults, primary diagnosis, n=30"
E10.9,Type 1 diabetes mellitus without complications,2,nhamcs,0.259,0.031,0.0000,96,"nhamcs rule; NHAMCS ED 2016-2022 adults, any diagnosis, n=96"
E11,Type 2 diabetes mellitus,1,nhamcs,0.237,0.087,0.0007,483,"nhamcs rule; NHAMCS ED 2016-2022 adults, primary diagnosis, n=483"
E11.6,Type 2 diabetes mellitus with other specified complications,2,nhamcs,0.128,0.031,0.0000,198,"nhamcs rule; NHAMCS ED 2016-2022 adults, primary diagnosis, n=198"
E11.9,Type 2 diabetes mellitus without complications,2,nhamcs,0.153,0.039,0.0023,147,"nhamcs rule; NHAMCS ED 2016-2022 adults, primary diagnosis, n=147"
E13,Other specified diabetes mellitus,1,nhamcs,0.589,0.256,0.0000,30,"nhamcs rule; NHAMCS ED 2016-2022 adults, primary diagnosis, n=30"
E14,not an ICD-10-CM FY2026 code,unscored,unscored,,,,0,"unscored: NHAMCS ED 2016-2022 adults, n=0 (under 30)"
E16,Other disorders of pancreatic internal secretion,2,nhamcs,0.212,0.022,0.0000,128,"nhamcs rule; NHAMCS ED 2016-2022 adults, primary diagnosis, n=128"
E21,Hyperparathyroidism and other disorders of parathyroid gland,unscored,unscored,,,,8,"unscored: NHAMCS ED 2016-2022 adults, n=8 (under 30)"
E22,Hyperfunction of pituitary gland,unscored,unscored,,,,12,"unscored: NHAMCS ED 2016-2022 adults, n=12 (under 30)"
E23,Hypofunction and other disorders of the pituitary gland,unscored,unscored,,,,4,"unscored: NHAMCS ED 2016-2022 adults, n=4 (under 30)"
E24,Cushing's syndrome,unscored,unscored,,,,0,"unscored: NHAMCS ED 2016-2022 adults, n=0 (under 30)"
E27,Other disorders of adrenal gland,2,nhamcs,0.260,0.026,0.0000,39,"nhamcs rule; NHAMCS ED 2016-2022 adults, any diagnosis, n=39"
E28,Ovarian dysfunction,2,nhamcs,0.115,0.000,0.0000,33,"nhamcs rule; NHAMCS ED 2016-2022 adults, any diagnosis, n=33"
E29,Testicular dysfunction,unscored,unscored,,,,2,"unscored: NHAMCS ED 2016-2022 adults, n=2 (under 30)"
E30,"Disorders of puberty, not elsewhere classified",unscored,unscored,,,,1,"unscored: NHAMCS ED 2016-2022 adults, n=1 (under 30)"
E31,Polyglandular dysfunction,unscored,unscored,,,,1,"unscored: NHAMCS ED 2016-2022 adults, n=1 (under 30)"
E32,Diseases of thymus,unscored,unscored,,,,2,"unscored: NHAMCS ED 2016-2022 adults, n=2 (under 30)"
E34,Other endocrine disorders,unscored,unscored,,,,18,"unscored: NHAMCS ED 2016-2022 adults, n=18 (under 30)"
E40,Kwashiorkor,unscored,unscored,,,,0,"unscored: NHAMCS ED 2016-2022 adults, n=0 (under 30)"
E43,Unspecified severe protein-calorie malnutrition,unscored,unscored,,,,13,"unscored: NHAMCS ED 2016-2022 adults, n=13 (under 30)"
E44,Protein-calorie malnutrition of moderate and mild degree,unscored,unscored,,,,22,"unscored: NHAMCS ED 2016-2022 adults, n=22 (under 30)"
E46,Unspecified protein-calorie malnutrition,1,nhamcs,0.699,0.156,0.0000,45,"nhamcs rule; NHAMCS ED 2016-2022 adults, any diagnosis, n=45"
E51,Thiamine deficiency,unscored,unscored,,,,2,"unscored: NHAMCS ED 2016-2022 adults, n=2 (under 30)"
E53,Deficiency of other B group vitamins,unscored,unscored,,,,14,"unscored: NHAMCS ED 2016-2022 adults, n=14 (under 30)"
E55,Vitamin D deficiency,2,nhamcs,0.218,0.000,0.0000,33,"nhamcs rule; NHAMCS ED 2016-2022 adults, any diagnosis, n=33"
E56,Other vitamin deficiencies,unscored,unscored,,,,2,"unscored: NHAMCS ED 2016-2022 adults, n=2 (under 30)"
E61,Deficiency of other nutrient elements,unscored,unscored,,,,11,"unscored: NHAMCS ED 2016-2022 adults, n=11 (under 30)"
E63,Other nutritional deficiencies,unscored,unscored,,,,2,"unscored: NHAMCS ED 2016-2022 adults, n=2 (under 30)"
E64,Sequelae of malnutrition and other nutritional deficiencies,unscored,unscored,,,,1,"unscored: NHAMCS ED 2016-2022 adults, n=1 (under 30)"
E65,Localized adiposity,unscored,unscored,,,,1,"unscored: NHAMCS ED 2016-2022 adults, n=1 (under 30)"
E66,Overweight and obesity,2,nhamcs,0.268,0.033,0.0021,668,"nhamcs rule; NHAMCS ED 2016-2022 adults, any diagnosis, n=668"
E70,Disorders of aromatic amino-acid metabolism,unscored,unscored,,,,1,"unscored: NHAMCS ED 2016-2022 adults, n=1 (under 30)"
E71,Disorders of branched-chain amino-acid metabolism and fatty-acid metabolism,unscored,unscored,,,,0,"unscored: NHAMCS ED 2016-2022 adults, n=0 (under 30)"
E72,Other disorders of amino-acid metabolism,unscored,unscored,,,,4,"unscored: NHAMCS ED 2016-2022 adults, n=4 (under 30)"
E73,Lactose intolerance,unscored,unscored,,,,5,"unscored: NHAMCS ED 2016-2022 adults, n=5 (under 30)"
E74,Other disorders of carbohydrate metabolism,unscored,unscored,,,,1,"unscored: NHAMCS ED 2016-2022 adults, n=1 (under 30)"
E75,Disorders of sphingolipid metabolism and other lipid storage disorders,unscored,unscored,,,,0,"unscored: NHAMCS ED 2016-2022 adults, n=0 (under 30)"
E78,Disorders of lipoprotein metabolism and other lipidemias,2,nhamcs,0.226,0.026,0.0018,1576,"nhamcs rule; NHAMCS ED 2016-2022 adults, any diagnosis, n=1576"
E78.2,Mixed hyperlipidemia,1,nhamcs,0.460,0.101,0.0000,52,"nhamcs rule; NHAMCS ED 2016-2022 adults, any diagnosis, n=52"
E79,Disorders of purine and pyrimidine metabolism,unscored,unscored,,,,1,"unscored: NHAMCS ED 2016-2022 adults, n=1 (under 30)"
E80,Disorders of porphyrin and bilirubin metabolism,1,nhamcs,0.504,0.053,0.0000,60,"nhamcs rule; NHAMCS ED 2016-2022 adults, any diagnosis, n=60"
E83,Disorders of mineral metabolism,1,nhamcs,0.377,0.217,0.0000,42,"nhamcs rule; NHAMCS ED 2016-2022 adults, primary diagnosis, n=42"
E84,Cystic fibrosis,unscored,unscored,,,,0,"unscored: NHAMCS ED 2016-2022 adults, n=0 (under 30)"
E86,Volume depletion,2,nhamcs,0.199,0.031,0.0000,386,"nhamcs rule; NHAMCS ED 2016-2022 adults, primary diagnosis, n=386"
E86.1,Hypovolemia,1,nhamcs,0.533,0.055,0.0000,40,"nhamcs rule; NHAMCS ED 2016-2022 adults, any diagnosis, n=40"
E87,"Other disorders of fluid, electrolyte and acid-base balance",1,nhamcs,0.571,0.094,0.0016,483,"nhamcs rule; NHAMCS ED 2016-2022 adults, primary diagnosis, n=483"
E87.6,Hypokalemia,2,nhamcs,0.383,0.033,0.0000,162,"nhamcs rule; NHAMCS ED 2016-2022 adults, primary diagnosis, n=162"
E87.8,"Other disorders of electrolyte and fluid balance, not elsewhere classified",2,nhamcs,0.270,0.021,0.0000,54,"nhamcs rule; NHAMCS ED 2016-2022 adults, any diagnosis, n=54"
E88,Other and unspecified metabolic disorders,1,nhamcs,0.502,0.093,0.0000,140,"nhamcs rule; NHAMCS ED 2016-2022 adults, any diagnosis, n=140"
E89,"Postprocedural endocrine and metabolic complications and disorders, not elsewhere classified",unscored,unscored,,,,11,"unscored: NHAMCS ED 2016-2022 adults, n=11 (under 30)"
F01,Vascular dementia,unscored,unscored,,,,14,"unscored: NHAMCS ED 2016-2022 adults, n=14 (under 30)"
F02,Dementia in other diseases classified elsewhere,1,nhamcs,0.262,0.071,0.0000,75,"nhamcs rule; NHAMCS ED 2016-2022 adults, any diagnosis, n=75"
F03,Unspecified dementia,1,nhamcs,0.250,0.063,0.0000,81,"nhamcs rule; NHAMCS ED 2016-2022 adults, primary diagnosis, n=81"
F05,Delirium due to known physiological condition,unscored,unscored,,,,15,"unscored: NHAMCS ED 2016-2022 adults, n=15 (under 30)"
F06,Other mental disorders due to known physiological condition,unscored,unscored,,,,18,"unscored: NHAMCS ED 2016-2022 adults, n=18 (under 30)"
F07,Personality and behavioral disorders due to known physiological condition,3,nhamcs,0.009,0.000,0.0000,39,"nhamcs rule; NHAMCS ED 2016-2022 adults, primary diagnosis, n=39"
F09,Unspecified mental disorder due to known physiological condition,unscored,unscored,,,,7,"unscored: NHAMCS ED 2016-2022 adults, n=7 (under 30)"
F10,Alcohol related disorders,2,nhamcs,0.135,0.018,0.0000,1405,"nhamcs rule; NHAMCS ED 2016-2022 adults, primary diagnosis, n=1405"
F11,Opioid related disorders,2,nhamcs,0.108,0.009,0.0000,191,"nhamcs rule; NHAMCS ED 2016-2022 adults, primary diagnosis, n=191"
F11.1,Opioid abuse,3,nhamcs,0.025,0.000,0.0000,45,"nhamcs rule; NHAMCS ED 2016-2022 adults, primary diagnosis, n=45"
F12,Cannabis related disorders,3,nhamcs,0.016,0.000,0.0000,70,"nhamcs rule; NHAMCS ED 2016-2022 adults, primary diagnosis, n=70"
F12.2,Cannabis dependence,2,nhamcs,0.061,0.000,0.0000,30,"nhamcs rule; NHAMCS ED 2016-2022 adults, any diagnosis, n=30"
F12.9,"Cannabis use, unspecified",2,nhamcs,0.123,0.027,0.0000,145,"nhamcs rule; NHAMCS ED 2016-2022 adults, any diagnosis, n=145"
F13,"Sedative, hypnotic, or anxiolytic related disorders",3,nhamcs,0.041,0.041,0.0000,34,"nhamcs rule; NHAMCS ED 2016-2022 adults, primary diagnosis, n=34"
F13.2,"Sedative, hypnotic or anxiolytic-related dependence",2,nhamcs,0.071,0.000,0.0000,35,"nhamcs rule; NHAMCS ED 2016-2022 adults, any diagnosis, n=35"
F14,Cocaine related disorders,2,nhamcs,0.119,0.010,0.0000,56,"nhamcs rule; NHAMCS ED 2016-2022 adults, primary diagnosis, n=56"
F14.9,"Cocaine use, unspecified",1,nhamcs,0.200,0.091,0.0000,41,"nhamcs rule; NHAMCS ED 2016-2022 adults, any diagnosis, n=41"
F15,Other stimulant related disorders,2,nhamcs,0.085,0.000,0.0000,141,"nhamcs rule; NHAMCS ED 2016-2022 adults, primary diagnosis, n=141"
F15.1,Other stimulant abuse,3,nhamcs,0.035,0.000,0.0000,90,"nhamcs rule; NHAMCS ED 2016-2022 adults, primary diagnosis, n=90"
F16,Hallucinogen related disorders,2,nhamcs,0.131,0.000,0.0000,44,"nhamcs rule; NHAMCS ED 2016-2022 adults, any diagnosis, n=44"
F17,Nicotine dependence,2,nhamcs,0.057,0.005,0.0011,2092,"nhamcs rule; NHAMCS ED 2016-2022 adults, any diagnosis, n=2092"
F18,Inhalant related disorders,unscored,unscored,,,,3,"unscored: NHAMCS ED 2016-2022 adults, n=3 (under 30)"
F19,Other psychoactive substance related disorders,2,nhamcs,0.114,0.000,0.0000,310,"nhamcs rule; NHAMCS ED 2016-2022 adults, primary diagnosis, n=310"
F20,Schizophrenia,2,nhamcs,0.174,0.001,0.0000,354,"nhamcs rule; NHAMCS ED 2016-2022 adults, primary diagnosis, n=354"
F22,Delusional disorders,2,nhamcs,0.149,0.027,0.0000,58,"nhamcs rule; NHAMCS ED 2016-2022 adults, primary diagnosis, n=58"
F23,Brief psychotic disorder,2,nhamcs,0.099,0.000,0.0000,51,"nhamcs rule; NHAMCS ED 2016-2022 adults, primary diagnosis, n=51"
F25,Schizoaffective disorders,2,nhamcs,0.311,0.002,0.0000,230,"nhamcs rule; NHAMCS ED 2016-2022 adults, primary diagnosis, n=230"
F28,Other psychotic disorder not due to a substance or known physiological condition,unscored,unscored,,,,7,"unscored: NHAMCS ED 2016-2022 adults, n=7 (under 30)"
F29,Unspecified psychosis not due to a substance or known physiological condition,2,nhamcs,0.180,0.001,0.0000,234,"nhamcs rule; NHAMCS ED 2016-2022 adults, primary diagnosis, n=234"
F30,Manic episode,1,nhamcs,0.423,0.143,0.0000,35,"nhamcs rule; NHAMCS ED 2016-2022 adults, any diagnosis, n=35"
F31,Bipolar disorder,2,nhamcs,0.217,0.017,0.0000,277,"nhamcs rule; NHAMCS ED 2016-2022 adults, primary diagnosis, n=277"
F32,Depressive episode,2,nhamcs,0.179,0.003,0.0000,521,"nhamcs rule; NHAMCS ED 2016-2022 adults, primary diagnosis, n=521"
F33,"Major depressive disorder, recurrent",2,nhamcs,0.493,0.000,0.0000,101,"nhamcs rule; NHAMCS ED 2016-2022 adults, primary diagnosis, n=101"
F34,Persistent mood [affective] disorders,3,nhamcs,0.041,0.000,0.0000,37,"nhamcs rule; NHAMCS ED 2016-2022 adults, any diagnosis, n=37"
F39,Unspecified mood [affective] disorder,2,nhamcs,0.135,0.000,0.0000,116,"nhamcs rule; NHAMCS ED 2016-2022 adults, primary diagnosis, n=116"
F40,Phobic anxiety disorders,unscored,unscored,,,,19,"DDXPlus map first (Panic attack); unscored: NHAMCS ED 2016-2022 adults, n=19 (under 30)"
F41,Other anxiety disorders,3,nhamcs,0.032,0.005,0.0000,825,"DDXPlus map first (Panic attack); nhamcs rule; NHAMCS ED 2016-2022 adults, primary diagnosis, n=825"
F41.8,Other specified anxiety disorders,2,nhamcs,0.102,0.021,0.0000,98,"nhamcs rule; NHAMCS ED 2016-2022 adults, any diagnosis, n=98"
F42,Obsessive-compulsive disorder,unscored,unscored,,,,29,"unscored: NHAMCS ED 2016-2022 adults, n=29 (under 30)"
F43,"Reaction to severe stress, and adjustment disorders",2,nhamcs,0.060,0.000,0.0000,275,"nhamcs rule; NHAMCS ED 2016-2022 adults, primary diagnosis, n=275"
F43.0,Acute stress reaction,3,nhamcs,0.003,0.000,0.0000,67,"nhamcs rule; NHAMCS ED 2016-2022 adults, any diagnosis, n=67"
F43.9,"Reaction to severe stress, unspecified",3,nhamcs,0.020,0.005,0.0000,39,"nhamcs rule; NHAMCS ED 2016-2022 adults, any diagnosis, n=39"
F44,Dissociative and conversion disorders,unscored,unscored,,,,27,"unscored: NHAMCS ED 2016-2022 adults, n=27 (under 30)"
F45,Somatoform disorders,unscored,unscored,,,,26,"unscored: NHAMCS ED 2016-2022 adults, n=26 (under 30)"
F48,Other nonpsychotic mental disorders,unscored,unscored,,,,9,"unscored: NHAMCS ED 2016-2022 adults, n=9 (under 30)"
F50,Eating disorders,unscored,unscored,,,,19,"unscored: NHAMCS ED 2016-2022 adults, n=19 (under 30)"
F51,Sleep disorders not due to a substance or known physiological condition,unscored,unscored,,,,12,"unscored: NHAMCS ED 2016-2022 adults, n=12 (under 30)"
F52,Sexual dysfunction not due to a substance or known physiological condition,unscored,unscored,,,,3,"unscored: NHAMCS ED 2016-2022 adults, n=3 (under 30)"
F53,"Mental and behavioral disorders associated with the puerperium, not elsewhere classified",unscored,unscored,,,,9,"unscored: NHAMCS ED 2016-2022 adults, n=9 (under 30)"
F54,Psychological and behavioral factors associated with disorders or diseases classified elsewhere,unscored,unscored,,,,2,"unscored: NHAMCS ED 2016-2022 adults, n=2 (under 30)"
F55,Abuse of non-psychoactive substances,unscored,unscored,,,,2,"unscored: NHAMCS ED 2016-2022 adults, n=2 (under 30)"
F59,Unspecified behavioral syndromes associated with physiological disturbances and physical factors,unscored,unscored,,,,3,"unscored: NHAMCS ED 2016-2022 adults, n=3 (under 30)"
F60,Specific personality disorders,2,nhamcs,0.245,0.000,0.0000,31,"nhamcs rule; NHAMCS ED 2016-2022 adults, primary diagnosis, n=31"
F63,Impulse disorders,unscored,unscored,,,,24,"unscored: NHAMCS ED 2016-2022 adults, n=24 (under 30)"
F64,Gender identity disorders,unscored,unscored,,,,12,"unscored: NHAMCS ED 2016-2022 adults, n=12 (under 30)"
F65,Paraphilias,unscored,unscored,,,,1,"unscored: NHAMCS ED 2016-2022 adults, n=1 (under 30)"
F68,Other disorders of adult personality and behavior,unscored,unscored,,,,1,"unscored: NHAMCS ED 2016-2022 adults, n=1 (under 30)"
F69,Unspecified disorder of adult personality and behavior,unscored,unscored,,,,16,"unscored: NHAMCS ED 2016-2022 adults, n=16 (under 30)"
F70,Mild intellectual disabilities,unscored,unscored,,,,4,"unscored: NHAMCS ED 2016-2022 adults, n=4 (under 30)"
F71,Moderate intellectual disabilities,unscored,unscored,,,,1,"unscored: NHAMCS ED 2016-2022 adults, n=1 (under 30)"
F79,Unspecified intellectual disabilities,2,nhamcs,0.188,0.000,0.0000,59,"nhamcs rule; NHAMCS ED 2016-2022 adults, any diagnosis, n=59"
F80,Specific developmental disorders of speech and language,unscored,unscored,,,,3,"unscored: NHAMCS ED 2016-2022 adults, n=3 (under 30)"
F81,Specific developmental disorders of scholastic skills,unscored,unscored,,,,14,"unscored: NHAMCS ED 2016-2022 adults, n=14 (under 30)"
F84,Pervasive developmental disorders,2,nhamcs,0.193,0.017,0.0000,49,"nhamcs rule; NHAMCS ED 2016-2022 adults, any diagnosis, n=49"
F89,Unspecified disorder of psychological development,unscored,unscored,,,,1,"unscored: NHAMCS ED 2016-2022 adults, n=1 (under 30)"
F90,Attention-deficit hyperactivity disorders,2,nhamcs,0.087,0.031,0.0000,154,"nhamcs rule; NHAMCS ED 2016-2022 adults, any diagnosis, n=154"
F91,Conduct disorders,3,nhamcs,0.049,0.000,0.0000,39,"nhamcs rule; NHAMCS ED 2016-2022 adults, any diagnosis, n=39"
F93,Emotional disorders with onset specific to childhood,unscored,unscored,,,,2,"unscored: NHAMCS ED 2016-2022 adults, n=2 (under 30)"
F94,Disorders of social functioning with onset specific to childhood and adolescence,unscored,unscored,,,,1,"unscored: NHAMCS ED 2016-2022 adults, n=1 (under 30)"
F95,Tic disorder,unscored,unscored,,,,7,"unscored: NHAMCS ED 2016-2022 adults, n=7 (under 30)"
F98,Other behavioral and emotional disorders with onset usually occurring in childhood and adolescence,unscored,unscored,,,,19,"unscored: NHAMCS ED 2016-2022 adults, n=19 (under 30)"
F99,"Mental disorder, not otherwise specified",2,nhamcs,0.137,0.000,0.0000,46,"nhamcs rule; NHAMCS ED 2016-2022 adults, primary diagnosis, n=46"
G00,"Bacterial meningitis, not elsewhere classified",1,override,,,,0,"override: Newman-Toker 2023 Table 1: Meningitis & Encephalitis [Meningitis and encephalitis]; NHAMCS ED 2016-2022 adults, n=0 (under 30)"
G01,Meningitis in bacterial diseases classified elsewhere,1,override,,,,0,"override: Newman-Toker 2023 Table 1: Meningitis & Encephalitis [Meningitis and encephalitis]; NHAMCS ED 2016-2022 adults, n=0 (under 30)"
G02,Meningitis in other infectious and parasitic diseases classified elsewhere,1,override,,,,0,"override: Newman-Toker 2023 Table 1: Meningitis & Encephalitis [Meningitis and encephalitis]; NHAMCS ED 2016-2022 adults, n=0 (under 30)"
G03,Meningitis due to other and unspecified causes,1,override,,,,5,"override: Newman-Toker 2023 Table 1: Meningitis & Encephalitis [Meningitis and encephalitis]; NHAMCS ED 2016-2022 adults, n=5 (under 30)"
G04,"Encephalitis, myelitis and encephalomyelitis",1,override,,,,2,"override: Newman-Toker 2023 Table 1: Meningitis & Encephalitis [Meningitis and encephalitis]; NHAMCS ED 2016-2022 adults, n=2 (under 30)"
G05,"Encephalitis, myelitis and encephalomyelitis in diseases classified elsewhere",1,override,,,,0,"override: Newman-Toker 2023 Table 1: Meningitis & Encephalitis [Meningitis and encephalitis]; NHAMCS ED 2016-2022 adults, n=0 (under 30)"
G06,Intracranial and intraspinal abscess and granuloma,1,override,,,,4,"override: Newman-Toker 2023 Table 1: Spinal Abscess [Spinal abscess]; NHAMCS ED 2016-2022 adults, n=4 (under 30)"
G08,Intracranial and intraspinal phlebitis and thrombophlebitis,unscored,unscored,,,,0,"unscored: NHAMCS ED 2016-2022 adults, n=0 (under 30)"
G11,Hereditary ataxia,unscored,unscored,,,,0,"unscored: NHAMCS ED 2016-2022 adults, n=0 (under 30)"
G12,Spinal muscular atrophy and related syndromes,unscored,unscored,,,,5,"unscored: NHAMCS ED 2016-2022 adults, n=5 (under 30)"
G13,Systemic atrophies primarily affecting central nervous system in diseases classified elsewhere,unscored,unscored,,,,1,"unscored: NHAMCS ED 2016-2022 adults, n=1 (under 30)"
G20,Parkinson's disease,2,nhamcs,0.283,0.033,0.0026,118,"nhamcs rule; NHAMCS ED 2016-2022 adults, any diagnosis, n=118"
G21,Secondary parkinsonism,unscored,unscored,,,,1,"unscored: NHAMCS ED 2016-2022 adults, n=1 (under 30)"
G24,Dystonia,2,nhamcs,0.195,0.016,0.0000,32,"DDXPlus map first (Acute dystonic reactions); nhamcs rule; NHAMCS ED 2016-2022 adults, any diagnosis, n=32"
G25,Other extrapyramidal and movement disorders,2,nhamcs,0.148,0.022,0.0000,62,"DDXPlus map first (Acute dystonic reactions); nhamcs rule; NHAMCS ED 2016-2022 adults, any diagnosis, n=62"
G30,Alzheimer's disease,1,nhamcs,0.422,0.209,0.0000,36,"nhamcs rule; NHAMCS ED 2016-2022 adults, any diagnosis, n=36"
G31,"Other degenerative diseases of nervous system, not elsewhere classified",2,nhamcs,0.269,0.026,0.0000,86,"nhamcs rule; NHAMCS ED 2016-2022 adults, any diagnosis, n=86"
G35,Multiple sclerosis,2,nhamcs,0.215,0.037,0.0000,87,"nhamcs rule; NHAMCS ED 2016-2022 adults, any diagnosis, n=87"
G36,Other acute disseminated demyelination,unscored,unscored,,,,0,"unscored: NHAMCS ED 2016-2022 adults, n=0 (under 30)"
G37,Other demyelinating diseases of central nervous system,unscored,unscored,,,,2,"unscored: NHAMCS ED 2016-2022 adults, n=2 (under 30)"
G40,Epilepsy and recurrent seizures,2,nhamcs,0.153,0.028,0.0000,238,"nhamcs rule; NHAMCS ED 2016-2022 adults, primary diagnosis, n=238"
G43,Migraine,3,nhamcs,0.034,0.001,0.0000,607,"nhamcs rule; NHAMCS ED 2016-2022 adults, primary diagnosis, n=607"
G44,Other headache syndromes,3,nhamcs,0.000,0.000,0.0000,184,"DDXPlus map first (Cluster headache); nhamcs rule; NHAMCS ED 2016-2022 adults, primary diagnosis, n=184"
G45,Transient cerebral ischemic attacks and related syndromes,1,nhamcs,0.558,0.125,0.0120,156,"nhamcs rule; NHAMCS ED 2016-2022 adults, primary diagnosis, n=156"
G46,Vascular syndromes of brain in cerebrovascular diseases,unscored,unscored,,,,2,"unscored: NHAMCS ED 2016-2022 adults, n=2 (under 30)"
G47,Sleep disorders,2,nhamcs,0.098,0.041,0.0000,55,"nhamcs rule; NHAMCS ED 2016-2022 adults, primary diagnosis, n=55"
G47.0,Insomnia,3,nhamcs,0.001,0.000,0.0000,40,"nhamcs rule; NHAMCS ED 2016-2022 adults, primary diagnosis, n=40"
G50,Disorders of trigeminal nerve,unscored,unscored,,,,0,"unscored: NHAMCS ED 2016-2022 adults, n=0 (under 30)"
G51,Facial nerve disorders,3,nhamcs,0.007,0.000,0.0000,67,"nhamcs rule; NHAMCS ED 2016-2022 adults, primary diagnosis, n=67"
G52,Disorders of other cranial nerves,unscored,unscored,,,,27,"unscored: NHAMCS ED 2016-2022 adults, n=27 (under 30)"
G54,Nerve root and plexus disorders,unscored,unscored,,,,9,"unscored: NHAMCS ED 2016-2022 adults, n=9 (under 30)"
G56,Mononeuropathies of upper limb,3,nhamcs,0.000,0.000,0.0000,50,"nhamcs rule; NHAMCS ED 2016-2022 adults, primary diagnosis, n=50"
G57,Mononeuropathies of lower limb,unscored,unscored,,,,5,"unscored: NHAMCS ED 2016-2022 adults, n=5 (under 30)"
G58,Other mononeuropathies,2,nhamcs,0.145,0.014,0.0000,30,"nhamcs rule; NHAMCS ED 2016-2022 adults, any diagnosis, n=30"
G60,Hereditary and idiopathic neuropathy,unscored,unscored,,,,1,"unscored: NHAMCS ED 2016-2022 adults, n=1 (under 30)"
G61,Inflammatory polyneuropathy,unscored,unscored,,,,5,"DDXPlus map first (Guillain-Barré syndrome); unscored: NHAMCS ED 2016-2022 adults, n=5 (under 30)"
G62,Other and unspecified polyneuropathies,3,nhamcs,0.000,0.000,0.0000,33,"DDXPlus map first (Guillain-Barré syndrome); nhamcs rule; NHAMCS ED 2016-2022 adults, primary diagnosis, n=33"
G63,Polyneuropathy in diseases classified elsewhere,unscored,unscored,,,,3,"unscored: NHAMCS ED 2016-2022 adults, n=3 (under 30)"
G64,Other disorders of peripheral nervous system,unscored,unscored,,,,5,"unscored: NHAMCS ED 2016-2022 adults, n=5 (under 30)"
G70,Myasthenia gravis and other myoneural disorders,unscored,unscored,,,,13,"DDXPlus map first (Myasthenia gravis); unscored: NHAMCS ED 2016-2022 adults, n=13 (under 30)"
G71,Primary disorders of muscles,unscored,unscored,,,,0,"unscored: NHAMCS ED 2016-2022 adults, n=0 (under 30)"
G72,Other and unspecified myopathies,unscored,unscored,,,,10,"unscored: NHAMCS ED 2016-2022 adults, n=10 (under 30)"
G73,Disorders of myoneural junction and muscle in diseases classified elsewhere,unscored,unscored,,,,0,"unscored: NHAMCS ED 2016-2022 adults, n=0 (under 30)"
G80,Cerebral palsy,unscored,unscored,,,,17,"unscored: NHAMCS ED 2016-2022 adults, n=17 (under 30)"
G81,Hemiplegia and hemiparesis,unscored,unscored,,,,22,"unscored: NHAMCS ED 2016-2022 adults, n=22 (under 30)"
G82,Paraplegia (paraparesis) and quadriplegia (quadriparesis),2,nhamcs,0.465,0.007,0.0000,39,"nhamcs rule; NHAMCS ED 2016-2022 adults, any diagnosis, n=39"
G83,Other paralytic syndromes,1,nhamcs,0.465,0.081,0.0000,34,"nhamcs rule; NHAMCS ED 2016-2022 adults, any diagnosis, n=34"
G89,"Pain, not elsewhere classified",3,nhamcs,0.045,0.000,0.0000,336,"nhamcs rule; NHAMCS ED 2016-2022 adults, primary diagnosis, n=336"
G89.4,Chronic pain syndrome,2,nhamcs,0.187,0.017,0.0000,89,"nhamcs rule; NHAMCS ED 2016-2022 adults, any diagnosis, n=89"
G90,Disorders of autonomic nervous system,unscored,unscored,,,,9,"unscored: NHAMCS ED 2016-2022 adults, n=9 (under 30)"
G91,Hydrocephalus,unscored,unscored,,,,14,"unscored: NHAMCS ED 2016-2022 adults, n=14 (under 30)"
G92,Toxic encephalopathy,1,nhamcs,0.812,0.179,0.0000,48,"nhamcs rule; NHAMCS ED 2016-2022 adults, any diagnosis, n=48"
G93,Other disorders of brain,1,nhamcs,0.662,0.157,0.0324,92,"nhamcs rule; NHAMCS ED 2016-2022 adults, primary diagnosis, n=92"
G95,Other and unspecified diseases of spinal cord,unscored,unscored,,,,16,"unscored: NHAMCS ED 2016-2022 adults, n=16 (under 30)"
G95.2,Other and unspecified cord compression,1,override,,,,6,"override: AHRQ 2022 ED top-15: spinal cord compression (G95.2 cord compression, unspecified) [Spinal cord compression]; NHAMCS ED 2016-2022 adults, n=6 (under 30)"
G96,Other disorders of central nervous system,1,nhamcs,0.416,0.094,0.0046,59,"nhamcs rule; NHAMCS ED 2016-2022 adults, any diagnosis, n=59"
G97,"Intraoperative and postprocedural complications and disorders of nervous system, not elsewhere classified",unscored,unscored,,,,20,"unscored: NHAMCS ED 2016-2022 adults, n=20 (under 30)"
G98,Other disorders of nervous system not elsewhere classified,unscored,unscored,,,,18,"unscored: NHAMCS ED 2016-2022 adults, n=18 (under 30)"
H00,Hordeolum and chalazion,3,nhamcs,0.000,0.000,0.0000,46,"nhamcs rule; NHAMCS ED 2016-2022 adults, primary diagnosis, n=46"
H01,Other inflammation of eyelid,unscored,unscored,,,,25,"unscored: NHAMCS ED 2016-2022 adults, n=25 (under 30)"
H02,Other disorders of eyelid,3,nhamcs,0.025,0.000,0.0000,30,"nhamcs rule; NHAMCS ED 2016-2022 adults, any diagnosis, n=30"
H04,Disorders of lacrimal system,unscored,unscored,,,,16,"unscored: NHAMCS ED 2016-2022 adults, n=16 (under 30)"
H05,Disorders of orbit,unscored,unscored,,,,19,"unscored: NHAMCS ED 2016-2022 adults, n=19 (under 30)"
H10,Conjunctivitis,3,nhamcs,0.000,0.000,0.0000,208,"nhamcs rule; NHAMCS ED 2016-2022 adults, primary diagnosis, n=208"
H11,Other disorders of conjunctiva,3,nhamcs,0.000,0.000,0.0000,61,"nhamcs rule; NHAMCS ED 2016-2022 adults, primary diagnosis, n=61"
H15,Disorders of sclera,unscored,unscored,,,,8,"unscored: NHAMCS ED 2016-2022 adults, n=8 (under 30)"
H16,Keratitis,2,nhamcs,0.051,0.000,0.0000,34,"nhamcs rule; NHAMCS ED 2016-2022 adults, any diagnosis, n=34"
H17,Corneal scars and opacities,unscored,unscored,,,,1,"unscored: NHAMCS ED 2016-2022 adults, n=1 (under 30)"
H18,Other disorders of cornea,unscored,unscored,,,,13,"unscored: NHAMCS ED 2016-2022 adults, n=13 (under 30)"
H20,Iridocyclitis,2,nhamcs,0.050,0.000,0.0000,30,"nhamcs rule; NHAMCS ED 2016-2022 adults, any diagnosis, n=30"
H21,Other disorders of iris and ciliary body,unscored,unscored,,,,7,"unscored: NHAMCS ED 2016-2022 adults, n=7 (under 30)"
H25,Age-related cataract,unscored,unscored,,,,1,"unscored: NHAMCS ED 2016-2022 adults, n=1 (under 30)"
H26,Other cataract,unscored,unscored,,,,13,"unscored: NHAMCS ED 2016-2022 adults, n=13 (under 30)"
H30,Chorioretinal inflammation,unscored,unscored,,,,1,"unscored: NHAMCS ED 2016-2022 adults, n=1 (under 30)"
H33,Retinal detachments and breaks,unscored,unscored,,,,2,"unscored: NHAMCS ED 2016-2022 adults, n=2 (under 30)"
H34,Retinal vascular occlusions,unscored,unscored,,,,1,"unscored: NHAMCS ED 2016-2022 adults, n=1 (under 30)"
H35,Other retinal disorders,unscored,unscored,,,,24,"unscored: NHAMCS ED 2016-2022 adults, n=24 (under 30)"
H40,Glaucoma,2,nhamcs,0.067,0.004,0.0000,44,"nhamcs rule; NHAMCS ED 2016-2022 adults, any diagnosis, n=44"
H43,Disorders of vitreous body,unscored,unscored,,,,20,"unscored: NHAMCS ED 2016-2022 adults, n=20 (under 30)"
H44,Disorders of globe,unscored,unscored,,,,6,"unscored: NHAMCS ED 2016-2022 adults, n=6 (under 30)"
H46,Optic neuritis,unscored,unscored,,,,2,"unscored: NHAMCS ED 2016-2022 adults, n=2 (under 30)"
H47,Other disorders of optic [2nd] nerve and visual pathways,unscored,unscored,,,,11,"unscored: NHAMCS ED 2016-2022 adults, n=11 (under 30)"
H50,Other strabismus,unscored,unscored,,,,1,"unscored: NHAMCS ED 2016-2022 adults, n=1 (under 30)"
H51,Other disorders of binocular movement,unscored,unscored,,,,8,"unscored: NHAMCS ED 2016-2022 adults, n=8 (under 30)"
H52,Disorders of refraction and accommodation,unscored,unscored,,,,5,"unscored: NHAMCS ED 2016-2022 adults, n=5 (under 30)"
H53,Visual disturbances,2,nhamcs,0.104,0.011,0.0000,98,"nhamcs rule; NHAMCS ED 2016-2022 adults, primary diagnosis, n=98"
H54,Blindness and low vision,2,nhamcs,0.076,0.017,0.0000,63,"nhamcs rule; NHAMCS ED 2016-2022 adults, any diagnosis, n=63"
H57,Other disorders of eye and adnexa,3,nhamcs,0.014,0.000,0.0000,118,"nhamcs rule; NHAMCS ED 2016-2022 adults, primary diagnosis, n=118"
H60,Otitis externa,3,nhamcs,0.003,0.000,0.0000,167,"nhamcs rule; NHAMCS ED 2016-2022 adults, primary diagnosis, n=167"
H61,Other disorders of external ear,3,nhamcs,0.000,0.000,0.0000,69,"nhamcs rule; NHAMCS ED 2016-2022 adults, primary diagnosis, n=69"
H65,Nonsuppurative otitis media,3,nhamcs,0.000,0.000,0.0000,63,"DDXPlus map first (Acute otitis media); nhamcs rule; NHAMCS ED 2016-2022 adults, any diagnosis, n=63"
H66,Suppurative and unspecified otitis media,3,nhamcs,0.006,0.000,0.0000,206,"DDXPlus map first (Acute otitis media); nhamcs rule; NHAMCS ED 2016-2022 adults, primary diagnosis, n=206"
H68,Eustachian salpingitis and obstruction,unscored,unscored,,,,0,"unscored: NHAMCS ED 2016-2022 adults, n=0 (under 30)"
H69,Other and unspecified disorders of Eustachian tube,unscored,unscored,,,,17,"unscored: NHAMCS ED 2016-2022 adults, n=17 (under 30)"
H70,Mastoiditis and related conditions,unscored,unscored,,,,6,"unscored: NHAMCS ED 2016-2022 adults, n=6 (under 30)"
H71,Cholesteatoma of middle ear,unscored,unscored,,,,0,"unscored: NHAMCS ED 2016-2022 adults, n=0 (under 30)"
H72,Perforation of tympanic membrane,3,nhamcs,0.000,0.000,0.0000,37,"nhamcs rule; NHAMCS ED 2016-2022 adults, any diagnosis, n=37"
H73,Other disorders of tympanic membrane,unscored,unscored,,,,8,"unscored: NHAMCS ED 2016-2022 adults, n=8 (under 30)"
H74,Other disorders of middle ear mastoid,unscored,unscored,,,,21,"unscored: NHAMCS ED 2016-2022 adults, n=21 (under 30)"
H80,Otosclerosis,unscored,unscored,,,,0,"unscored: NHAMCS ED 2016-2022 adults, n=0 (under 30)"
H81,Disorders of vestibular function,3,nhamcs,0.003,0.000,0.0000,114,"nhamcs rule; NHAMCS ED 2016-2022 adults, primary diagnosis, n=114"
H82,Vertiginous syndromes in diseases classified elsewhere,unscored,unscored,,,,1,"unscored: NHAMCS ED 2016-2022 adults, n=1 (under 30)"
H83,Other diseases of inner ear,unscored,unscored,,,,24,"unscored: NHAMCS ED 2016-2022 adults, n=24 (under 30)"
H90,Conductive and sensorineural hearing loss,unscored,unscored,,,,16,"unscored: NHAMCS ED 2016-2022 adults, n=16 (under 30)"
H91,Other and unspecified hearing loss,2,nhamcs,0.157,0.013,0.0000,49,"nhamcs rule; NHAMCS ED 2016-2022 adults, any diagnosis, n=49"
H92,Otalgia and effusion of ear,3,nhamcs,0.010,0.000,0.0000,138,"nhamcs rule; NHAMCS ED 2016-2022 adults, primary diagnosis, n=138"
H93,"Other disorders of ear, not elsewhere classified",3,nhamcs,0.034,0.000,0.0000,58,"nhamcs rule; NHAMCS ED 2016-2022 adults, any diagnosis, n=58"
H95,"Intraoperative and postprocedural complications and disorders of ear and mastoid process, not elsewhere classified",unscored,unscored,,,,1,"unscored: NHAMCS ED 2016-2022 adults, n=1 (under 30)"
I02,Rheumatic chorea,unscored,unscored,,,,0,"unscored: NHAMCS ED 2016-2022 adults, n=0 (under 30)"
I04,not an ICD-10-CM FY2026 code,unscored,unscored,,,,0,"unscored: NHAMCS ED 2016-2022 adults, n=0 (under 30)"
I05,Rheumatic mitral valve diseases,unscored,unscored,,,,2,"unscored: NHAMCS ED 2016-2022 adults, n=2 (under 30)"
I07,Rheumatic tricuspid valve diseases,unscored,unscored,,,,2,"unscored: NHAMCS ED 2016-2022 adults, n=2 (under 30)"
I08,Multiple valve diseases,unscored,unscored,,,,4,"unscored: NHAMCS ED 2016-2022 adults, n=4 (under 30)"
I09,Other rheumatic heart diseases,unscored,unscored,,,,3,"DDXPlus map first (Myocarditis, Pericarditis); unscored: NHAMCS ED 2016-2022 adults, n=3 (under 30)"
I10,Essential (primary) hypertension,2,nhamcs,0.095,0.011,0.0000,871,"nhamcs rule; NHAMCS ED 2016-2022 adults, primary diagnosis, n=871"
I11,Hypertensive heart disease,1,nhamcs,0.772,0.190,0.0000,49,"nhamcs rule; NHAMCS ED 2016-2022 adults, primary diagnosis, n=49"
I12,Hypertensive chronic kidney disease,2,nhamcs,0.299,0.049,0.0029,244,"nhamcs rule; NHAMCS ED 2016-2022 adults, any diagnosis, n=244"
I12.0,Hypertensive chronic kidney disease with stage 5 chronic kidney disease or end stage renal disease,1,nhamcs,0.320,0.060,0.0100,70,"nhamcs rule; NHAMCS ED 2016-2022 adults, any diagnosis, n=70"
I13,Hypertensive heart and chronic kidney disease,1,nhamcs,0.816,0.259,0.0000,41,"nhamcs rule; NHAMCS ED 2016-2022 adults, primary diagnosis, n=41"
I15,Secondary hypertension,unscored,unscored,,,,26,"unscored: NHAMCS ED 2016-2022 adults, n=26 (under 30)"
I16,Hypertensive crisis,1,nhamcs,0.412,0.096,0.0000,104,"nhamcs rule; NHAMCS ED 2016-2022 adults, primary diagnosis, n=104"
I20,Angina pectoris,1,nhamcs,0.609,0.051,0.0000,76,"DDXPlus map first (Possible NSTEMI / STEMI, Stable angina, Unstable angina); nhamcs rule; NHAMCS ED 2016-2022 adults, primary diagnosis, n=76"
I20.9,"Angina pectoris, unspecified",2,nhamcs,0.384,0.000,0.0000,30,"nhamcs rule; NHAMCS ED 2016-2022 adults, primary diagnosis, n=30"
I21,Acute myocardial infarction,1,override,0.890,0.158,0.0490,255,"DDXPlus map first (Possible NSTEMI / STEMI, Stable angina, Unstable angina); override: Newman-Toker 2023 Table 1: Myocardial Infarction [Myocardial infarction]; NHAMCS ED 2016-2022 adults, primary diagnosis, n=255"
I22,Subsequent ST elevation (STEMI) and non-ST elevation (NSTEMI) myocardial infarction,1,override,,,,5,"DDXPlus map first (Possible NSTEMI / STEMI, Stable angina, Unstable angina); override: Newman-Toker 2023 Table 1: Myocardial Infarction [Myocardial infarction]; NHAMCS ED 2016-2022 adults, n=5 (under 30)"
I23,Certain current complications following ST elevation (STEMI) and non-ST elevation (NSTEMI) myocardial infarction (within the 28 day period),unscored,unscored,,,,3,"unscored: NHAMCS ED 2016-2022 adults, n=3 (under 30)"
I24,Other acute ischemic heart diseases,1,nhamcs,0.790,0.094,0.0000,45,"DDXPlus map first (Myocarditis, Pericarditis, Possible NSTEMI / STEMI, Stable angina, Unstable angina); nhamcs rule; NHAMCS ED 2016-2022 adults, primary diagnosis, n=45"
I25,Chronic ischemic heart disease,1,nhamcs,0.633,0.038,0.0028,68,"DDXPlus map first (Possible NSTEMI / STEMI, Stable angina, Unstable angina); nhamcs rule; NHAMCS ED 2016-2022 adults, primary diagnosis, n=68"
I25.2,Old myocardial infarction,2,nhamcs,0.133,0.000,0.0000,128,"nhamcs rule; NHAMCS ED 2016-2022 adults, any diagnosis, n=128"
I26,Pulmonary embolism,1,override,0.805,0.137,0.0000,117,"DDXPlus map first (Pulmonary embolism); override: Newman-Toker 2023 Table 1: Venous Thromboembolism [Venous thromboembolism]; NHAMCS ED 2016-2022 adults, primary diagnosis, n=117"
I27,Other pulmonary heart diseases,1,nhamcs,0.651,0.089,0.0056,51,"nhamcs rule; NHAMCS ED 2016-2022 adults, any diagnosis, n=51"
I28,Other diseases of pulmonary vessels,unscored,unscored,,,,4,"unscored: NHAMCS ED 2016-2022 adults, n=4 (under 30)"
I30,Acute pericarditis,unscored,unscored,,,,15,"DDXPlus map first (Myocarditis, Pericarditis); unscored: NHAMCS ED 2016-2022 adults, n=15 (under 30)"
I31,Other diseases of pericardium,1,nhamcs,0.768,0.132,0.0000,46,"DDXPlus map first (Myocarditis, Pericarditis); nhamcs rule; NHAMCS ED 2016-2022 adults, any diagnosis, n=46"
I33,Acute and subacute endocarditis,1,override,,,,11,"override: Newman-Toker 2023 Table 1: Endocarditis [Endocarditis]; NHAMCS ED 2016-2022 adults, n=11 (under 30)"
I34,Nonrheumatic mitral valve disorders,2,nhamcs,0.477,0.008,0.0000,38,"nhamcs rule; NHAMCS ED 2016-2022 adults, any diagnosis, n=38"
I35,Nonrheumatic aortic valve disorders,1,nhamcs,0.628,0.174,0.0194,52,"nhamcs rule; NHAMCS ED 2016-2022 adults, any diagnosis, n=52"
I36,Nonrheumatic tricuspid valve disorders,unscored,unscored,,,,1,"unscored: NHAMCS ED 2016-2022 adults, n=1 (under 30)"
I38,"Endocarditis, valve unspecified",1,override,,,,19,"override: Newman-Toker 2023 Table 1: Endocarditis [Endocarditis]; NHAMCS ED 2016-2022 adults, n=19 (under 30)"
I39,Endocarditis and heart valve disorders in diseases classified elsewhere,1,override,,,,0,"override: Newman-Toker 2023 Table 1: Endocarditis [Endocarditis]; NHAMCS ED 2016-2022 adults, n=0 (under 30)"
I40,Acute myocarditis,unscored,unscored,,,,1,"DDXPlus map first (Myocarditis); unscored: NHAMCS ED 2016-2022 adults, n=1 (under 30)"
I42,Cardiomyopathy,1,nhamcs,0.618,0.075,0.0000,109,"nhamcs rule; NHAMCS ED 2016-2022 adults, any diagnosis, n=109"
I44,Atrioventricular and left bundle-branch block,1,override,0.536,0.088,0.0000,77,"override: AHRQ 2022 ED top-15: cardiac arrhythmia (I44-I45 conduction block, I46 cardiac arrest, I47 paroxysmal tachycardia, I49 other arrhythmias; I48 AF is on the DDXPlus list) [Cardiac arrhythmia]; NHAMCS ED 2016-2022 adults, any diagnosis, n=77"
I45,Other conduction disorders,1,override,0.378,0.160,0.0000,68,"override: AHRQ 2022 ED top-15: cardiac arrhythmia (I44-I45 conduction block, I46 cardiac arrest, I47 paroxysmal tachycardia, I49 other arrhythmias; I48 AF is on the DDXPlus list) [Cardiac arrhythmia]; NHAMCS ED 2016-2022 adults, any diagnosis, n=68"
I46,Cardiac arrest,1,override,0.188,0.149,0.7914,151,"override: AHRQ 2022 ED top-15: cardiac arrhythmia (I44-I45 conduction block, I46 cardiac arrest, I47 paroxysmal tachycardia, I49 other arrhythmias; I48 AF is on the DDXPlus list) [Cardiac arrhythmia]; NHAMCS ED 2016-2022 adults, primary diagnosis, n=151"
I47,Paroxysmal tachycardia,1,override,0.310,0.080,0.0000,104,"DDXPlus map first (PSVT); override: AHRQ 2022 ED top-15: cardiac arrhythmia (I44-I45 conduction block, I46 cardiac arrest, I47 paroxysmal tachycardia, I49 other arrhythmias; I48 AF is on the DDXPlus list) [Cardiac arrhythmia]; NHAMCS ED 2016-2022 adults, primary diagnosis, n=104"
I48,Atrial fibrillation and flutter,1,nhamcs,0.522,0.102,0.0000,479,"DDXPlus map first (Atrial fibrillation, PSVT); nhamcs rule; NHAMCS ED 2016-2022 adults, primary diagnosis, n=479"
I49,Other cardiac arrhythmias,1,override,0.299,0.048,0.0000,69,"DDXPlus map first (Atrial fibrillation, PSVT); override: AHRQ 2022 ED top-15: cardiac arrhythmia (I44-I45 conduction block, I46 cardiac arrest, I47 paroxysmal tachycardia, I49 other arrhythmias; I48 AF is on the DDXPlus list) [Cardiac arrhythmia]; NHAMCS ED 2016-2022 adults, primary diagnosis, n=69"
I50,Heart failure,1,nhamcs,0.706,0.144,0.0085,479,"DDXPlus map first (Acute pulmonary edema); nhamcs rule; NHAMCS ED 2016-2022 adults, primary diagnosis, n=479"
I51,Complications and ill-defined descriptions of heart disease,1,nhamcs,0.217,0.076,0.0143,132,"DDXPlus map first (Myocarditis); nhamcs rule; NHAMCS ED 2016-2022 adults, any diagnosis, n=132"
I51.9,"Heart disease, unspecified",2,nhamcs,0.151,0.021,0.0267,72,"nhamcs rule; NHAMCS ED 2016-2022 adults, any diagnosis, n=72"
I52,Other heart disorders in diseases classified elsewhere,unscored,unscored,,,,2,"unscored: NHAMCS ED 2016-2022 adults, n=2 (under 30)"
I60,Nontraumatic subarachnoid hemorrhage,1,override,,,,22,"override: Newman-Toker 2023 Table 1: Stroke [Stroke]; NHAMCS ED 2016-2022 adults, n=22 (under 30)"
I61,Nontraumatic intracerebral hemorrhage,1,override,0.829,0.366,0.0000,32,"override: Newman-Toker 2023 Table 1: Stroke [Stroke]; NHAMCS ED 2016-2022 adults, primary diagnosis, n=32"
I62,Other and unspecified nontraumatic intracranial hemorrhage,1,override,0.796,0.148,0.0103,39,"override: Newman-Toker 2023 Table 1: Stroke [Stroke]; NHAMCS ED 2016-2022 adults, primary diagnosis, n=39"
I63,Cerebral infarction,1,override,0.824,0.145,0.0295,298,"override: Newman-Toker 2023 Table 1: Stroke [Stroke]; NHAMCS ED 2016-2022 adults, primary diagnosis, n=298"
I64,"Stroke, not specified as haemorrhage or infarction (WHO ICD-10; not an ICD-10-CM code)",1,override,,,,0,"override: Newman-Toker 2023 Table 1: Stroke [Stroke]; NHAMCS ED 2016-2022 adults, n=0 (under 30)"
I65,"Occlusion and stenosis of precerebral arteries, not resulting in cerebral infarction",1,nhamcs,0.508,0.126,0.0000,31,"nhamcs rule; NHAMCS ED 2016-2022 adults, any diagnosis, n=31"
I66,"Occlusion and stenosis of cerebral arteries, not resulting in cerebral infarction",unscored,unscored,,,,2,"unscored: NHAMCS ED 2016-2022 adults, n=2 (under 30)"
I67,Other cerebrovascular diseases,1,nhamcs,0.525,0.256,0.0000,35,"nhamcs rule; NHAMCS ED 2016-2022 adults, any diagnosis, n=35"
I68,Cerebrovascular disorders in diseases classified elsewhere,unscored,unscored,,,,0,"unscored: NHAMCS ED 2016-2022 adults, n=0 (under 30)"
I69,Sequelae of cerebrovascular disease,1,nhamcs,0.630,0.093,0.0318,87,"nhamcs rule; NHAMCS ED 2016-2022 adults, any diagnosis, n=87"
I70,Atherosclerosis,1,nhamcs,0.600,0.062,0.0000,47,"nhamcs rule; NHAMCS ED 2016-2022 adults, any diagnosis, n=47"
I71,Aortic aneurysm and dissection,1,override,0.676,0.168,0.1051,31,"override: Newman-Toker 2023 Table 1: Aortic Aneurysm & Dissection [Aortic aneurysm and dissection]; NHAMCS ED 2016-2022 adults, primary diagnosis, n=31"
I72,Other aneurysm,unscored,unscored,,,,17,"unscored: NHAMCS ED 2016-2022 adults, n=17 (under 30)"
I73,Other peripheral vascular diseases,2,nhamcs,0.373,0.031,0.0078,119,"nhamcs rule; NHAMCS ED 2016-2022 adults, any diagnosis, n=119"
I74,Arterial embolism and thrombosis,1,override,0.663,0.194,0.0000,32,"override: Newman-Toker 2023 Table 1: Arterial Thromboembolism [Arterial thromboembolism]; NHAMCS ED 2016-2022 adults, any diagnosis, n=32"
I76,Septic arterial embolism,unscored,unscored,,,,3,"unscored: NHAMCS ED 2016-2022 adults, n=3 (under 30)"
I77,Other disorders of arteries and arterioles,2,nhamcs,0.366,0.003,0.0000,32,"nhamcs rule; NHAMCS ED 2016-2022 adults, any diagnosis, n=32"
I78,Diseases of capillaries,unscored,unscored,,,,4,"unscored: NHAMCS ED 2016-2022 adults, n=4 (under 30)"
I80,Phlebitis and thrombophlebitis,1,override,0.000,0.000,0.0000,45,"override: Newman-Toker 2023 Table 1: Venous Thromboembolism [Venous thromboembolism]; NHAMCS ED 2016-2022 adults, primary diagnosis, n=45"
I81,Portal vein thrombosis,1,override,,,,2,"override: Newman-Toker 2023 Table 1: Venous Thromboembolism [Venous thromboembolism]; NHAMCS ED 2016-2022 adults, n=2 (under 30)"
I82,Other venous embolism and thrombosis,1,override,0.270,0.018,0.0000,172,"DDXPlus map first (Pulmonary embolism); override: Newman-Toker 2023 Table 1: Venous Thromboembolism [Venous thromboembolism]; NHAMCS ED 2016-2022 adults, primary diagnosis, n=172"
I83,Varicose veins of lower extremities,3,nhamcs,0.000,0.000,0.0000,32,"nhamcs rule; NHAMCS ED 2016-2022 adults, primary diagnosis, n=32"
I85,Esophageal varices,unscored,unscored,,,,20,"unscored: NHAMCS ED 2016-2022 adults, n=20 (under 30)"
I86,Varicose veins of other sites,unscored,unscored,,,,29,"unscored: NHAMCS ED 2016-2022 adults, n=29 (under 30)"
I87,Other disorders of veins,2,nhamcs,0.104,0.000,0.0000,35,"nhamcs rule; NHAMCS ED 2016-2022 adults, primary diagnosis, n=35"
I88,Nonspecific lymphadenitis,2,nhamcs,0.073,0.000,0.0000,38,"nhamcs rule; NHAMCS ED 2016-2022 adults, any diagnosis, n=38"
I89,Other noninfective disorders of lymphatic vessels and lymph nodes,2,nhamcs,0.130,0.027,0.0000,54,"nhamcs rule; NHAMCS ED 2016-2022 adults, any diagnosis, n=54"
I95,Hypotension,1,nhamcs,0.415,0.112,0.0109,162,"nhamcs rule; NHAMCS ED 2016-2022 adults, primary diagnosis, n=162"
I95.1,Orthostatic hypotension,2,nhamcs,0.306,0.017,0.0000,58,"nhamcs rule; NHAMCS ED 2016-2022 adults, primary diagnosis, n=58"
I96,"Gangrene, not elsewhere classified",unscored,unscored,,,,13,"unscored: NHAMCS ED 2016-2022 adults, n=13 (under 30)"
I97,"Intraoperative and postprocedural complications and disorders of circulatory system, not elsewhere classified",unscored,unscored,,,,2,"unscored: NHAMCS ED 2016-2022 adults, n=2 (under 30)"
I99,Other and unspecified disorders of circulatory system,1,nhamcs,0.515,0.041,0.0162,52,"nhamcs rule; NHAMCS ED 2016-2022 adults, any diagnosis, n=52"
J00,Acute nasopharyngitis [common cold],3,nhamcs,0.000,0.000,0.0000,33,"DDXPlus map first (URTI); nhamcs rule; NHAMCS ED 2016-2022 adults, primary diagnosis, n=33"
J01,Acute sinusitis,3,nhamcs,0.005,0.000,0.0000,230,"DDXPlus map first (Acute rhinosinusitis); nhamcs rule; NHAMCS ED 2016-2022 adults, primary diagnosis, n=230"
J02,Acute pharyngitis,3,nhamcs,0.004,0.000,0.0000,890,"DDXPlus map first (Viral pharyngitis); nhamcs rule; NHAMCS ED 2016-2022 adults, primary diagnosis, n=890"
J03,Acute tonsillitis,3,nhamcs,0.018,0.000,0.0000,107,"DDXPlus map first (URTI); nhamcs rule; NHAMCS ED 2016-2022 adults, primary diagnosis, n=107"
J04,Acute laryngitis and tracheitis,3,nhamcs,0.000,0.000,0.0000,43,"DDXPlus map first (Acute laryngitis, URTI); nhamcs rule; NHAMCS ED 2016-2022 adults, any diagnosis, n=43"
J05,Acute obstructive laryngitis [croup] and epiglottitis,unscored,unscored,,,,2,"DDXPlus map first (Croup, Epiglottitis, Larygospasm); unscored: NHAMCS ED 2016-2022 adults, n=2 (under 30)"
J06,Acute upper respiratory infections of multiple and unspecified sites,3,nhamcs,0.017,0.005,0.0000,888,"DDXPlus map first (Acute laryngitis, Acute rhinosinusitis, URTI, Viral pharyngitis); nhamcs rule; NHAMCS ED 2016-2022 adults, primary diagnosis, n=888"
J09,Influenza due to certain identified influenza viruses,3,nhamcs,0.046,0.000,0.0000,71,"DDXPlus map first (Influenza); nhamcs rule; NHAMCS ED 2016-2022 adults, primary diagnosis, n=71"
J09.X,Influenza due to identified novel influenza A virus,2,nhamcs,0.068,0.000,0.0000,53,"nhamcs rule; NHAMCS ED 2016-2022 adults, primary diagnosis, n=53"
J10,Influenza due to other identified influenza virus,2,nhamcs,0.062,0.015,0.0000,121,"DDXPlus map first (Influenza); nhamcs rule; NHAMCS ED 2016-2022 adults, primary diagnosis, n=121"
J10.1,Influenza due to other identified influenza virus with other respiratory manifestations,3,nhamcs,0.045,0.017,0.0000,108,"nhamcs rule; NHAMCS ED 2016-2022 adults, primary diagnosis, n=108"
J11,Influenza due to unidentified influenza virus,2,nhamcs,0.085,0.000,0.0010,233,"DDXPlus map first (Influenza); nhamcs rule; NHAMCS ED 2016-2022 adults, primary diagnosis, n=233"
J12,"Viral pneumonia, not elsewhere classified",1,override,0.772,0.141,0.0000,44,"DDXPlus map first (Pneumonia); override: Newman-Toker 2023 Table 1: Pneumonia [Pneumonia]; NHAMCS ED 2016-2022 adults, primary diagnosis, n=44"
J13,Pneumonia due to Streptococcus pneumoniae,1,override,,,,2,"DDXPlus map first (Pneumonia); override: Newman-Toker 2023 Table 1: Pneumonia [Pneumonia]; NHAMCS ED 2016-2022 adults, n=2 (under 30)"
J14,Pneumonia due to Hemophilus influenzae,1,override,,,,0,"DDXPlus map first (Pneumonia); override: Newman-Toker 2023 Table 1: Pneumonia [Pneumonia]; NHAMCS ED 2016-2022 adults, n=0 (under 30)"
J15,"Bacterial pneumonia, not elsewhere classified",1,override,0.503,0.029,0.0000,56,"DDXPlus map first (Pneumonia); override: Newman-Toker 2023 Table 1: Pneumonia [Pneumonia]; NHAMCS ED 2016-2022 adults, primary diagnosis, n=56"
J16,"Pneumonia due to other infectious organisms, not elsewhere classified",1,override,0.580,0.008,0.0000,54,"DDXPlus map first (Pneumonia); override: Newman-Toker 2023 Table 1: Pneumonia [Pneumonia]; NHAMCS ED 2016-2022 adults, primary diagnosis, n=54"
J17,Pneumonia in diseases classified elsewhere,1,override,,,,1,"DDXPlus map first (Pneumonia); override: Newman-Toker 2023 Table 1: Pneumonia [Pneumonia]; NHAMCS ED 2016-2022 adults, n=1 (under 30)"
J18,"Pneumonia, unspecified organism",1,override,0.470,0.063,0.0003,814,"DDXPlus map first (Pneumonia); override: Newman-Toker 2023 Table 1: Pneumonia [Pneumonia]; NHAMCS ED 2016-2022 adults, primary diagnosis, n=814"
J20,Acute bronchitis,3,nhamcs,0.018,0.001,0.0000,529,"DDXPlus map first (Bronchitis); nhamcs rule; NHAMCS ED 2016-2022 adults, primary diagnosis, n=529"
J21,Acute bronchiolitis,unscored,unscored,,,,12,"DDXPlus map first (Bronchiolitis); unscored: NHAMCS ED 2016-2022 adults, n=12 (under 30)"
J22,Unspecified acute lower respiratory infection,unscored,unscored,,,,13,"DDXPlus map first (Bronchiolitis, Bronchitis, Pneumonia); unscored: NHAMCS ED 2016-2022 adults, n=13 (under 30)"
J30,Vasomotor and allergic rhinitis,3,nhamcs,0.020,0.000,0.0000,56,"DDXPlus map first (Allergic sinusitis); nhamcs rule; NHAMCS ED 2016-2022 adults, primary diagnosis, n=56"
J30.2,Other seasonal allergic rhinitis,2,nhamcs,0.084,0.020,0.0000,59,"nhamcs rule; NHAMCS ED 2016-2022 adults, any diagnosis, n=59"
J31,"Chronic rhinitis, nasopharyngitis and pharyngitis",unscored,unscored,,,,24,"unscored: NHAMCS ED 2016-2022 adults, n=24 (under 30)"
J32,Chronic sinusitis,3,nhamcs,0.001,0.000,0.0000,158,"DDXPlus map first (Chronic rhinosinusitis); nhamcs rule; NHAMCS ED 2016-2022 adults, primary diagnosis, n=158"
J33,Nasal polyp,unscored,unscored,,,,4,"unscored: NHAMCS ED 2016-2022 adults, n=4 (under 30)"
J34,Other and unspecified disorders of nose and nasal sinuses,3,nhamcs,0.013,0.000,0.0000,38,"nhamcs rule; NHAMCS ED 2016-2022 adults, primary diagnosis, n=38"
J35,Chronic diseases of tonsils and adenoids,unscored,unscored,,,,19,"unscored: NHAMCS ED 2016-2022 adults, n=19 (under 30)"
J36,Peritonsillar abscess,2,nhamcs,0.307,0.035,0.0000,44,"DDXPlus map first (Croup, Epiglottitis, Larygospasm); nhamcs rule; NHAMCS ED 2016-2022 adults, primary diagnosis, n=44"
J37,Chronic laryngitis and laryngotracheitis,unscored,unscored,,,,0,"unscored: NHAMCS ED 2016-2022 adults, n=0 (under 30)"
J38,"Diseases of vocal cords and larynx, not elsewhere classified",unscored,unscored,,,,4,"DDXPlus map first (Croup, Epiglottitis, Larygospasm); unscored: NHAMCS ED 2016-2022 adults, n=4 (under 30)"
J39,Other diseases of upper respiratory tract,2,nhamcs,0.225,0.023,0.0000,33,"DDXPlus map first (Croup, Epiglottitis, Larygospasm); nhamcs rule; NHAMCS ED 2016-2022 adults, any diagnosis, n=33"
J40,"Bronchitis, not specified as acute or chronic",3,nhamcs,0.019,0.000,0.0000,344,"DDXPlus map first (Bronchitis); nhamcs rule; NHAMCS ED 2016-2022 adults, primary diagnosis, n=344"
J41,Simple and mucopurulent chronic bronchitis,unscored,unscored,,,,12,"DDXPlus map first (Bronchitis); unscored: NHAMCS ED 2016-2022 adults, n=12 (under 30)"
J42,Unspecified chronic bronchitis,unscored,unscored,,,,22,"DDXPlus map first (Bronchitis); unscored: NHAMCS ED 2016-2022 adults, n=22 (under 30)"
J43,Emphysema,1,nhamcs,0.414,0.088,0.0000,88,"nhamcs rule; NHAMCS ED 2016-2022 adults, any diagnosis, n=88"
J44,Other chronic obstructive pulmonary disease,2,nhamcs,0.361,0.044,0.0000,760,"DDXPlus map first (Acute COPD exacerbation / infection, Bronchospasm / acute asthma exacerbation); nhamcs rule; NHAMCS ED 2016-2022 adults, primary diagnosis, n=760"
J44.0,Chronic obstructive pulmonary disease with (acute) lower respiratory infection,1,nhamcs,0.220,0.058,0.0000,31,"nhamcs rule; NHAMCS ED 2016-2022 adults, primary diagnosis, n=31"
J45,Asthma,2,nhamcs,0.056,0.006,0.0000,761,"DDXPlus map first (Bronchospasm / acute asthma exacerbation); nhamcs rule; NHAMCS ED 2016-2022 adults, primary diagnosis, n=761"
J45.2,Mild intermittent asthma,3,nhamcs,0.009,0.000,0.0000,80,"nhamcs rule; NHAMCS ED 2016-2022 adults, primary diagnosis, n=80"
J45.4,Moderate persistent asthma,3,nhamcs,0.035,0.004,0.0000,39,"nhamcs rule; NHAMCS ED 2016-2022 adults, primary diagnosis, n=39"
J47,Bronchiectasis,unscored,unscored,,,,7,"DDXPlus map first (Bronchiectasis); unscored: NHAMCS ED 2016-2022 adults, n=7 (under 30)"
J50,not an ICD-10-CM FY2026 code,unscored,unscored,,,,0,"unscored: NHAMCS ED 2016-2022 adults, n=0 (under 30)"
J60,Coalworker's pneumoconiosis,unscored,unscored,,,,0,"unscored: NHAMCS ED 2016-2022 adults, n=0 (under 30)"
J67,Hypersensitivity pneumonitis due to organic dust,unscored,unscored,,,,0,"unscored: NHAMCS ED 2016-2022 adults, n=0 (under 30)"
J68,"Respiratory conditions due to inhalation of chemicals, gases, fumes and vapors",unscored,unscored,,,,4,"DDXPlus map first (Acute pulmonary edema, Bronchitis); unscored: NHAMCS ED 2016-2022 adults, n=4 (under 30)"
J69,Pneumonitis due to solids and liquids,1,nhamcs,0.810,0.319,0.0000,30,"nhamcs rule; NHAMCS ED 2016-2022 adults, primary diagnosis, n=30"
J70,Respiratory conditions due to other external agents,unscored,unscored,,,,20,"unscored: NHAMCS ED 2016-2022 adults, n=20 (under 30)"
J80,Acute respiratory distress syndrome,unscored,unscored,,,,29,"unscored: NHAMCS ED 2016-2022 adults, n=29 (under 30)"
J81,Pulmonary edema,1,nhamcs,0.689,0.163,0.0000,32,"DDXPlus map first (Acute pulmonary edema); nhamcs rule; NHAMCS ED 2016-2022 adults, primary diagnosis, n=32"
J84,Other interstitial pulmonary diseases,1,nhamcs,0.578,0.106,0.0363,54,"nhamcs rule; NHAMCS ED 2016-2022 adults, any diagnosis, n=54"
J85,Abscess of lung and mediastinum,unscored,unscored,,,,5,"DDXPlus map first (Pneumonia); unscored: NHAMCS ED 2016-2022 adults, n=5 (under 30)"
J86,Pyothorax,unscored,unscored,,,,4,"DDXPlus map first (Pneumonia); unscored: NHAMCS ED 2016-2022 adults, n=4 (under 30)"
J90,"Pleural effusion, not elsewhere classified",1,nhamcs,0.653,0.043,0.0000,50,"nhamcs rule; NHAMCS ED 2016-2022 adults, primary diagnosis, n=50"
J91,Pleural effusion in conditions classified elsewhere,unscored,unscored,,,,21,"unscored: NHAMCS ED 2016-2022 adults, n=21 (under 30)"
J92,Pleural plaque,unscored,unscored,,,,1,"unscored: NHAMCS ED 2016-2022 adults, n=1 (under 30)"
J93,Pneumothorax and air leak,1,nhamcs,0.612,0.000,0.0000,40,"DDXPlus map first (Spontaneous pneumothorax); nhamcs rule; NHAMCS ED 2016-2022 adults, any diagnosis, n=40"
J94,Other pleural conditions,1,nhamcs,0.765,0.199,0.0000,37,"nhamcs rule; NHAMCS ED 2016-2022 adults, any diagnosis, n=37"
J95,"Intraoperative and postprocedural complications and disorders of respiratory system, not elsewhere classified",1,nhamcs,0.282,0.115,0.0116,30,"nhamcs rule; NHAMCS ED 2016-2022 adults, any diagnosis, n=30"
J96,"Respiratory failure, not elsewhere classified",1,nhamcs,0.880,0.370,0.0042,219,"nhamcs rule; NHAMCS ED 2016-2022 adults, primary diagnosis, n=219"
J98,Other respiratory disorders,2,nhamcs,0.203,0.019,0.0000,89,"DDXPlus map first (Bronchospasm / acute asthma exacerbation); nhamcs rule; NHAMCS ED 2016-2022 adults, primary diagnosis, n=89"
J98.1,Pulmonary collapse,1,nhamcs,0.412,0.138,0.0000,57,"nhamcs rule; NHAMCS ED 2016-2022 adults, any diagnosis, n=57"
J98.8,Other specified respiratory disorders,1,nhamcs,0.204,0.052,0.0000,33,"nhamcs rule; NHAMCS ED 2016-2022 adults, any diagnosis, n=33"
J98.9,"Respiratory disorder, unspecified",1,nhamcs,0.437,0.087,0.0000,31,"nhamcs rule; NHAMCS ED 2016-2022 adults, any diagnosis, n=31"
J99,Respiratory disorders in diseases classified elsewhere,unscored,unscored,,,,1,"unscored: NHAMCS ED 2016-2022 adults, n=1 (under 30)"
K00,Disorders of tooth development and eruption,unscored,unscored,,,,5,"unscored: NHAMCS ED 2016-2022 adults, n=5 (under 30)"
K01,Embedded and impacted teeth,unscored,unscored,,,,8,"unscored: NHAMCS ED 2016-2022 adults, n=8 (under 30)"
K02,Dental caries,3,nhamcs,0.000,0.000,0.0000,210,"nhamcs rule; NHAMCS ED 2016-2022 adults, primary diagnosis, n=210"
K03,Other diseases of hard tissues of teeth,unscored,unscored,,,,25,"unscored: NHAMCS ED 2016-2022 adults, n=25 (under 30)"
K04,Diseases of pulp and periapical tissues,3,nhamcs,0.020,0.000,0.0000,364,"nhamcs rule; NHAMCS ED 2016-2022 adults, primary diagnosis, n=364"
K05,Gingivitis and periodontal diseases,3,nhamcs,0.000,0.000,0.0000,61,"nhamcs rule; NHAMCS ED 2016-2022 adults, any diagnosis, n=61"
K06,Other disorders of gingiva and edentulous alveolar ridge,unscored,unscored,,,,9,"unscored: NHAMCS ED 2016-2022 adults, n=9 (under 30)"
K07,not an ICD-10-CM FY2026 code,unscored,unscored,,,,0,"unscored: NHAMCS ED 2016-2022 adults, n=0 (under 30)"
K08,Other disorders of teeth and supporting structures,3,nhamcs,0.000,0.000,0.0000,599,"nhamcs rule; NHAMCS ED 2016-2022 adults, primary diagnosis, n=599"
K09,"Cysts of oral region, not elsewhere classified",unscored,unscored,,,,0,"unscored: NHAMCS ED 2016-2022 adults, n=0 (under 30)"
K10,not an ICD-10-CM FY2026 code,unscored,unscored,,,,0,"unscored: NHAMCS ED 2016-2022 adults, n=0 (under 30)"
K11,Diseases of salivary glands,2,nhamcs,0.116,0.005,0.0000,41,"nhamcs rule; NHAMCS ED 2016-2022 adults, primary diagnosis, n=41"
K11.2,Sialoadenitis,1,nhamcs,0.193,0.061,0.0000,37,"nhamcs rule; NHAMCS ED 2016-2022 adults, any diagnosis, n=37"
K12,Stomatitis and related lesions,2,nhamcs,0.155,0.030,0.0000,54,"nhamcs rule; NHAMCS ED 2016-2022 adults, primary diagnosis, n=54"
K13,Other diseases of lip and oral mucosa,2,nhamcs,0.084,0.000,0.0000,46,"nhamcs rule; NHAMCS ED 2016-2022 adults, primary diagnosis, n=46"
K14,Diseases of tongue,unscored,unscored,,,,19,"unscored: NHAMCS ED 2016-2022 adults, n=19 (under 30)"
K16,not an ICD-10-CM FY2026 code,unscored,unscored,,,,0,"unscored: NHAMCS ED 2016-2022 adults, n=0 (under 30)"
K20,Esophagitis,3,nhamcs,0.019,0.000,0.0000,34,"nhamcs rule; NHAMCS ED 2016-2022 adults, primary diagnosis, n=34"
K21,Gastro-esophageal reflux disease,3,nhamcs,0.022,0.002,0.0000,227,"DDXPlus map first (GERD); nhamcs rule; NHAMCS ED 2016-2022 adults, primary diagnosis, n=227"
K21.0,Gastro-esophageal reflux disease with esophagitis,2,nhamcs,0.096,0.000,0.0000,52,"nhamcs rule; NHAMCS ED 2016-2022 adults, any diagnosis, n=52"
K22,Other diseases of esophagus,1,nhamcs,0.413,0.077,0.0000,32,"DDXPlus map first (Boerhaave); nhamcs rule; NHAMCS ED 2016-2022 adults, primary diagnosis, n=32"
K25,Gastric ulcer,1,nhamcs,0.448,0.069,0.0000,41,"nhamcs rule; NHAMCS ED 2016-2022 adults, any diagnosis, n=41"
K26,Duodenal ulcer,unscored,unscored,,,,19,"unscored: NHAMCS ED 2016-2022 adults, n=19 (under 30)"
K26.1,Acute duodenal ulcer with perforation,1,override,,,,0,"override: AHRQ 2022 ED top-15: GI perforation and rupture (intestinal perforation K63.1, ulcers with perforation, perforated appendicitis K35.2-3, diverticulitis with perforation and abscess K57.x0, peritonitis K65) [GI perforation and rupture]; NHAMCS ED 2016-2022 adults, n=0 (under 30)"
K26.2,Acute duodenal ulcer with both hemorrhage and perforation,1,override,,,,0,"override: AHRQ 2022 ED top-15: GI perforation and rupture (intestinal perforation K63.1, ulcers with perforation, perforated appendicitis K35.2-3, diverticulitis with perforation and abscess K57.x0, peritonitis K65) [GI perforation and rupture]; NHAMCS ED 2016-2022 adults, n=0 (under 30)"
K26.5,Chronic or unspecified duodenal ulcer with perforation,1,override,,,,1,"override: AHRQ 2022 ED top-15: GI perforation and rupture (intestinal perforation K63.1, ulcers with perforation, perforated appendicitis K35.2-3, diverticulitis with perforation and abscess K57.x0, peritonitis K65) [GI perforation and rupture]; NHAMCS ED 2016-2022 adults, n=1 (under 30)"
K26.6,Chronic or unspecified duodenal ulcer with both hemorrhage and perforation,1,override,,,,0,"override: AHRQ 2022 ED top-15: GI perforation and rupture (intestinal perforation K63.1, ulcers with perforation, perforated appendicitis K35.2-3, diverticulitis with perforation and abscess K57.x0, peritonitis K65) [GI perforation and rupture]; NHAMCS ED 2016-2022 adults, n=0 (under 30)"
K27,"Peptic ulcer, site unspecified",2,nhamcs,0.182,0.022,0.0000,56,"nhamcs rule; NHAMCS ED 2016-2022 adults, any diagnosis, n=56"
K27.1,"Acute peptic ulcer, site unspecified, with perforation",1,override,,,,0,"override: AHRQ 2022 ED top-15: GI perforation and rupture (intestinal perforation K63.1, ulcers with perforation, perforated appendicitis K35.2-3, diverticulitis with perforation and abscess K57.x0, peritonitis K65) [GI perforation and rupture]; NHAMCS ED 2016-2022 adults, n=0 (under 30)"
K27.2,"Acute peptic ulcer, site unspecified, with both hemorrhage and perforation",1,override,,,,0,"override: AHRQ 2022 ED top-15: GI perforation and rupture (intestinal perforation K63.1, ulcers with perforation, perforated appendicitis K35.2-3, diverticulitis with perforation and abscess K57.x0, peritonitis K65) [GI perforation and rupture]; NHAMCS ED 2016-2022 adults, n=0 (under 30)"
K27.5,"Chronic or unspecified peptic ulcer, site unspecified, with perforation",1,override,,,,0,"override: AHRQ 2022 ED top-15: GI perforation and rupture (intestinal perforation K63.1, ulcers with perforation, perforated appendicitis K35.2-3, diverticulitis with perforation and abscess K57.x0, peritonitis K65) [GI perforation and rupture]; NHAMCS ED 2016-2022 adults, n=0 (under 30)"
K27.6,"Chronic or unspecified peptic ulcer, site unspecified, with both hemorrhage and perforation",1,override,,,,0,"override: AHRQ 2022 ED top-15: GI perforation and rupture (intestinal perforation K63.1, ulcers with perforation, perforated appendicitis K35.2-3, diverticulitis with perforation and abscess K57.x0, peritonitis K65) [GI perforation and rupture]; NHAMCS ED 2016-2022 adults, n=0 (under 30)"
K28,Gastrojejunal ulcer,unscored,unscored,,,,3,"unscored: NHAMCS ED 2016-2022 adults, n=3 (under 30)"
K28.1,Acute gastrojejunal ulcer with perforation,1,override,,,,0,"override: AHRQ 2022 ED top-15: GI perforation and rupture (intestinal perforation K63.1, ulcers with perforation, perforated appendicitis K35.2-3, diverticulitis with perforation and abscess K57.x0, peritonitis K65) [GI perforation and rupture]; NHAMCS ED 2016-2022 adults, n=0 (under 30)"
K28.2,Acute gastrojejunal ulcer with both hemorrhage and perforation,1,override,,,,0,"override: AHRQ 2022 ED top-15: GI perforation and rupture (intestinal perforation K63.1, ulcers with perforation, perforated appendicitis K35.2-3, diverticulitis with perforation and abscess K57.x0, peritonitis K65) [GI perforation and rupture]; NHAMCS ED 2016-2022 adults, n=0 (under 30)"
K28.5,Chronic or unspecified gastrojejunal ulcer with perforation,1,override,,,,0,"override: AHRQ 2022 ED top-15: GI perforation and rupture (intestinal perforation K63.1, ulcers with perforation, perforated appendicitis K35.2-3, diverticulitis with perforation and abscess K57.x0, peritonitis K65) [GI perforation and rupture]; NHAMCS ED 2016-2022 adults, n=0 (under 30)"
K28.6,Chronic or unspecified gastrojejunal ulcer with both hemorrhage and perforation,1,override,,,,0,"override: AHRQ 2022 ED top-15: GI perforation and rupture (intestinal perforation K63.1, ulcers with perforation, perforated appendicitis K35.2-3, diverticulitis with perforation and abscess K57.x0, peritonitis K65) [GI perforation and rupture]; NHAMCS ED 2016-2022 adults, n=0 (under 30)"
K29,Gastritis and duodenitis,2,nhamcs,0.065,0.001,0.0000,274,"nhamcs rule; NHAMCS ED 2016-2022 adults, primary diagnosis, n=274"
K29.0,Acute gastritis,3,nhamcs,0.041,0.000,0.0000,79,"nhamcs rule; NHAMCS ED 2016-2022 adults, primary diagnosis, n=79"
K29.7,"Gastritis, unspecified",3,nhamcs,0.000,0.000,0.0000,122,"nhamcs rule; NHAMCS ED 2016-2022 adults, primary diagnosis, n=122"
K30,Functional dyspepsia,unscored,unscored,,,,23,"unscored: NHAMCS ED 2016-2022 adults, n=23 (under 30)"
K31,Other diseases of stomach and duodenum,2,nhamcs,0.310,0.000,0.0000,39,"nhamcs rule; NHAMCS ED 2016-2022 adults, primary diagnosis, n=39"
K31.5,Obstruction of duodenum,1,override,,,,0,"override: AHRQ 2022 ED top-15: intestinal obstruction (K56 ileus and obstruction, K31.5 pyloric obstruction, hernias with obstruction; K40 inguinal hernia is on the DDXPlus list) [Intestinal obstruction]; NHAMCS ED 2016-2022 adults, n=0 (under 30)"
K32,not an ICD-10-CM FY2026 code,unscored,unscored,,,,0,"unscored: NHAMCS ED 2016-2022 adults, n=0 (under 30)"
K35,Acute appendicitis,1,nhamcs,0.934,0.012,0.0000,132,"nhamcs rule; NHAMCS ED 2016-2022 adults, primary diagnosis, n=132"
K36,Other appendicitis,unscored,unscored,,,,1,"unscored: NHAMCS ED 2016-2022 adults, n=1 (under 30)"
K37,Unspecified appendicitis,1,nhamcs,0.752,0.000,0.0000,32,"nhamcs rule; NHAMCS ED 2016-2022 adults, primary diagnosis, n=32"
K38,Other diseases of appendix,unscored,unscored,,,,4,"unscored: NHAMCS ED 2016-2022 adults, n=4 (under 30)"
K40,Inguinal hernia,2,nhamcs,0.144,0.000,0.0000,91,"DDXPlus map first (Inguinal hernia); nhamcs rule; NHAMCS ED 2016-2022 adults, primary diagnosis, n=91"
K41,Femoral hernia,unscored,unscored,,,,2,"unscored: NHAMCS ED 2016-2022 adults, n=2 (under 30)"
K41.0,"Bilateral femoral hernia, with obstruction, without gangrene",1,override,,,,0,"override: AHRQ 2022 ED top-15: intestinal obstruction (K56 ileus and obstruction, K31.5 pyloric obstruction, hernias with obstruction; K40 inguinal hernia is on the DDXPlus list) [Intestinal obstruction]; NHAMCS ED 2016-2022 adults, n=0 (under 30)"
K41.3,"Unilateral femoral hernia, with obstruction, without gangrene",1,override,,,,0,"override: AHRQ 2022 ED top-15: intestinal obstruction (K56 ileus and obstruction, K31.5 pyloric obstruction, hernias with obstruction; K40 inguinal hernia is on the DDXPlus list) [Intestinal obstruction]; NHAMCS ED 2016-2022 adults, n=0 (under 30)"
K42,Umbilical hernia,2,nhamcs,0.192,0.002,0.0000,45,"nhamcs rule; NHAMCS ED 2016-2022 adults, primary diagnosis, n=45"
K42.0,"Umbilical hernia with obstruction, without gangrene",1,override,,,,11,"override: AHRQ 2022 ED top-15: intestinal obstruction (K56 ileus and obstruction, K31.5 pyloric obstruction, hernias with obstruction; K40 inguinal hernia is on the DDXPlus list) [Intestinal obstruction]; NHAMCS ED 2016-2022 adults, n=11 (under 30)"
K43,Ventral hernia,2,nhamcs,0.282,0.000,0.0000,44,"nhamcs rule; NHAMCS ED 2016-2022 adults, primary diagnosis, n=44"
K43.0,"Incisional hernia with obstruction, without gangrene",1,override,,,,0,"override: AHRQ 2022 ED top-15: intestinal obstruction (K56 ileus and obstruction, K31.5 pyloric obstruction, hernias with obstruction; K40 inguinal hernia is on the DDXPlus list) [Intestinal obstruction]; NHAMCS ED 2016-2022 adults, n=0 (under 30)"
K43.3,"Parastomal hernia with obstruction, without gangrene",1,override,,,,1,"override: AHRQ 2022 ED top-15: intestinal obstruction (K56 ileus and obstruction, K31.5 pyloric obstruction, hernias with obstruction; K40 inguinal hernia is on the DDXPlus list) [Intestinal obstruction]; NHAMCS ED 2016-2022 adults, n=1 (under 30)"
K43.6,"Other and unspecified ventral hernia with obstruction, without gangrene",1,override,,,,0,"override: AHRQ 2022 ED top-15: intestinal obstruction (K56 ileus and obstruction, K31.5 pyloric obstruction, hernias with obstruction; K40 inguinal hernia is on the DDXPlus list) [Intestinal obstruction]; NHAMCS ED 2016-2022 adults, n=0 (under 30)"
K44,Diaphragmatic hernia,2,nhamcs,0.099,0.007,0.0000,84,"nhamcs rule; NHAMCS ED 2016-2022 adults, any diagnosis, n=84"
K44.0,"Diaphragmatic hernia with obstruction, without gangrene",1,override,,,,0,"override: AHRQ 2022 ED top-15: intestinal obstruction (K56 ileus and obstruction, K31.5 pyloric obstruction, hernias with obstruction; K40 inguinal hernia is on the DDXPlus list) [Intestinal obstruction]; NHAMCS ED 2016-2022 adults, n=0 (under 30)"
K45,Other abdominal hernia,unscored,unscored,,,,1,"unscored: NHAMCS ED 2016-2022 adults, n=1 (under 30)"
K45.0,"Other specified abdominal hernia with obstruction, without gangrene",1,override,,,,0,"override: AHRQ 2022 ED top-15: intestinal obstruction (K56 ileus and obstruction, K31.5 pyloric obstruction, hernias with obstruction; K40 inguinal hernia is on the DDXPlus list) [Intestinal obstruction]; NHAMCS ED 2016-2022 adults, n=0 (under 30)"
K46,Unspecified abdominal hernia,2,nhamcs,0.285,0.017,0.0000,52,"DDXPlus map first (Inguinal hernia); nhamcs rule; NHAMCS ED 2016-2022 adults, any diagnosis, n=52"
K46.0,"Unspecified abdominal hernia with obstruction, without gangrene",1,override,,,,3,"override: AHRQ 2022 ED top-15: intestinal obstruction (K56 ileus and obstruction, K31.5 pyloric obstruction, hernias with obstruction; K40 inguinal hernia is on the DDXPlus list) [Intestinal obstruction]; NHAMCS ED 2016-2022 adults, n=3 (under 30)"
K50,Crohn's disease [regional enteritis],2,nhamcs,0.238,0.000,0.0000,44,"nhamcs rule; NHAMCS ED 2016-2022 adults, primary diagnosis, n=44"
K51,Ulcerative colitis,2,nhamcs,0.324,0.000,0.0000,34,"nhamcs rule; NHAMCS ED 2016-2022 adults, primary diagnosis, n=34"
K52,Other and unspecified noninfective gastroenteritis and colitis,2,nhamcs,0.123,0.008,0.0000,577,"nhamcs rule; NHAMCS ED 2016-2022 adults, primary diagnosis, n=577"
K54,not an ICD-10-CM FY2026 code,unscored,unscored,,,,0,"unscored: NHAMCS ED 2016-2022 adults, n=0 (under 30)"
K55,Vascular disorders of intestine,unscored,unscored,,,,28,"unscored: NHAMCS ED 2016-2022 adults, n=28 (under 30)"
K56,Paralytic ileus and intestinal obstruction without hernia,1,override,0.753,0.060,0.0000,244,"override: AHRQ 2022 ED top-15: intestinal obstruction (K56 ileus and obstruction, K31.5 pyloric obstruction, hernias with obstruction; K40 inguinal hernia is on the DDXPlus list) [Intestinal obstruction]; NHAMCS ED 2016-2022 adults, primary diagnosis, n=244"
K57,Diverticular disease of intestine,2,nhamcs,0.262,0.017,0.0000,306,"nhamcs rule; NHAMCS ED 2016-2022 adults, primary diagnosis, n=306"
K57.0,Diverticulitis of small intestine with perforation and abscess,1,override,,,,0,"override: AHRQ 2022 ED top-15: GI perforation and rupture (intestinal perforation K63.1, ulcers with perforation, perforated appendicitis K35.2-3, diverticulitis with perforation and abscess K57.x0, peritonitis K65) [GI perforation and rupture]; NHAMCS ED 2016-2022 adults, n=0 (under 30)"
K57.2,Diverticulitis of large intestine with perforation and abscess,1,override,,,,14,"override: AHRQ 2022 ED top-15: GI perforation and rupture (intestinal perforation K63.1, ulcers with perforation, perforated appendicitis K35.2-3, diverticulitis with perforation and abscess K57.x0, peritonitis K65) [GI perforation and rupture]; NHAMCS ED 2016-2022 adults, n=14 (under 30)"
K57.4,Diverticulitis of both small and large intestine with perforation and abscess,1,override,,,,0,"override: AHRQ 2022 ED top-15: GI perforation and rupture (intestinal perforation K63.1, ulcers with perforation, perforated appendicitis K35.2-3, diverticulitis with perforation and abscess K57.x0, peritonitis K65) [GI perforation and rupture]; NHAMCS ED 2016-2022 adults, n=0 (under 30)"
K57.8,"Diverticulitis of intestine, part unspecified, with perforation and abscess",1,override,,,,4,"override: AHRQ 2022 ED top-15: GI perforation and rupture (intestinal perforation K63.1, ulcers with perforation, perforated appendicitis K35.2-3, diverticulitis with perforation and abscess K57.x0, peritonitis K65) [GI perforation and rupture]; NHAMCS ED 2016-2022 adults, n=4 (under 30)"
K58,Irritable bowel syndrome,2,nhamcs,0.094,0.000,0.0000,88,"nhamcs rule; NHAMCS ED 2016-2022 adults, any diagnosis, n=88"
K59,Other functional intestinal disorders,3,nhamcs,0.038,0.004,0.0000,453,"nhamcs rule; NHAMCS ED 2016-2022 adults, primary diagnosis, n=453"
K60,Fissure and fistula of anal and rectal regions,1,nhamcs,0.157,0.076,0.0000,34,"nhamcs rule; NHAMCS ED 2016-2022 adults, any diagnosis, n=34"
K61,Abscess of anal and rectal regions,2,nhamcs,0.243,0.009,0.0000,58,"nhamcs rule; NHAMCS ED 2016-2022 adults, primary diagnosis, n=58"
K61.1,Rectal abscess,1,nhamcs,0.385,0.052,0.0000,36,"nhamcs rule; NHAMCS ED 2016-2022 adults, any diagnosis, n=36"
K62,Other diseases of anus and rectum,2,nhamcs,0.211,0.016,0.0000,218,"nhamcs rule; NHAMCS ED 2016-2022 adults, primary diagnosis, n=218"
K63,Other diseases of intestine,1,nhamcs,0.639,0.023,0.0000,34,"nhamcs rule; NHAMCS ED 2016-2022 adults, primary diagnosis, n=34"
K64,Hemorrhoids and perianal venous thrombosis,3,nhamcs,0.031,0.000,0.0000,138,"nhamcs rule; NHAMCS ED 2016-2022 adults, primary diagnosis, n=138"
K65,Peritonitis,1,override,0.689,0.126,0.0000,60,"override: AHRQ 2022 ED top-15: GI perforation and rupture (intestinal perforation K63.1, ulcers with perforation, perforated appendicitis K35.2-3, diverticulitis with perforation and abscess K57.x0, peritonitis K65) [GI perforation and rupture]; NHAMCS ED 2016-2022 adults, any diagnosis, n=60"
K66,Other disorders of peritoneum,1,nhamcs,0.700,0.084,0.0116,36,"nhamcs rule; NHAMCS ED 2016-2022 adults, any diagnosis, n=36"
K67,Disorders of peritoneum in infectious diseases classified elsewhere,unscored,unscored,,,,0,"unscored: NHAMCS ED 2016-2022 adults, n=0 (under 30)"
K68,Disorders of retroperitoneum,unscored,unscored,,,,4,"unscored: NHAMCS ED 2016-2022 adults, n=4 (under 30)"
K70,Alcoholic liver disease,1,nhamcs,0.552,0.104,0.0000,45,"nhamcs rule; NHAMCS ED 2016-2022 adults, primary diagnosis, n=45"
K71,Toxic liver disease,unscored,unscored,,,,1,"unscored: NHAMCS ED 2016-2022 adults, n=1 (under 30)"
K72,"Hepatic failure, not elsewhere classified",1,nhamcs,0.769,0.272,0.0059,36,"nhamcs rule; NHAMCS ED 2016-2022 adults, primary diagnosis, n=36"
K73,"Chronic hepatitis, not elsewhere classified",unscored,unscored,,,,10,"unscored: NHAMCS ED 2016-2022 adults, n=10 (under 30)"
K74,Fibrosis and cirrhosis of liver,2,nhamcs,0.258,0.031,0.0219,32,"nhamcs rule; NHAMCS ED 2016-2022 adults, primary diagnosis, n=32"
K74.6,Other and unspecified cirrhosis of liver,1,nhamcs,0.413,0.052,0.0053,121,"nhamcs rule; NHAMCS ED 2016-2022 adults, any diagnosis, n=121"
K75,Other inflammatory liver diseases,1,nhamcs,0.511,0.051,0.0000,34,"nhamcs rule; NHAMCS ED 2016-2022 adults, any diagnosis, n=34"
K76,Other diseases of liver,1,nhamcs,0.331,0.064,0.0068,189,"nhamcs rule; NHAMCS ED 2016-2022 adults, any diagnosis, n=189"
K76.0,"Fatty (change of) liver, not elsewhere classified",2,nhamcs,0.162,0.050,0.0126,101,"nhamcs rule; NHAMCS ED 2016-2022 adults, any diagnosis, n=101"
K76.8,Other specified diseases of liver,2,nhamcs,0.499,0.000,0.0000,37,"nhamcs rule; NHAMCS ED 2016-2022 adults, any diagnosis, n=37"
K80,Cholelithiasis,2,nhamcs,0.294,0.035,0.0000,311,"nhamcs rule; NHAMCS ED 2016-2022 adults, primary diagnosis, n=311"
K81,Cholecystitis,1,nhamcs,0.854,0.041,0.0000,95,"nhamcs rule; NHAMCS ED 2016-2022 adults, primary diagnosis, n=95"
K82,Other diseases of gallbladder,1,nhamcs,0.541,0.000,0.0000,46,"nhamcs rule; NHAMCS ED 2016-2022 adults, any diagnosis, n=46"
K83,Other diseases of biliary tract,1,nhamcs,0.577,0.064,0.0912,54,"nhamcs rule; NHAMCS ED 2016-2022 adults, any diagnosis, n=54"
K85,Acute pancreatitis,1,nhamcs,0.621,0.050,0.0000,232,"nhamcs rule; NHAMCS ED 2016-2022 adults, primary diagnosis, n=232"
K86,Other diseases of pancreas,2,nhamcs,0.201,0.017,0.0000,47,"nhamcs rule; NHAMCS ED 2016-2022 adults, primary diagnosis, n=47"
K86.1,Other chronic pancreatitis,1,nhamcs,0.159,0.054,0.0000,59,"nhamcs rule; NHAMCS ED 2016-2022 adults, any diagnosis, n=59"
K87,"Disorders of gallbladder, biliary tract and pancreas in diseases classified elsewhere",unscored,unscored,,,,1,"unscored: NHAMCS ED 2016-2022 adults, n=1 (under 30)"
K90,Intestinal malabsorption,unscored,unscored,,,,12,"unscored: NHAMCS ED 2016-2022 adults, n=12 (under 30)"
K91,"Intraoperative and postprocedural complications and disorders of digestive system, not elsewhere classified",2,nhamcs,0.281,0.020,0.0000,37,"nhamcs rule; NHAMCS ED 2016-2022 adults, primary diagnosis, n=37"
K92,Other diseases of digestive system,1,nhamcs,0.638,0.096,0.0000,386,"nhamcs rule; NHAMCS ED 2016-2022 adults, primary diagnosis, n=386"
K92.1,Melena,2,nhamcs,0.341,0.045,0.0000,60,"nhamcs rule; NHAMCS ED 2016-2022 adults, primary diagnosis, n=60"
K94,Complications of artificial openings of the digestive system,2,nhamcs,0.126,0.000,0.0000,67,"nhamcs rule; NHAMCS ED 2016-2022 adults, primary diagnosis, n=67"
K95,Complications of bariatric procedures,unscored,unscored,,,,5,"unscored: NHAMCS ED 2016-2022 adults, n=5 (under 30)"
L01,Impetigo,3,nhamcs,0.048,0.000,0.0000,30,"nhamcs rule; NHAMCS ED 2016-2022 adults, primary diagnosis, n=30"
L02,"Cutaneous abscess, furuncle and carbuncle",2,nhamcs,0.069,0.002,0.0000,758,"nhamcs rule; NHAMCS ED 2016-2022 adults, primary diagnosis, n=758"
L02.0,"Cutaneous abscess, furuncle and carbuncle of face",3,nhamcs,0.037,0.000,0.0000,53,"nhamcs rule; NHAMCS ED 2016-2022 adults, primary diagnosis, n=53"
L02.3,"Cutaneous abscess, furuncle and carbuncle of buttock",3,nhamcs,0.034,0.000,0.0000,68,"nhamcs rule; NHAMCS ED 2016-2022 adults, primary diagnosis, n=68"
L02.9,"Cutaneous abscess, furuncle and carbuncle, unspecified",3,nhamcs,0.046,0.000,0.0000,167,"nhamcs rule; NHAMCS ED 2016-2022 adults, primary diagnosis, n=167"
L03,Cellulitis and acute lymphangitis,2,nhamcs,0.220,0.013,0.0000,1331,"nhamcs rule; NHAMCS ED 2016-2022 adults, primary diagnosis, n=1331"
L04,Acute lymphadenitis,unscored,unscored,,,,22,"unscored: NHAMCS ED 2016-2022 adults, n=22 (under 30)"
L05,Pilonidal cyst and sinus,2,nhamcs,0.072,0.000,0.0000,62,"nhamcs rule; NHAMCS ED 2016-2022 adults, primary diagnosis, n=62"
L08,Other local infections of skin and subcutaneous tissue,2,nhamcs,0.257,0.024,0.0000,99,"nhamcs rule; NHAMCS ED 2016-2022 adults, primary diagnosis, n=99"
L13,Other bullous disorders,unscored,unscored,,,,4,"unscored: NHAMCS ED 2016-2022 adults, n=4 (under 30)"
L20,Atopic dermatitis,unscored,unscored,,,,18,"unscored: NHAMCS ED 2016-2022 adults, n=18 (under 30)"
L21,Seborrheic dermatitis,unscored,unscored,,,,7,"unscored: NHAMCS ED 2016-2022 adults, n=7 (under 30)"
L23,Allergic contact dermatitis,3,nhamcs,0.000,0.000,0.0000,53,"nhamcs rule; NHAMCS ED 2016-2022 adults, primary diagnosis, n=53"
L24,Irritant contact dermatitis,unscored,unscored,,,,16,"unscored: NHAMCS ED 2016-2022 adults, n=16 (under 30)"
L25,Unspecified contact dermatitis,3,nhamcs,0.000,0.000,0.0000,82,"nhamcs rule; NHAMCS ED 2016-2022 adults, primary diagnosis, n=82"
L27,Dermatitis due to substances taken internally,unscored,unscored,,,,20,"unscored: NHAMCS ED 2016-2022 adults, n=20 (under 30)"
L28,Lichen simplex chronicus and prurigo,unscored,unscored,,,,3,"unscored: NHAMCS ED 2016-2022 adults, n=3 (under 30)"
L29,Pruritus,3,nhamcs,0.000,0.000,0.0000,68,"nhamcs rule; NHAMCS ED 2016-2022 adults, primary diagnosis, n=68"
L30,Other and unspecified dermatitis,3,nhamcs,0.000,0.000,0.0000,94,"nhamcs rule; NHAMCS ED 2016-2022 adults, primary diagnosis, n=94"
L40,Psoriasis,2,nhamcs,0.077,0.000,0.0000,46,"nhamcs rule; NHAMCS ED 2016-2022 adults, any diagnosis, n=46"
L41,Parapsoriasis,unscored,unscored,,,,0,"unscored: NHAMCS ED 2016-2022 adults, n=0 (under 30)"
L42,Pityriasis rosea,unscored,unscored,,,,7,"unscored: NHAMCS ED 2016-2022 adults, n=7 (under 30)"
L43,Lichen planus,unscored,unscored,,,,0,"unscored: NHAMCS ED 2016-2022 adults, n=0 (under 30)"
L44,Other papulosquamous disorders,unscored,unscored,,,,0,"unscored: NHAMCS ED 2016-2022 adults, n=0 (under 30)"
L48,not an ICD-10-CM FY2026 code,unscored,unscored,,,,0,"unscored: NHAMCS ED 2016-2022 adults, n=0 (under 30)"
L50,Urticaria,3,nhamcs,0.000,0.000,0.0000,153,"nhamcs rule; NHAMCS ED 2016-2022 adults, primary diagnosis, n=153"
L51,Erythema multiforme,unscored,unscored,,,,0,"unscored: NHAMCS ED 2016-2022 adults, n=0 (under 30)"
L53,Other erythematous conditions,2,nhamcs,0.151,0.000,0.0000,38,"nhamcs rule; NHAMCS ED 2016-2022 adults, any diagnosis, n=38"
L55,Sunburn,unscored,unscored,,,,14,"unscored: NHAMCS ED 2016-2022 adults, n=14 (under 30)"
L56,Other acute skin changes due to ultraviolet radiation,unscored,unscored,,,,2,"unscored: NHAMCS ED 2016-2022 adults, n=2 (under 30)"
L57,Skin changes due to chronic exposure to nonionizing radiation,unscored,unscored,,,,2,"unscored: NHAMCS ED 2016-2022 adults, n=2 (under 30)"
L58,Radiodermatitis,unscored,unscored,,,,1,"unscored: NHAMCS ED 2016-2022 adults, n=1 (under 30)"
L59,Other disorders of skin and subcutaneous tissue related to radiation,unscored,unscored,,,,0,"unscored: NHAMCS ED 2016-2022 adults, n=0 (under 30)"
L60,Nail disorders,3,nhamcs,0.000,0.000,0.0000,36,"nhamcs rule; NHAMCS ED 2016-2022 adults, primary diagnosis, n=36"
L64,Androgenic alopecia,unscored,unscored,,,,1,"unscored: NHAMCS ED 2016-2022 adults, n=1 (under 30)"
L65,Other nonscarring hair loss,unscored,unscored,,,,5,"unscored: NHAMCS ED 2016-2022 adults, n=5 (under 30)"
L68,Hypertrichosis,unscored,unscored,,,,1,"unscored: NHAMCS ED 2016-2022 adults, n=1 (under 30)"
L70,Acne,unscored,unscored,,,,13,"unscored: NHAMCS ED 2016-2022 adults, n=13 (under 30)"
L71,Rosacea,unscored,unscored,,,,2,"unscored: NHAMCS ED 2016-2022 adults, n=2 (under 30)"
L72,Follicular cysts of skin and subcutaneous tissue,3,nhamcs,0.000,0.000,0.0000,47,"nhamcs rule; NHAMCS ED 2016-2022 adults, primary diagnosis, n=47"
L73,Other follicular disorders,3,nhamcs,0.046,0.000,0.0000,73,"nhamcs rule; NHAMCS ED 2016-2022 adults, primary diagnosis, n=73"
L73.2,Hidradenitis suppurativa,2,nhamcs,0.131,0.000,0.0000,36,"nhamcs rule; NHAMCS ED 2016-2022 adults, any diagnosis, n=36"
L74,Eccrine sweat disorders,unscored,unscored,,,,5,"unscored: NHAMCS ED 2016-2022 adults, n=5 (under 30)"
L76,Intraoperative and postprocedural complications of skin and subcutaneous tissue,2,nhamcs,0.180,0.000,0.0000,41,"nhamcs rule; NHAMCS ED 2016-2022 adults, primary diagnosis, n=41"
L80,Vitiligo,unscored,unscored,,,,0,"unscored: NHAMCS ED 2016-2022 adults, n=0 (under 30)"
L81,Other disorders of pigmentation,unscored,unscored,,,,10,"unscored: NHAMCS ED 2016-2022 adults, n=10 (under 30)"
L82,Seborrheic keratosis,unscored,unscored,,,,0,"unscored: NHAMCS ED 2016-2022 adults, n=0 (under 30)"
L83,Acanthosis nigricans,unscored,unscored,,,,1,"unscored: NHAMCS ED 2016-2022 adults, n=1 (under 30)"
L84,Corns and callosities,unscored,unscored,,,,15,"unscored: NHAMCS ED 2016-2022 adults, n=15 (under 30)"
L85,Other epidermal thickening,unscored,unscored,,,,3,"unscored: NHAMCS ED 2016-2022 adults, n=3 (under 30)"
L89,Pressure ulcer,2,nhamcs,0.483,0.024,0.0042,84,"nhamcs rule; NHAMCS ED 2016-2022 adults, any diagnosis, n=84"
L89.1,Pressure ulcer of back,1,nhamcs,0.515,0.016,0.0101,32,"nhamcs rule; NHAMCS ED 2016-2022 adults, any diagnosis, n=32"
L90,Atrophic disorders of skin,unscored,unscored,,,,3,"unscored: NHAMCS ED 2016-2022 adults, n=3 (under 30)"
L91,Hypertrophic disorders of skin,unscored,unscored,,,,6,"unscored: NHAMCS ED 2016-2022 adults, n=6 (under 30)"
L92,Granulomatous disorders of skin and subcutaneous tissue,unscored,unscored,,,,3,"unscored: NHAMCS ED 2016-2022 adults, n=3 (under 30)"
L93,Lupus erythematosus,unscored,unscored,,,,12,"unscored: NHAMCS ED 2016-2022 adults, n=12 (under 30)"
L94,Other localized connective tissue disorders,unscored,unscored,,,,3,"unscored: NHAMCS ED 2016-2022 adults, n=3 (under 30)"
L95,"Vasculitis limited to skin, not elsewhere classified",unscored,unscored,,,,0,"unscored: NHAMCS ED 2016-2022 adults, n=0 (under 30)"
L97,"Non-pressure chronic ulcer of lower limb, not elsewhere classified",3,nhamcs,0.045,0.000,0.0000,45,"nhamcs rule; NHAMCS ED 2016-2022 adults, primary diagnosis, n=45"
L97.5,Non-pressure chronic ulcer of other part of foot,2,nhamcs,0.207,0.026,0.0000,50,"nhamcs rule; NHAMCS ED 2016-2022 adults, any diagnosis, n=50"
L97.9,Non-pressure chronic ulcer of unspecified part of lower leg,1,nhamcs,0.350,0.062,0.0000,34,"nhamcs rule; NHAMCS ED 2016-2022 adults, any diagnosis, n=34"
L98,"Other disorders of skin and subcutaneous tissue, not elsewhere classified",3,nhamcs,0.023,0.000,0.0000,58,"nhamcs rule; NHAMCS ED 2016-2022 adults, primary diagnosis, n=58"
M00,Pyogenic arthritis,unscored,unscored,,,,29,"unscored: NHAMCS ED 2016-2022 adults, n=29 (under 30)"
M02,Postinfective and reactive arthropathies,unscored,unscored,,,,3,"unscored: NHAMCS ED 2016-2022 adults, n=3 (under 30)"
M05,Rheumatoid arthritis with rheumatoid factor,unscored,unscored,,,,6,"unscored: NHAMCS ED 2016-2022 adults, n=6 (under 30)"
M06,Other rheumatoid arthritis,2,nhamcs,0.203,0.026,0.0000,113,"nhamcs rule; NHAMCS ED 2016-2022 adults, any diagnosis, n=113"
M08,Juvenile arthritis,unscored,unscored,,,,2,"unscored: NHAMCS ED 2016-2022 adults, n=2 (under 30)"
M10,Gout,3,nhamcs,0.026,0.000,0.0000,186,"nhamcs rule; NHAMCS ED 2016-2022 adults, primary diagnosis, n=186"
M10.0,Idiopathic gout,2,nhamcs,0.106,0.000,0.0000,34,"nhamcs rule; NHAMCS ED 2016-2022 adults, any diagnosis, n=34"
M11,Other crystal arthropathies,unscored,unscored,,,,7,"unscored: NHAMCS ED 2016-2022 adults, n=7 (under 30)"
M12,Other and unspecified arthropathy,unscored,unscored,,,,8,"unscored: NHAMCS ED 2016-2022 adults, n=8 (under 30)"
M13,Other arthritis,unscored,unscored,,,,25,"unscored: NHAMCS ED 2016-2022 adults, n=25 (under 30)"
M14,Arthropathies in other diseases classified elsewhere,unscored,unscored,,,,0,"unscored: NHAMCS ED 2016-2022 adults, n=0 (under 30)"
M15,Polyosteoarthritis,unscored,unscored,,,,8,"unscored: NHAMCS ED 2016-2022 adults, n=8 (under 30)"
M16,Osteoarthritis of hip,2,nhamcs,0.099,0.000,0.0000,46,"nhamcs rule; NHAMCS ED 2016-2022 adults, any diagnosis, n=46"
M17,Osteoarthritis of knee,3,nhamcs,0.008,0.000,0.0000,66,"nhamcs rule; NHAMCS ED 2016-2022 adults, primary diagnosis, n=66"
M18,Osteoarthritis of first carpometacarpal joint,unscored,unscored,,,,3,"unscored: NHAMCS ED 2016-2022 adults, n=3 (under 30)"
M19,Other and unspecified osteoarthritis,3,nhamcs,0.017,0.000,0.0000,109,"nhamcs rule; NHAMCS ED 2016-2022 adults, primary diagnosis, n=109"
M20,Acquired deformities of fingers and toes,unscored,unscored,,,,14,"unscored: NHAMCS ED 2016-2022 adults, n=14 (under 30)"
M21,Other acquired deformities of limbs,unscored,unscored,,,,21,"unscored: NHAMCS ED 2016-2022 adults, n=21 (under 30)"
M22,Disorder of patella,unscored,unscored,,,,4,"unscored: NHAMCS ED 2016-2022 adults, n=4 (under 30)"
M23,Internal derangement of knee,3,nhamcs,0.000,0.000,0.0000,34,"nhamcs rule; NHAMCS ED 2016-2022 adults, any diagnosis, n=34"
M24,Other specific joint derangements,unscored,unscored,,,,22,"unscored: NHAMCS ED 2016-2022 adults, n=22 (under 30)"
M25,"Other joint disorder, not elsewhere classified",3,nhamcs,0.017,0.000,0.0000,1895,"nhamcs rule; NHAMCS ED 2016-2022 adults, primary diagnosis, n=1895"
M26,Dentofacial anomalies [including malocclusion],3,nhamcs,0.000,0.000,0.0000,41,"nhamcs rule; NHAMCS ED 2016-2022 adults, any diagnosis, n=41"
M27,Other diseases of jaws,unscored,unscored,,,,21,"unscored: NHAMCS ED 2016-2022 adults, n=21 (under 30)"
M31,Other necrotizing vasculopathies,unscored,unscored,,,,1,"unscored: NHAMCS ED 2016-2022 adults, n=1 (under 30)"
M32,Systemic lupus erythematosus (SLE),2,nhamcs,0.143,0.050,0.0000,96,"DDXPlus map first (SLE); nhamcs rule; NHAMCS ED 2016-2022 adults, any diagnosis, n=96"
M33,Dermatopolymyositis,unscored,unscored,,,,0,"unscored: NHAMCS ED 2016-2022 adults, n=0 (under 30)"
M34,Systemic sclerosis [scleroderma],unscored,unscored,,,,0,"unscored: NHAMCS ED 2016-2022 adults, n=0 (under 30)"
M35,Other systemic involvement of connective tissue,2,nhamcs,0.210,0.012,0.0000,36,"DDXPlus map first (SLE); nhamcs rule; NHAMCS ED 2016-2022 adults, any diagnosis, n=36"
M36,Systemic disorders of connective tissue in diseases classified elsewhere,unscored,unscored,,,,0,"unscored: NHAMCS ED 2016-2022 adults, n=0 (under 30)"
M40,Kyphosis and lordosis,unscored,unscored,,,,6,"unscored: NHAMCS ED 2016-2022 adults, n=6 (under 30)"
M41,Scoliosis,2,nhamcs,0.067,0.000,0.0000,50,"nhamcs rule; NHAMCS ED 2016-2022 adults, any diagnosis, n=50"
M43,Other deforming dorsopathies,3,nhamcs,0.028,0.000,0.0000,41,"nhamcs rule; NHAMCS ED 2016-2022 adults, primary diagnosis, n=41"
M44,not an ICD-10-CM FY2026 code,unscored,unscored,,,,0,"unscored: NHAMCS ED 2016-2022 adults, n=0 (under 30)"
M45,Ankylosing spondylitis,unscored,unscored,,,,0,"unscored: NHAMCS ED 2016-2022 adults, n=0 (under 30)"
M46,Other inflammatory spondylopathies,unscored,unscored,,,,15,"unscored: NHAMCS ED 2016-2022 adults, n=15 (under 30)"
M47,Spondylosis,3,nhamcs,0.035,0.000,0.0000,53,"nhamcs rule; NHAMCS ED 2016-2022 adults, any diagnosis, n=53"
M48,Other spondylopathies,2,nhamcs,0.355,0.040,0.0000,50,"nhamcs rule; NHAMCS ED 2016-2022 adults, primary diagnosis, n=50"
M49,Spondylopathies in diseases classified elsewhere,unscored,unscored,,,,0,"unscored: NHAMCS ED 2016-2022 adults, n=0 (under 30)"
M50,Cervical disc disorders,2,nhamcs,0.192,0.000,0.0000,58,"nhamcs rule; NHAMCS ED 2016-2022 adults, any diagnosis, n=58"
M51,"Thoracic, thoracolumbar, and lumbosacral intervertebral disc disorders",2,nhamcs,0.052,0.000,0.0000,60,"nhamcs rule; NHAMCS ED 2016-2022 adults, primary diagnosis, n=60"
M51.3,"Other thoracic, thoracolumbar and lumbosacral intervertebral disc degeneration",3,nhamcs,0.048,0.000,0.0000,68,"nhamcs rule; NHAMCS ED 2016-2022 adults, any diagnosis, n=68"
M52,not an ICD-10-CM FY2026 code,unscored,unscored,,,,0,"unscored: NHAMCS ED 2016-2022 adults, n=0 (under 30)"
M53,"Other and unspecified dorsopathies, not elsewhere classified",3,nhamcs,0.015,0.000,0.0000,55,"nhamcs rule; NHAMCS ED 2016-2022 adults, any diagnosis, n=55"
M54,Dorsalgia,3,nhamcs,0.028,0.001,0.0000,2976,"nhamcs rule; NHAMCS ED 2016-2022 adults, primary diagnosis, n=2976"
M56,not an ICD-10-CM FY2026 code,unscored,unscored,,,,0,"unscored: NHAMCS ED 2016-2022 adults, n=0 (under 30)"
M60,Myositis,unscored,unscored,,,,15,"unscored: NHAMCS ED 2016-2022 adults, n=15 (under 30)"
M61,Calcification and ossification of muscle,unscored,unscored,,,,2,"unscored: NHAMCS ED 2016-2022 adults, n=2 (under 30)"
M62,Other disorders of muscle,2,nhamcs,0.075,0.014,0.0000,320,"nhamcs rule; NHAMCS ED 2016-2022 adults, primary diagnosis, n=320"
M63,Disorders of muscle in diseases classified elsewhere,unscored,unscored,,,,2,"unscored: NHAMCS ED 2016-2022 adults, n=2 (under 30)"
M65,Synovitis and tenosynovitis,2,nhamcs,0.096,0.000,0.0000,32,"nhamcs rule; NHAMCS ED 2016-2022 adults, primary diagnosis, n=32"
M67,Other disorders of synovium and tendon,unscored,unscored,,,,29,"unscored: NHAMCS ED 2016-2022 adults, n=29 (under 30)"
M70,"Soft tissue disorders related to use, overuse and pressure",3,nhamcs,0.011,0.000,0.0000,59,"nhamcs rule; NHAMCS ED 2016-2022 adults, primary diagnosis, n=59"
M71,Other bursopathies,2,nhamcs,0.142,0.000,0.0000,35,"nhamcs rule; NHAMCS ED 2016-2022 adults, primary diagnosis, n=35"
M71.2,Synovial cyst of popliteal space [Baker],3,nhamcs,0.000,0.000,0.0000,37,"nhamcs rule; NHAMCS ED 2016-2022 adults, any diagnosis, n=37"
M72,Fibroblastic disorders,3,nhamcs,0.018,0.000,0.0000,43,"nhamcs rule; NHAMCS ED 2016-2022 adults, any diagnosis, n=43"
M75,Shoulder lesions,3,nhamcs,0.020,0.000,0.0000,40,"nhamcs rule; NHAMCS ED 2016-2022 adults, primary diagnosis, n=40"
M76,"Enthesopathies, lower limb, excluding foot",3,nhamcs,0.000,0.000,0.0000,38,"nhamcs rule; NHAMCS ED 2016-2022 adults, any diagnosis, n=38"
M77,Other enthesopathies,3,nhamcs,0.004,0.000,0.0000,69,"nhamcs rule; NHAMCS ED 2016-2022 adults, primary diagnosis, n=69"
M77.9,"Enthesopathy, unspecified",2,nhamcs,0.101,0.000,0.0000,37,"nhamcs rule; NHAMCS ED 2016-2022 adults, any diagnosis, n=37"
M79,"Other and unspecified soft tissue disorders, not elsewhere classified",3,nhamcs,0.038,0.002,0.0000,1604,"nhamcs rule; NHAMCS ED 2016-2022 adults, primary diagnosis, n=1604"
M79.7,Fibromyalgia,2,nhamcs,0.087,0.024,0.0000,142,"nhamcs rule; NHAMCS ED 2016-2022 adults, any diagnosis, n=142"
M79.8,Other specified soft tissue disorders,2,nhamcs,0.071,0.006,0.0000,126,"nhamcs rule; NHAMCS ED 2016-2022 adults, primary diagnosis, n=126"
M80,Osteoporosis with current pathological fracture,unscored,unscored,,,,8,"DDXPlus map first (Spontaneous rib fracture); unscored: NHAMCS ED 2016-2022 adults, n=8 (under 30)"
M81,Osteoporosis without current pathological fracture,2,nhamcs,0.247,0.042,0.0000,83,"nhamcs rule; NHAMCS ED 2016-2022 adults, any diagnosis, n=83"
M84,Disorder of continuity of bone,unscored,unscored,,,,26,"DDXPlus map first (Spontaneous rib fracture); unscored: NHAMCS ED 2016-2022 adults, n=26 (under 30)"
M85,Other disorders of bone density and structure,unscored,unscored,,,,20,"unscored: NHAMCS ED 2016-2022 adults, n=20 (under 30)"
M86,Osteomyelitis,1,nhamcs,0.864,0.052,0.0000,39,"nhamcs rule; NHAMCS ED 2016-2022 adults, primary diagnosis, n=39"
M87,Osteonecrosis,unscored,unscored,,,,1,"unscored: NHAMCS ED 2016-2022 adults, n=1 (under 30)"
M89,Other disorders of bone,2,nhamcs,0.304,0.036,0.0000,58,"nhamcs rule; NHAMCS ED 2016-2022 adults, any diagnosis, n=58"
M90,Osteopathies in diseases classified elsewhere,unscored,unscored,,,,0,"unscored: NHAMCS ED 2016-2022 adults, n=0 (under 30)"
M92,Other juvenile osteochondrosis,unscored,unscored,,,,1,"unscored: NHAMCS ED 2016-2022 adults, n=1 (under 30)"
M93,Other osteochondropathies,unscored,unscored,,,,0,"unscored: NHAMCS ED 2016-2022 adults, n=0 (under 30)"
M94,Other disorders of cartilage,3,nhamcs,0.000,0.000,0.0000,82,"nhamcs rule; NHAMCS ED 2016-2022 adults, primary diagnosis, n=82"
M95,Other acquired deformities of musculoskeletal system and connective tissue,unscored,unscored,,,,5,"unscored: NHAMCS ED 2016-2022 adults, n=5 (under 30)"
M96,"Intraoperative and postprocedural complications and disorders of musculoskeletal system, not elsewhere classified",unscored,unscored,,,,14,"unscored: NHAMCS ED 2016-2022 adults, n=14 (under 30)"
M97,Periprosthetic fracture around internal prosthetic joint,unscored,unscored,,,,3,"unscored: NHAMCS ED 2016-2022 adults, n=3 (under 30)"
M99,"Biomechanical lesions, not elsewhere classified",unscored,unscored,,,,8,"unscored: NHAMCS ED 2016-2022 adults, n=8 (under 30)"
N02,Recurrent and persistent hematuria,unscored,unscored,,,,5,"unscored: NHAMCS ED 2016-2022 adults, n=5 (under 30)"
N04,Nephrotic syndrome,unscored,unscored,,,,4,"unscored: NHAMCS ED 2016-2022 adults, n=4 (under 30)"
N05,Unspecified nephritic syndrome,unscored,unscored,,,,5,"unscored: NHAMCS ED 2016-2022 adults, n=5 (under 30)"
N10,Acute pyelonephritis,2,nhamcs,0.222,0.002,0.0000,59,"nhamcs rule; NHAMCS ED 2016-2022 adults, primary diagnosis, n=59"
N12,"Tubulo-interstitial nephritis, not specified as acute or chronic",2,nhamcs,0.235,0.012,0.0000,97,"nhamcs rule; NHAMCS ED 2016-2022 adults, primary diagnosis, n=97"
N13,Obstructive and reflux uropathy,2,nhamcs,0.243,0.033,0.0000,119,"nhamcs rule; NHAMCS ED 2016-2022 adults, primary diagnosis, n=119"
N14,Drug- and heavy-metal-induced tubulo-interstitial and tubular conditions,unscored,unscored,,,,2,"unscored: NHAMCS ED 2016-2022 adults, n=2 (under 30)"
N15,Other renal tubulo-interstitial diseases,2,nhamcs,0.207,0.018,0.0000,158,"nhamcs rule; NHAMCS ED 2016-2022 adults, primary diagnosis, n=158"
N16,Renal tubulo-interstitial disorders in diseases classified elsewhere,unscored,unscored,,,,2,"unscored: NHAMCS ED 2016-2022 adults, n=2 (under 30)"
N17,Acute kidney failure,1,nhamcs,0.799,0.185,0.0000,301,"nhamcs rule; NHAMCS ED 2016-2022 adults, primary diagnosis, n=301"
N18,Chronic kidney disease (CKD),2,nhamcs,0.406,0.040,0.0000,160,"nhamcs rule; NHAMCS ED 2016-2022 adults, primary diagnosis, n=160"
N18.3,"Chronic kidney disease, stage 3 (moderate)",1,nhamcs,0.449,0.062,0.0000,155,"nhamcs rule; NHAMCS ED 2016-2022 adults, any diagnosis, n=155"
N18.4,"Chronic kidney disease, stage 4 (severe)",1,nhamcs,0.581,0.153,0.0107,71,"nhamcs rule; NHAMCS ED 2016-2022 adults, any diagnosis, n=71"
N18.9,"Chronic kidney disease, unspecified",1,nhamcs,0.526,0.095,0.0000,51,"nhamcs rule; NHAMCS ED 2016-2022 adults, primary diagnosis, n=51"
N19,Unspecified kidney failure,1,nhamcs,0.614,0.106,0.0000,85,"nhamcs rule; NHAMCS ED 2016-2022 adults, any diagnosis, n=85"
N20,Calculus of kidney and ureter,2,nhamcs,0.085,0.004,0.0000,712,"nhamcs rule; NHAMCS ED 2016-2022 adults, primary diagnosis, n=712"
N21,Calculus of lower urinary tract,unscored,unscored,,,,25,"unscored: NHAMCS ED 2016-2022 adults, n=25 (under 30)"
N23,Unspecified renal colic,2,nhamcs,0.171,0.000,0.0000,147,"nhamcs rule; NHAMCS ED 2016-2022 adults, primary diagnosis, n=147"
N25,Disorders resulting from impaired renal tubular function,unscored,unscored,,,,2,"unscored: NHAMCS ED 2016-2022 adults, n=2 (under 30)"
N26,Unspecified contracted kidney,unscored,unscored,,,,2,"unscored: NHAMCS ED 2016-2022 adults, n=2 (under 30)"
N28,"Other disorders of kidney and ureter, not elsewhere classified",1,nhamcs,0.413,0.069,0.0000,42,"nhamcs rule; NHAMCS ED 2016-2022 adults, primary diagnosis, n=42"
N28.1,"Cyst of kidney, acquired",2,nhamcs,0.054,0.000,0.0000,34,"nhamcs rule; NHAMCS ED 2016-2022 adults, any diagnosis, n=34"
N29,Other disorders of kidney and ureter in diseases classified elsewhere,unscored,unscored,,,,1,"unscored: NHAMCS ED 2016-2022 adults, n=1 (under 30)"
N30,Cystitis,2,nhamcs,0.068,0.004,0.0000,473,"nhamcs rule; NHAMCS ED 2016-2022 adults, primary diagnosis, n=473"
N31,"Neuromuscular dysfunction of bladder, not elsewhere classified",unscored,unscored,,,,22,"unscored: NHAMCS ED 2016-2022 adults, n=22 (under 30)"
N32,Other disorders of bladder,2,nhamcs,0.321,0.009,0.0000,43,"nhamcs rule; NHAMCS ED 2016-2022 adults, any diagnosis, n=43"
N34,Urethritis and urethral syndrome,3,nhamcs,0.000,0.000,0.0000,62,"nhamcs rule; NHAMCS ED 2016-2022 adults, primary diagnosis, n=62"
N35,Urethral stricture,unscored,unscored,,,,5,"unscored: NHAMCS ED 2016-2022 adults, n=5 (under 30)"
N36,Other disorders of urethra,unscored,unscored,,,,5,"unscored: NHAMCS ED 2016-2022 adults, n=5 (under 30)"
N39,Other disorders of urinary system,2,nhamcs,0.132,0.012,0.0000,1454,"nhamcs rule; NHAMCS ED 2016-2022 adults, primary diagnosis, n=1454"
N40,Benign prostatic hyperplasia,2,nhamcs,0.195,0.000,0.0000,37,"nhamcs rule; NHAMCS ED 2016-2022 adults, primary diagnosis, n=37"
N41,Inflammatory diseases of prostate,1,nhamcs,0.178,0.068,0.0000,31,"nhamcs rule; NHAMCS ED 2016-2022 adults, any diagnosis, n=31"
N42,Other and unspecified disorders of prostate,unscored,unscored,,,,4,"unscored: NHAMCS ED 2016-2022 adults, n=4 (under 30)"
N43,Hydrocele and spermatocele,2,nhamcs,0.103,0.000,0.0000,40,"nhamcs rule; NHAMCS ED 2016-2022 adults, any diagnosis, n=40"
N44,Noninflammatory disorders of testis,unscored,unscored,,,,11,"unscored: NHAMCS ED 2016-2022 adults, n=11 (under 30)"
N45,Orchitis and epididymitis,3,nhamcs,0.038,0.000,0.0000,66,"nhamcs rule; NHAMCS ED 2016-2022 adults, primary diagnosis, n=66"
N47,Disorders of prepuce,unscored,unscored,,,,12,"unscored: NHAMCS ED 2016-2022 adults, n=12 (under 30)"
N48,Other disorders of penis,2,nhamcs,0.062,0.000,0.0000,59,"nhamcs rule; NHAMCS ED 2016-2022 adults, primary diagnosis, n=59"
N49,"Inflammatory disorders of male genital organs, not elsewhere classified",unscored,unscored,,,,27,"unscored: NHAMCS ED 2016-2022 adults, n=27 (under 30)"
N50,Other and unspecified disorders of male genital organs,2,nhamcs,0.078,0.014,0.0000,123,"nhamcs rule; NHAMCS ED 2016-2022 adults, primary diagnosis, n=123"
N52,Male erectile dysfunction,unscored,unscored,,,,11,"unscored: NHAMCS ED 2016-2022 adults, n=11 (under 30)"
N53,Other male sexual dysfunction,unscored,unscored,,,,1,"unscored: NHAMCS ED 2016-2022 adults, n=1 (under 30)"
N60,Benign mammary dysplasia,unscored,unscored,,,,7,"unscored: NHAMCS ED 2016-2022 adults, n=7 (under 30)"
N61,Inflammatory disorders of breast,2,nhamcs,0.188,0.000,0.0000,56,"nhamcs rule; NHAMCS ED 2016-2022 adults, primary diagnosis, n=56"
N62,Hypertrophy of breast,unscored,unscored,,,,2,"unscored: NHAMCS ED 2016-2022 adults, n=2 (under 30)"
N63,Unspecified lump in breast,2,nhamcs,0.147,0.000,0.0000,36,"nhamcs rule; NHAMCS ED 2016-2022 adults, any diagnosis, n=36"
N64,Other disorders of breast,3,nhamcs,0.000,0.000,0.0000,44,"nhamcs rule; NHAMCS ED 2016-2022 adults, primary diagnosis, n=44"
N70,Salpingitis and oophoritis,unscored,unscored,,,,11,"unscored: NHAMCS ED 2016-2022 adults, n=11 (under 30)"
N71,"Inflammatory disease of uterus, except cervix",unscored,unscored,,,,6,"unscored: NHAMCS ED 2016-2022 adults, n=6 (under 30)"
N72,Inflammatory disease of cervix uteri,3,nhamcs,0.018,0.018,0.0000,42,"nhamcs rule; NHAMCS ED 2016-2022 adults, any diagnosis, n=42"
N73,Other female pelvic inflammatory diseases,2,nhamcs,0.059,0.000,0.0000,56,"nhamcs rule; NHAMCS ED 2016-2022 adults, primary diagnosis, n=56"
N74,Female pelvic inflammatory disorders in diseases classified elsewhere,unscored,unscored,,,,1,"unscored: NHAMCS ED 2016-2022 adults, n=1 (under 30)"
N75,Diseases of Bartholin's gland,3,nhamcs,0.042,0.000,0.0000,35,"nhamcs rule; NHAMCS ED 2016-2022 adults, any diagnosis, n=35"
N76,Other inflammation of vagina and vulva,3,nhamcs,0.034,0.000,0.0000,168,"nhamcs rule; NHAMCS ED 2016-2022 adults, primary diagnosis, n=168"
N77,Vulvovaginal ulceration and inflammation in diseases classified elsewhere,unscored,unscored,,,,3,"unscored: NHAMCS ED 2016-2022 adults, n=3 (under 30)"
N80,Endometriosis,2,nhamcs,0.070,0.000,0.0000,33,"nhamcs rule; NHAMCS ED 2016-2022 adults, any diagnosis, n=33"
N81,Female genital prolapse,unscored,unscored,,,,24,"unscored: NHAMCS ED 2016-2022 adults, n=24 (under 30)"
N83,"Noninflammatory disorders of ovary, fallopian tube and broad ligament",2,nhamcs,0.077,0.000,0.0000,190,"nhamcs rule; NHAMCS ED 2016-2022 adults, primary diagnosis, n=190"
N84,Polyp of female genital tract,unscored,unscored,,,,7,"unscored: NHAMCS ED 2016-2022 adults, n=7 (under 30)"
N85,"Other noninflammatory disorders of uterus, except cervix",unscored,unscored,,,,17,"unscored: NHAMCS ED 2016-2022 adults, n=17 (under 30)"
N87,Dysplasia of cervix uteri,unscored,unscored,,,,1,"unscored: NHAMCS ED 2016-2022 adults, n=1 (under 30)"
N88,Other noninflammatory disorders of cervix uteri,unscored,unscored,,,,4,"unscored: NHAMCS ED 2016-2022 adults, n=4 (under 30)"
N89,Other noninflammatory disorders of vagina,3,nhamcs,0.001,0.000,0.0000,76,"nhamcs rule; NHAMCS ED 2016-2022 adults, primary diagnosis, n=76"
N90,Other noninflammatory disorders of vulva and perineum,unscored,unscored,,,,4,"unscored: NHAMCS ED 2016-2022 adults, n=4 (under 30)"
N91,"Absent, scanty and rare menstruation",unscored,unscored,,,,13,"unscored: NHAMCS ED 2016-2022 adults, n=13 (under 30)"
N92,"Excessive, frequent and irregular menstruation",3,nhamcs,0.007,0.000,0.0000,65,"nhamcs rule; NHAMCS ED 2016-2022 adults, primary diagnosis, n=65"
N93,Other abnormal uterine and vaginal bleeding,3,nhamcs,0.039,0.000,0.0000,353,"nhamcs rule; NHAMCS ED 2016-2022 adults, primary diagnosis, n=353"
N94,Pain and other conditions associated with female genital organs and menstrual cycle,3,nhamcs,0.025,0.000,0.0000,68,"nhamcs rule; NHAMCS ED 2016-2022 adults, primary diagnosis, n=68"
N95,Menopausal and other perimenopausal disorders,unscored,unscored,,,,22,"unscored: NHAMCS ED 2016-2022 adults, n=22 (under 30)"
N98,Complications associated with artificial fertilization,unscored,unscored,,,,1,"unscored: NHAMCS ED 2016-2022 adults, n=1 (under 30)"
N99,"Intraoperative and postprocedural complications and disorders of genitourinary system, not elsewhere classified",unscored,unscored,,,,16,"unscored: NHAMCS ED 2016-2022 adults, n=16 (under 30)"
O00,Ectopic pregnancy,2,nhamcs,0.300,0.013,0.0000,52,"nhamcs rule; NHAMCS ED 2016-2022 adults, primary diagnosis, n=52"
O02,Other abnormal products of conception,2,nhamcs,0.136,0.021,0.0000,32,"nhamcs rule; NHAMCS ED 2016-2022 adults, any diagnosis, n=32"
O03,Spontaneous abortion,2,nhamcs,0.087,0.000,0.0000,144,"nhamcs rule; NHAMCS ED 2016-2022 adults, primary diagnosis, n=144"
O04,Complications following (induced) termination of pregnancy,unscored,unscored,,,,4,"unscored: NHAMCS ED 2016-2022 adults, n=4 (under 30)"
O07,Failed attempted termination of pregnancy,unscored,unscored,,,,1,"unscored: NHAMCS ED 2016-2022 adults, n=1 (under 30)"
O08,Complications following ectopic and molar pregnancy,unscored,unscored,,,,4,"unscored: NHAMCS ED 2016-2022 adults, n=4 (under 30)"
O09,Supervision of high risk pregnancy,2,nhamcs,0.194,0.000,0.0000,62,"nhamcs rule; NHAMCS ED 2016-2022 adults, primary diagnosis, n=62"
O10,"Pre-existing hypertension complicating pregnancy, childbirth and the puerperium",unscored,unscored,,,,17,"unscored: NHAMCS ED 2016-2022 adults, n=17 (under 30)"
O12,Gestational [pregnancy-induced] edema and proteinuria without hypertension,unscored,unscored,,,,8,"unscored: NHAMCS ED 2016-2022 adults, n=8 (under 30)"
O13,Gestational [pregnancy-induced] hypertension without significant proteinuria,2,nhamcs,0.152,0.000,0.0000,36,"nhamcs rule; NHAMCS ED 2016-2022 adults, any diagnosis, n=36"
O14,Pre-eclampsia,1,nhamcs,0.523,0.000,0.0000,36,"nhamcs rule; NHAMCS ED 2016-2022 adults, any diagnosis, n=36"
O15,Eclampsia,unscored,unscored,,,,3,"unscored: NHAMCS ED 2016-2022 adults, n=3 (under 30)"
O16,Unspecified maternal hypertension,2,nhamcs,0.124,0.000,0.0000,33,"nhamcs rule; NHAMCS ED 2016-2022 adults, any diagnosis, n=33"
O20,Hemorrhage in early pregnancy,3,nhamcs,0.005,0.001,0.0000,337,"nhamcs rule; NHAMCS ED 2016-2022 adults, primary diagnosis, n=337"
O21,Excessive vomiting in pregnancy,2,nhamcs,0.058,0.000,0.0000,210,"nhamcs rule; NHAMCS ED 2016-2022 adults, primary diagnosis, n=210"
O21.9,"Vomiting of pregnancy, unspecified",3,nhamcs,0.020,0.000,0.0000,111,"nhamcs rule; NHAMCS ED 2016-2022 adults, primary diagnosis, n=111"
O22,Venous complications and hemorrhoids in pregnancy,unscored,unscored,,,,6,"unscored: NHAMCS ED 2016-2022 adults, n=6 (under 30)"
O23,Infections of genitourinary tract in pregnancy,2,nhamcs,0.065,0.014,0.0000,112,"nhamcs rule; NHAMCS ED 2016-2022 adults, primary diagnosis, n=112"
O23.4,Unspecified infection of urinary tract in pregnancy,3,nhamcs,0.000,0.000,0.0000,49,"nhamcs rule; NHAMCS ED 2016-2022 adults, primary diagnosis, n=49"
O23.5,Infections of the genital tract in pregnancy,3,nhamcs,0.005,0.000,0.0000,47,"nhamcs rule; NHAMCS ED 2016-2022 adults, any diagnosis, n=47"
O24,"Diabetes mellitus in pregnancy, childbirth, and the puerperium",2,nhamcs,0.151,0.000,0.0000,60,"nhamcs rule; NHAMCS ED 2016-2022 adults, any diagnosis, n=60"
O26,Maternal care for other conditions predominantly related to pregnancy,3,nhamcs,0.031,0.000,0.0000,393,"nhamcs rule; NHAMCS ED 2016-2022 adults, primary diagnosis, n=393"
O28,Abnormal findings on antenatal screening of mother,unscored,unscored,,,,9,"unscored: NHAMCS ED 2016-2022 adults, n=9 (under 30)"
O29,Complications of anesthesia during pregnancy,unscored,unscored,,,,1,"unscored: NHAMCS ED 2016-2022 adults, n=1 (under 30)"
O30,Multiple gestation,unscored,unscored,,,,24,"unscored: NHAMCS ED 2016-2022 adults, n=24 (under 30)"
O31,Complications specific to multiple gestation,unscored,unscored,,,,1,"unscored: NHAMCS ED 2016-2022 adults, n=1 (under 30)"
O32,Maternal care for malpresentation of fetus,unscored,unscored,,,,15,"unscored: NHAMCS ED 2016-2022 adults, n=15 (under 30)"
O34,Maternal care for abnormality of pelvic organs,2,nhamcs,0.086,0.000,0.0000,92,"nhamcs rule; NHAMCS ED 2016-2022 adults, any diagnosis, n=92"
O35,Maternal care for known or suspected fetal abnormality and damage,unscored,unscored,,,,11,"unscored: NHAMCS ED 2016-2022 adults, n=11 (under 30)"
O36,Maternal care for other fetal problems,2,nhamcs,0.181,0.006,0.0000,60,"nhamcs rule; NHAMCS ED 2016-2022 adults, primary diagnosis, n=60"
O36.8,Maternal care for other specified fetal problems,3,nhamcs,0.044,0.000,0.0000,39,"nhamcs rule; NHAMCS ED 2016-2022 adults, primary diagnosis, n=39"
O40,Polyhydramnios,unscored,unscored,,,,4,"unscored: NHAMCS ED 2016-2022 adults, n=4 (under 30)"
O41,Other disorders of amniotic fluid and membranes,unscored,unscored,,,,17,"unscored: NHAMCS ED 2016-2022 adults, n=17 (under 30)"
O42,Premature rupture of membranes,1,nhamcs,0.561,0.000,0.0000,38,"nhamcs rule; NHAMCS ED 2016-2022 adults, primary diagnosis, n=38"
O43,Placental disorders,unscored,unscored,,,,12,"unscored: NHAMCS ED 2016-2022 adults, n=12 (under 30)"
O44,Placenta previa,unscored,unscored,,,,19,"unscored: NHAMCS ED 2016-2022 adults, n=19 (under 30)"
O46,"Antepartum hemorrhage, not elsewhere classified",3,nhamcs,0.014,0.000,0.0000,73,"nhamcs rule; NHAMCS ED 2016-2022 adults, primary diagnosis, n=73"
O47,False labor,3,nhamcs,0.000,0.000,0.0000,58,"nhamcs rule; NHAMCS ED 2016-2022 adults, primary diagnosis, n=58"
O48,Late pregnancy,unscored,unscored,,,,5,"unscored: NHAMCS ED 2016-2022 adults, n=5 (under 30)"
O60,Preterm labor,2,nhamcs,0.313,0.000,0.0000,55,"nhamcs rule; NHAMCS ED 2016-2022 adults, primary diagnosis, n=55"
O61,Failed induction of labor,unscored,unscored,,,,4,"unscored: NHAMCS ED 2016-2022 adults, n=4 (under 30)"
O62,Abnormalities of forces of labor,2,nhamcs,0.220,0.000,0.0000,39,"nhamcs rule; NHAMCS ED 2016-2022 adults, primary diagnosis, n=39"
O63,Long labor,unscored,unscored,,,,4,"unscored: NHAMCS ED 2016-2022 adults, n=4 (under 30)"
O66,Other obstructed labor,unscored,unscored,,,,2,"unscored: NHAMCS ED 2016-2022 adults, n=2 (under 30)"
O69,Labor and delivery complicated by umbilical cord complications,unscored,unscored,,,,4,"unscored: NHAMCS ED 2016-2022 adults, n=4 (under 30)"
O70,Perineal laceration during delivery,unscored,unscored,,,,10,"unscored: NHAMCS ED 2016-2022 adults, n=10 (under 30)"
O71,Other obstetric trauma,unscored,unscored,,,,7,"unscored: NHAMCS ED 2016-2022 adults, n=7 (under 30)"
O72,Postpartum hemorrhage,unscored,unscored,,,,20,"unscored: NHAMCS ED 2016-2022 adults, n=20 (under 30)"
O73,"Retained placenta and membranes, without hemorrhage",unscored,unscored,,,,7,"unscored: NHAMCS ED 2016-2022 adults, n=7 (under 30)"
O75,"Other complications of labor and delivery, not elsewhere classified",unscored,unscored,,,,12,"unscored: NHAMCS ED 2016-2022 adults, n=12 (under 30)"
O76,Abnormality in fetal heart rate and rhythm complicating labor and delivery,unscored,unscored,,,,10,"unscored: NHAMCS ED 2016-2022 adults, n=10 (under 30)"
O77,Other fetal stress complicating labor and delivery,unscored,unscored,,,,3,"unscored: NHAMCS ED 2016-2022 adults, n=3 (under 30)"
O80,Encounter for full-term uncomplicated delivery,1,nhamcs,0.672,0.036,0.0000,62,"nhamcs rule; NHAMCS ED 2016-2022 adults, primary diagnosis, n=62"
O82,Encounter for cesarean delivery without indication,unscored,unscored,,,,15,"unscored: NHAMCS ED 2016-2022 adults, n=15 (under 30)"
O86,Other puerperal infections,unscored,unscored,,,,10,"unscored: NHAMCS ED 2016-2022 adults, n=10 (under 30)"
O89,Complications of anesthesia during the puerperium,unscored,unscored,,,,1,"unscored: NHAMCS ED 2016-2022 adults, n=1 (under 30)"
O90,"Complications of the puerperium, not elsewhere classified",unscored,unscored,,,,24,"unscored: NHAMCS ED 2016-2022 adults, n=24 (under 30)"
O91,"Infections of breast associated with pregnancy, the puerperium and lactation",unscored,unscored,,,,5,"unscored: NHAMCS ED 2016-2022 adults, n=5 (under 30)"
O98,"Maternal infectious and parasitic diseases classifiable elsewhere but complicating pregnancy, childbirth and the puerperium",3,nhamcs,0.037,0.010,0.0000,75,"nhamcs rule; NHAMCS ED 2016-2022 adults, any diagnosis, n=75"
O99,"Other maternal diseases classifiable elsewhere but complicating pregnancy, childbirth and the puerperium",2,nhamcs,0.056,0.002,0.0000,352,"DDXPlus map first (Anemia); nhamcs rule; NHAMCS ED 2016-2022 adults, primary diagnosis, n=352"
O99.5,"Diseases of the respiratory system complicating pregnancy, childbirth and the puerperium",3,nhamcs,0.036,0.000,0.0000,35,"nhamcs rule; NHAMCS ED 2016-2022 adults, primary diagnosis, n=35"
O99.6,"Diseases of the digestive system complicating pregnancy, childbirth and the puerperium",3,nhamcs,0.039,0.000,0.0000,33,"nhamcs rule; NHAMCS ED 2016-2022 adults, primary diagnosis, n=33"
P00,Newborn affected by maternal conditions that may be unrelated to present pregnancy,unscored,unscored,,,,1,"unscored: NHAMCS ED 2016-2022 adults, n=1 (under 30)"
P32,not an ICD-10-CM FY2026 code,unscored,unscored,,,,0,"unscored: NHAMCS ED 2016-2022 adults, n=0 (under 30)"
P40,not an ICD-10-CM FY2026 code,unscored,unscored,,,,0,"unscored: NHAMCS ED 2016-2022 adults, n=0 (under 30)"
Q04,Other congenital malformations of brain,unscored,unscored,,,,1,"unscored: NHAMCS ED 2016-2022 adults, n=1 (under 30)"
Q06,Other congenital malformations of spinal cord,unscored,unscored,,,,2,"unscored: NHAMCS ED 2016-2022 adults, n=2 (under 30)"
Q07,Other congenital malformations of nervous system,unscored,unscored,,,,20,"unscored: NHAMCS ED 2016-2022 adults, n=20 (under 30)"
Q21,Congenital malformations of cardiac septa,unscored,unscored,,,,1,"unscored: NHAMCS ED 2016-2022 adults, n=1 (under 30)"
Q24,Other congenital malformations of heart,unscored,unscored,,,,22,"unscored: NHAMCS ED 2016-2022 adults, n=22 (under 30)"
Q25,Congenital malformations of great arteries,unscored,unscored,,,,5,"unscored: NHAMCS ED 2016-2022 adults, n=5 (under 30)"
Q28,Other congenital malformations of circulatory system,unscored,unscored,,,,10,"unscored: NHAMCS ED 2016-2022 adults, n=10 (under 30)"
Q33,Congenital malformations of lung,unscored,unscored,,,,1,"DDXPlus map first (Bronchiectasis); unscored: NHAMCS ED 2016-2022 adults, n=1 (under 30)"
Q34,Other congenital malformations of respiratory system,unscored,unscored,,,,2,"unscored: NHAMCS ED 2016-2022 adults, n=2 (under 30)"
Q44,"Congenital malformations of gallbladder, bile ducts and liver",unscored,unscored,,,,1,"unscored: NHAMCS ED 2016-2022 adults, n=1 (under 30)"
Q45,Other congenital malformations of digestive system,unscored,unscored,,,,7,"unscored: NHAMCS ED 2016-2022 adults, n=7 (under 30)"
Q51,Congenital malformations of uterus and cervix,unscored,unscored,,,,1,"unscored: NHAMCS ED 2016-2022 adults, n=1 (under 30)"
Q55,Other congenital malformations of male genital organs,unscored,unscored,,,,1,"unscored: NHAMCS ED 2016-2022 adults, n=1 (under 30)"
Q56,Indeterminate sex and pseudohermaphroditism,unscored,unscored,,,,0,"unscored: NHAMCS ED 2016-2022 adults, n=0 (under 30)"
Q61,Cystic kidney disease,unscored,unscored,,,,14,"unscored: NHAMCS ED 2016-2022 adults, n=14 (under 30)"
Q62,Congenital obstructive defects of renal pelvis and congenital malformations of ureter,unscored,unscored,,,,1,"unscored: NHAMCS ED 2016-2022 adults, n=1 (under 30)"
Q63,Other congenital malformations of kidney,unscored,unscored,,,,1,"unscored: NHAMCS ED 2016-2022 adults, n=1 (under 30)"
Q64,Other congenital malformations of urinary system,unscored,unscored,,,,11,"unscored: NHAMCS ED 2016-2022 adults, n=11 (under 30)"
Q74,Other congenital malformations of limb(s),unscored,unscored,,,,2,"unscored: NHAMCS ED 2016-2022 adults, n=2 (under 30)"
Q78,Other osteochondrodysplasias,unscored,unscored,,,,1,"unscored: NHAMCS ED 2016-2022 adults, n=1 (under 30)"
Q79,"Congenital malformations of musculoskeletal system, not elsewhere classified",unscored,unscored,,,,17,"unscored: NHAMCS ED 2016-2022 adults, n=17 (under 30)"
Q82,Other congenital malformations of skin,unscored,unscored,,,,3,"unscored: NHAMCS ED 2016-2022 adults, n=3 (under 30)"
Q84,Other congenital malformations of integument,unscored,unscored,,,,1,"unscored: NHAMCS ED 2016-2022 adults, n=1 (under 30)"
Q85,"Phakomatoses, not elsewhere classified",unscored,unscored,,,,1,"unscored: NHAMCS ED 2016-2022 adults, n=1 (under 30)"
Q87,Other specified congenital malformation syndromes affecting multiple systems,unscored,unscored,,,,1,"unscored: NHAMCS ED 2016-2022 adults, n=1 (under 30)"
Q89,"Other congenital malformations, not elsewhere classified",unscored,unscored,,,,27,"unscored: NHAMCS ED 2016-2022 adults, n=27 (under 30)"
Q90,Down syndrome,unscored,unscored,,,,23,"unscored: NHAMCS ED 2016-2022 adults, n=23 (under 30)"
Q99,"Other chromosome abnormalities, not elsewhere classified",unscored,unscored,,,,6,"unscored: NHAMCS ED 2016-2022 adults, n=6 (under 30)"
R00,Abnormalities of heart beat,unscored,unscored,0.127,0.018,0.0000,620,"DDXPlus map first (Atrial fibrillation, PSVT); unscored: symptom code (R00-R99); NHAMCS ED 2016-2022 adults, primary diagnosis, n=620"
R01,Cardiac murmurs and other cardiac sounds,unscored,unscored,0.254,0.000,0.0000,47,"unscored: symptom code (R00-R99); NHAMCS ED 2016-2022 adults, any diagnosis, n=47"
R03,"Abnormal blood-pressure reading, without diagnosis",unscored,unscored,0.055,0.012,0.0000,93,"unscored: symptom code (R00-R99); NHAMCS ED 2016-2022 adults, primary diagnosis, n=93"
R04,Hemorrhage from respiratory passages,unscored,unscored,0.050,0.005,0.0000,316,"unscored: symptom code (R00-R99); NHAMCS ED 2016-2022 adults, primary diagnosis, n=316"
R05,Cough,unscored,unscored,0.030,0.001,0.0000,643,"unscored: symptom code (R00-R99); NHAMCS ED 2016-2022 adults, primary diagnosis, n=643"
R06,Abnormalities of breathing,unscored,unscored,0.312,0.046,0.0005,1145,"DDXPlus map first (Croup, Epiglottitis, Larygospasm); unscored: symptom code (R00-R99); NHAMCS ED 2016-2022 adults, primary diagnosis, n=1145"
R07,Pain in throat and chest,unscored,unscored,0.167,0.018,0.0005,4480,"unscored: symptom code (R00-R99); NHAMCS ED 2016-2022 adults, primary diagnosis, n=4480"
R09,Other symptoms and signs involving the circulatory and respiratory system,unscored,unscored,0.339,0.079,0.0010,276,"unscored: symptom code (R00-R99); NHAMCS ED 2016-2022 adults, primary diagnosis, n=276"
R10,Abdominal and pelvic pain,unscored,unscored,0.091,0.008,0.0004,4976,"unscored: symptom code (R00-R99); NHAMCS ED 2016-2022 adults, primary diagnosis, n=4976"
R11,Nausea and vomiting,unscored,unscored,0.095,0.009,0.0000,1421,"unscored: symptom code (R00-R99); NHAMCS ED 2016-2022 adults, primary diagnosis, n=1421"
R12,Heartburn,unscored,unscored,,,,19,"unscored: symptom code (R00-R99); NHAMCS ED 2016-2022 adults, n=19 (under 30)"
R13,Aphagia and dysphagia,unscored,unscored,0.283,0.007,0.0000,68,"unscored: symptom code (R00-R99); NHAMCS ED 2016-2022 adults, primary diagnosis, n=68"
R14,Flatulence and related conditions,unscored,unscored,0.190,0.030,0.0000,37,"unscored: symptom code (R00-R99); NHAMCS ED 2016-2022 adults, primary diagnosis, n=37"
R15,Fecal incontinence,unscored,unscored,,,,7,"unscored: symptom code (R00-R99); NHAMCS ED 2016-2022 adults, n=7 (under 30)"
R16,"Hepatomegaly and splenomegaly, not elsewhere classified",unscored,unscored,0.302,0.170,0.0000,51,"unscored: symptom code (R00-R99); NHAMCS ED 2016-2022 adults, any diagnosis, n=51"
R17,Unspecified jaundice,unscored,unscored,0.837,0.060,0.0000,31,"unscored: symptom code (R00-R99); NHAMCS ED 2016-2022 adults, any diagnosis, n=31"
R18,Ascites,unscored,unscored,0.544,0.046,0.0000,125,"unscored: symptom code (R00-R99); NHAMCS ED 2016-2022 adults, any diagnosis, n=125"
R19,Other symptoms and signs involving the digestive system and abdomen,unscored,unscored,0.102,0.007,0.0000,429,"unscored: symptom code (R00-R99); NHAMCS ED 2016-2022 adults, primary diagnosis, n=429"
R20,Disturbances of skin sensation,unscored,unscored,0.059,0.000,0.0000,256,"unscored: symptom code (R00-R99); NHAMCS ED 2016-2022 adults, primary diagnosis, n=256"
R21,Rash and other nonspecific skin eruption,unscored,unscored,0.033,0.005,0.0000,288,"unscored: symptom code (R00-R99); NHAMCS ED 2016-2022 adults, primary diagnosis, n=288"
R22,"Localized swelling, mass and lump of skin and subcutaneous tissue",unscored,unscored,0.066,0.006,0.0000,180,"unscored: symptom code (R00-R99); NHAMCS ED 2016-2022 adults, primary diagnosis, n=180"
R23,Other skin changes,unscored,unscored,0.151,0.000,0.0000,45,"unscored: symptom code (R00-R99); NHAMCS ED 2016-2022 adults, any diagnosis, n=45"
R25,Abnormal involuntary movements,unscored,unscored,0.099,0.000,0.0000,71,"unscored: symptom code (R00-R99); NHAMCS ED 2016-2022 adults, primary diagnosis, n=71"
R26,Abnormalities of gait and mobility,unscored,unscored,0.532,0.023,0.0000,57,"unscored: symptom code (R00-R99); NHAMCS ED 2016-2022 adults, primary diagnosis, n=57"
R27,Other lack of coordination,unscored,unscored,0.794,0.073,0.0000,32,"unscored: symptom code (R00-R99); NHAMCS ED 2016-2022 adults, any diagnosis, n=32"
R29,Other symptoms and signs involving the nervous and musculoskeletal systems,unscored,unscored,0.322,0.044,0.0000,168,"unscored: symptom code (R00-R99); NHAMCS ED 2016-2022 adults, primary diagnosis, n=168"
R30,Pain associated with micturition,unscored,unscored,0.010,0.006,0.0000,203,"unscored: symptom code (R00-R99); NHAMCS ED 2016-2022 adults, primary diagnosis, n=203"
R31,Hematuria,unscored,unscored,0.112,0.006,0.0000,235,"unscored: symptom code (R00-R99); NHAMCS ED 2016-2022 adults, primary diagnosis, n=235"
R32,Unspecified urinary incontinence,unscored,unscored,,,,29,"unscored: symptom code (R00-R99); NHAMCS ED 2016-2022 adults, n=29 (under 30)"
R33,Retention of urine,unscored,unscored,0.059,0.015,0.0000,250,"unscored: symptom code (R00-R99); NHAMCS ED 2016-2022 adults, primary diagnosis, n=250"
R34,Anuria and oliguria,unscored,unscored,,,,7,"unscored: symptom code (R00-R99); NHAMCS ED 2016-2022 adults, n=7 (under 30)"
R35,Polyuria,unscored,unscored,0.019,0.010,0.0000,88,"unscored: symptom code (R00-R99); NHAMCS ED 2016-2022 adults, any diagnosis, n=88"
R36,Urethral discharge,unscored,unscored,0.000,0.000,0.0000,32,"unscored: symptom code (R00-R99); NHAMCS ED 2016-2022 adults, primary diagnosis, n=32"
R37,"Sexual dysfunction, unspecified",unscored,unscored,,,,1,"unscored: symptom code (R00-R99); NHAMCS ED 2016-2022 adults, n=1 (under 30)"
R39,Other and unspecified symptoms and signs involving the genitourinary system,unscored,unscored,0.126,0.000,0.0000,70,"unscored: symptom code (R00-R99); NHAMCS ED 2016-2022 adults, any diagnosis, n=70"
R40,"Somnolence, stupor and coma",unscored,unscored,0.368,0.106,0.0422,61,"unscored: symptom code (R00-R99); NHAMCS ED 2016-2022 adults, primary diagnosis, n=61"
R41,Other symptoms and signs involving cognitive functions and awareness,unscored,unscored,0.443,0.092,0.0012,602,"unscored: symptom code (R00-R99); NHAMCS ED 2016-2022 adults, primary diagnosis, n=602"
R42,Dizziness and giddiness,unscored,unscored,0.096,0.010,0.0000,941,"unscored: symptom code (R00-R99); NHAMCS ED 2016-2022 adults, primary diagnosis, n=941"
R43,Disturbances of smell and taste,unscored,unscored,,,,15,"unscored: symptom code (R00-R99); NHAMCS ED 2016-2022 adults, n=15 (under 30)"
R44,Other symptoms and signs involving general sensations and perceptions,unscored,unscored,0.137,0.002,0.0000,60,"unscored: symptom code (R00-R99); NHAMCS ED 2016-2022 adults, primary diagnosis, n=60"
R45,Symptoms and signs involving emotional state,unscored,unscored,0.168,0.013,0.0000,602,"unscored: symptom code (R00-R99); NHAMCS ED 2016-2022 adults, primary diagnosis, n=602"
R46,Symptoms and signs involving appearance and behavior,unscored,unscored,0.298,0.000,0.0000,38,"unscored: symptom code (R00-R99); NHAMCS ED 2016-2022 adults, any diagnosis, n=38"
R47,"Speech disturbances, not elsewhere classified",unscored,unscored,0.490,0.247,0.0000,39,"unscored: symptom code (R00-R99); NHAMCS ED 2016-2022 adults, primary diagnosis, n=39"
R48,"Dyslexia and other symbolic dysfunctions, not elsewhere classified",unscored,unscored,,,,2,"unscored: symptom code (R00-R99); NHAMCS ED 2016-2022 adults, n=2 (under 30)"
R49,Voice and resonance disorders,unscored,unscored,,,,10,"unscored: symptom code (R00-R99); NHAMCS ED 2016-2022 adults, n=10 (under 30)"
R50,Fever of other and unknown origin,unscored,unscored,0.287,0.027,0.0000,371,"unscored: symptom code (R00-R99); NHAMCS ED 2016-2022 adults, primary diagnosis, n=371"
R51,Headache,unscored,unscored,0.031,0.004,0.0000,1420,"unscored: symptom code (R00-R99); NHAMCS ED 2016-2022 adults, primary diagnosis, n=1420"
R52,"Pain, unspecified",unscored,unscored,0.102,0.004,0.0000,104,"unscored: symptom code (R00-R99); NHAMCS ED 2016-2022 adults, primary diagnosis, n=104"
R53,Malaise and fatigue,unscored,unscored,0.263,0.024,0.0032,677,"unscored: symptom code (R00-R99); NHAMCS ED 2016-2022 adults, primary diagnosis, n=677"
R54,Age-related physical debility,unscored,unscored,,,,11,"unscored: symptom code (R00-R99); NHAMCS ED 2016-2022 adults, n=11 (under 30)"
R55,Syncope and collapse,unscored,unscored,0.225,0.026,0.0000,1012,"unscored: symptom code (R00-R99); NHAMCS ED 2016-2022 adults, primary diagnosis, n=1012"
R56,"Convulsions, not elsewhere classified",unscored,unscored,0.198,0.032,0.0000,427,"unscored: symptom code (R00-R99); NHAMCS ED 2016-2022 adults, primary diagnosis, n=427"
R57,"Shock, not elsewhere classified",unscored,unscored,0.792,0.445,0.0350,49,"unscored: symptom code (R00-R99); NHAMCS ED 2016-2022 adults, any diagnosis, n=49"
R58,"Hemorrhage, not elsewhere classified",unscored,unscored,0.253,0.137,0.0004,48,"unscored: symptom code (R00-R99); NHAMCS ED 2016-2022 adults, any diagnosis, n=48"
R59,Enlarged lymph nodes,unscored,unscored,0.010,0.000,0.0000,62,"unscored: symptom code (R00-R99); NHAMCS ED 2016-2022 adults, primary diagnosis, n=62"
R60,"Edema, not elsewhere classified",unscored,unscored,0.073,0.000,0.0000,250,"DDXPlus map first (Localized edema); unscored: symptom code (R00-R99); NHAMCS ED 2016-2022 adults, primary diagnosis, n=250"
R61,Generalized hyperhidrosis,unscored,unscored,0.223,0.012,0.0000,41,"unscored: symptom code (R00-R99); NHAMCS ED 2016-2022 adults, any diagnosis, n=41"
R62,Lack of expected normal physiological development in childhood and adults,unscored,unscored,0.770,0.078,0.0037,79,"unscored: symptom code (R00-R99); NHAMCS ED 2016-2022 adults, any diagnosis, n=79"
R63,Symptoms and signs concerning food and fluid intake,unscored,unscored,0.051,0.000,0.0000,30,"unscored: symptom code (R00-R99); NHAMCS ED 2016-2022 adults, primary diagnosis, n=30"
R64,Cachexia,unscored,unscored,,,,13,"unscored: symptom code (R00-R99); NHAMCS ED 2016-2022 adults, n=13 (under 30)"
R65,Symptoms and signs specifically associated with systemic inflammation and infection,unscored,unscored,0.929,0.261,0.0153,66,"unscored: symptom code (R00-R99); NHAMCS ED 2016-2022 adults, primary diagnosis, n=66"
R65.2,Severe sepsis,1,override,0.963,0.345,0.0204,47,"override: Newman-Toker 2023 Table 1: Sepsis [Sepsis]; NHAMCS ED 2016-2022 adults, primary diagnosis, n=47"
R68,Other general symptoms and signs,unscored,unscored,0.085,0.000,0.0000,81,"unscored: symptom code (R00-R99); NHAMCS ED 2016-2022 adults, primary diagnosis, n=81"
R69,"Illness, unspecified",unscored,unscored,0.085,0.000,0.0000,40,"unscored: symptom code (R00-R99); NHAMCS ED 2016-2022 adults, primary diagnosis, n=40"
R70,Elevated erythrocyte sedimentation rate and abnormality of plasma viscosity,unscored,unscored,,,,8,"unscored: symptom code (R00-R99); NHAMCS ED 2016-2022 adults, n=8 (under 30)"
R71,Abnormality of red blood cells,unscored,unscored,,,,4,"unscored: symptom code (R00-R99); NHAMCS ED 2016-2022 adults, n=4 (under 30)"
R73,Elevated blood glucose level,unscored,unscored,0.203,0.040,0.0000,236,"unscored: symptom code (R00-R99); NHAMCS ED 2016-2022 adults, primary diagnosis, n=236"
R74,Abnormal serum enzyme levels,unscored,unscored,0.359,0.048,0.0000,33,"unscored: symptom code (R00-R99); NHAMCS ED 2016-2022 adults, primary diagnosis, n=33"
R76,Other abnormal immunological findings in serum,unscored,unscored,,,,18,"unscored: symptom code (R00-R99); NHAMCS ED 2016-2022 adults, n=18 (under 30)"
R77,Other abnormalities of plasma proteins,unscored,unscored,0.812,0.108,0.0000,98,"unscored: symptom code (R00-R99); NHAMCS ED 2016-2022 adults, any diagnosis, n=98"
R78,"Findings of drugs and other substances, not normally found in blood",unscored,unscored,0.614,0.063,0.0000,60,"unscored: symptom code (R00-R99); NHAMCS ED 2016-2022 adults, any diagnosis, n=60"
R79,Other abnormal findings of blood chemistry,unscored,unscored,0.350,0.038,0.0000,115,"unscored: symptom code (R00-R99); NHAMCS ED 2016-2022 adults, primary diagnosis, n=115"
R80,Proteinuria,unscored,unscored,,,,17,"unscored: symptom code (R00-R99); NHAMCS ED 2016-2022 adults, n=17 (under 30)"
R81,Glycosuria,unscored,unscored,,,,5,"unscored: symptom code (R00-R99); NHAMCS ED 2016-2022 adults, n=5 (under 30)"
R82,Other and unspecified abnormal findings in urine,unscored,unscored,0.220,0.044,0.0000,99,"unscored: symptom code (R00-R99); NHAMCS ED 2016-2022 adults, any diagnosis, n=99"
R83,Abnormal findings in cerebrospinal fluid,unscored,unscored,,,,1,"unscored: symptom code (R00-R99); NHAMCS ED 2016-2022 adults, n=1 (under 30)"
R85,Abnormal findings in specimens from digestive organs and abdominal cavity,unscored,unscored,,,,1,"unscored: symptom code (R00-R99); NHAMCS ED 2016-2022 adults, n=1 (under 30)"
R86,Abnormal findings in specimens from male genital organs,unscored,unscored,,,,1,"unscored: symptom code (R00-R99); NHAMCS ED 2016-2022 adults, n=1 (under 30)"
R87,Abnormal findings in specimens from female genital organs,unscored,unscored,,,,8,"unscored: symptom code (R00-R99); NHAMCS ED 2016-2022 adults, n=8 (under 30)"
R89,"Abnormal findings in specimens from other organs, systems and tissues",unscored,unscored,,,,11,"unscored: symptom code (R00-R99); NHAMCS ED 2016-2022 adults, n=11 (under 30)"
R90,Abnormal findings on diagnostic imaging of central nervous system,unscored,unscored,,,,7,"unscored: symptom code (R00-R99); NHAMCS ED 2016-2022 adults, n=7 (under 30)"
R91,Abnormal findings on diagnostic imaging of lung,unscored,unscored,0.142,0.013,0.0000,42,"unscored: symptom code (R00-R99); NHAMCS ED 2016-2022 adults, primary diagnosis, n=42"
R93,Abnormal findings on diagnostic imaging of other body structures,unscored,unscored,0.222,0.022,0.0000,106,"unscored: symptom code (R00-R99); NHAMCS ED 2016-2022 adults, any diagnosis, n=106"
R94,Abnormal results of function studies,unscored,unscored,0.464,0.044,0.0000,46,"unscored: symptom code (R00-R99); NHAMCS ED 2016-2022 adults, primary diagnosis, n=46"
R97,Abnormal tumor markers,unscored,unscored,,,,5,"unscored: symptom code (R00-R99); NHAMCS ED 2016-2022 adults, n=5 (under 30)"
R99,Ill-defined and unknown cause of mortality,unscored,unscored,,,,17,"unscored: symptom code (R00-R99); NHAMCS ED 2016-2022 adults, n=17 (under 30)"
S00,Superficial injury of head,3,nhamcs,0.029,0.009,0.0000,550,"nhamcs rule; NHAMCS ED 2016-2022 adults, primary diagnosis, n=550"
S00.0,Superficial injury of scalp,2,nhamcs,0.077,0.025,0.0000,118,"nhamcs rule; NHAMCS ED 2016-2022 adults, primary diagnosis, n=118"
S01,Open wound of head,3,nhamcs,0.039,0.005,0.0087,789,"nhamcs rule; NHAMCS ED 2016-2022 adults, primary diagnosis, n=789"
S01.0,Open wound of scalp,2,nhamcs,0.058,0.020,0.0000,221,"nhamcs rule; NHAMCS ED 2016-2022 adults, primary diagnosis, n=221"
S01.1,Open wound of eyelid and periocular area,2,nhamcs,0.064,0.000,0.0000,68,"nhamcs rule; NHAMCS ED 2016-2022 adults, primary diagnosis, n=68"
S01.2,Open wound of nose,2,nhamcs,0.132,0.000,0.0000,45,"nhamcs rule; NHAMCS ED 2016-2022 adults, any diagnosis, n=45"
S01.9,Open wound of unspecified part of head,2,nhamcs,0.058,0.000,0.1160,57,"nhamcs rule; NHAMCS ED 2016-2022 adults, primary diagnosis, n=57"
S02,Fracture of skull and facial bones,2,nhamcs,0.202,0.015,0.0000,255,"nhamcs rule; NHAMCS ED 2016-2022 adults, primary diagnosis, n=255"
S02.2,Fracture of nasal bones,3,nhamcs,0.012,0.000,0.0000,91,"nhamcs rule; NHAMCS ED 2016-2022 adults, primary diagnosis, n=91"
S02.3,Fracture of orbital floor,1,nhamcs,0.313,0.070,0.0000,39,"nhamcs rule; NHAMCS ED 2016-2022 adults, any diagnosis, n=39"
S02.5,Fracture of tooth (traumatic),3,nhamcs,0.000,0.000,0.0000,31,"nhamcs rule; NHAMCS ED 2016-2022 adults, primary diagnosis, n=31"
S02.8,Fractures of other specified skull and facial bones,1,nhamcs,0.496,0.075,0.0000,53,"nhamcs rule; NHAMCS ED 2016-2022 adults, any diagnosis, n=53"
S03,Dislocation and sprain of joints and ligaments of head,unscored,unscored,,,,13,"unscored: NHAMCS ED 2016-2022 adults, n=13 (under 30)"
S04,Injury of cranial nerve,unscored,unscored,,,,2,"unscored: NHAMCS ED 2016-2022 adults, n=2 (under 30)"
S05,Injury of eye and orbit,3,nhamcs,0.007,0.000,0.0000,239,"nhamcs rule; NHAMCS ED 2016-2022 adults, primary diagnosis, n=239"
S06,Intracranial injury,1,override,0.328,0.107,0.0000,356,"override: AHRQ 2022 ED top-15: TBI and intracranial haemorrhage (S06 intracranial injury; non-traumatic I60-I62 are in the stroke group) [Traumatic brain injury and intracranial haemorrhage]; NHAMCS ED 2016-2022 adults, primary diagnosis, n=356"
S08,Avulsion and traumatic amputation of part of head,unscored,unscored,,,,1,"unscored: NHAMCS ED 2016-2022 adults, n=1 (under 30)"
S09,Other and unspecified injuries of head,2,nhamcs,0.051,0.008,0.0004,858,"nhamcs rule; NHAMCS ED 2016-2022 adults, primary diagnosis, n=858"
S09.8,Other specified injuries of head,3,nhamcs,0.006,0.006,0.0000,38,"nhamcs rule; NHAMCS ED 2016-2022 adults, any diagnosis, n=38"
S10,Superficial injury of neck,3,nhamcs,0.000,0.000,0.0000,30,"nhamcs rule; NHAMCS ED 2016-2022 adults, primary diagnosis, n=30"
S10.9,Superficial injury of unspecified part of neck,2,nhamcs,0.068,0.000,0.0000,46,"nhamcs rule; NHAMCS ED 2016-2022 adults, any diagnosis, n=46"
S11,Open wound of neck,unscored,unscored,,,,19,"unscored: NHAMCS ED 2016-2022 adults, n=19 (under 30)"
S12,Fracture of cervical vertebra and other parts of neck,1,nhamcs,0.587,0.036,0.0000,39,"nhamcs rule; NHAMCS ED 2016-2022 adults, primary diagnosis, n=39"
S13,Dislocation and sprain of joints and ligaments at neck level,3,nhamcs,0.005,0.000,0.0000,127,"nhamcs rule; NHAMCS ED 2016-2022 adults, primary diagnosis, n=127"
S14,Injury of nerves and spinal cord at neck level,unscored,unscored,,,,12,"unscored: NHAMCS ED 2016-2022 adults, n=12 (under 30)"
S16,"Injury of muscle, fascia and tendon at neck level",3,nhamcs,0.000,0.000,0.0000,416,"nhamcs rule; NHAMCS ED 2016-2022 adults, primary diagnosis, n=416"
S19,Other specified and unspecified injuries of neck,2,nhamcs,0.080,0.000,0.0000,45,"nhamcs rule; NHAMCS ED 2016-2022 adults, any diagnosis, n=45"
S19.9,Unspecified injury of neck,3,nhamcs,0.018,0.000,0.0000,36,"nhamcs rule; NHAMCS ED 2016-2022 adults, any diagnosis, n=36"
S20,Superficial injury of thorax,3,nhamcs,0.013,0.000,0.0000,333,"nhamcs rule; NHAMCS ED 2016-2022 adults, primary diagnosis, n=333"
S21,Open wound of thorax,2,nhamcs,0.103,0.031,0.0351,39,"nhamcs rule; NHAMCS ED 2016-2022 adults, any diagnosis, n=39"
S22,"Fracture of rib(s), sternum and thoracic spine",2,nhamcs,0.239,0.041,0.0000,271,"DDXPlus map first (Spontaneous rib fracture); nhamcs rule; NHAMCS ED 2016-2022 adults, primary diagnosis, n=271"
S22.0,Fracture of thoracic vertebra,1,nhamcs,0.469,0.061,0.0000,43,"nhamcs rule; NHAMCS ED 2016-2022 adults, primary diagnosis, n=43"
S22.4,Multiple fractures of ribs,1,nhamcs,0.315,0.061,0.0000,97,"nhamcs rule; NHAMCS ED 2016-2022 adults, primary diagnosis, n=97"
S23,Dislocation and sprain of joints and ligaments of thorax,3,nhamcs,0.000,0.000,0.0000,30,"nhamcs rule; NHAMCS ED 2016-2022 adults, primary diagnosis, n=30"
S24,Injury of nerves and spinal cord at thorax level,unscored,unscored,,,,6,"unscored: NHAMCS ED 2016-2022 adults, n=6 (under 30)"
S25,Injury of blood vessels of thorax,unscored,unscored,,,,2,"unscored: NHAMCS ED 2016-2022 adults, n=2 (under 30)"
S26,Injury of heart,unscored,unscored,,,,2,"unscored: NHAMCS ED 2016-2022 adults, n=2 (under 30)"
S27,Injury of other and unspecified intrathoracic organs,1,nhamcs,0.702,0.116,0.0516,59,"nhamcs rule; NHAMCS ED 2016-2022 adults, any diagnosis, n=59"
S29,Other and unspecified injuries of thorax,3,nhamcs,0.009,0.006,0.0000,134,"nhamcs rule; NHAMCS ED 2016-2022 adults, primary diagnosis, n=134"
S29.9,Unspecified injury of thorax,2,nhamcs,0.057,0.000,0.0000,55,"nhamcs rule; NHAMCS ED 2016-2022 adults, any diagnosis, n=55"
S30,"Superficial injury of abdomen, lower back, pelvis and external genitals",2,nhamcs,0.082,0.002,0.0000,130,"nhamcs rule; NHAMCS ED 2016-2022 adults, primary diagnosis, n=130"
S30.0,Contusion of lower back and pelvis,3,nhamcs,0.008,0.000,0.0000,62,"nhamcs rule; NHAMCS ED 2016-2022 adults, primary diagnosis, n=62"
S31,"Open wound of abdomen, lower back, pelvis and external genitals",2,nhamcs,0.204,0.000,0.0000,34,"nhamcs rule; NHAMCS ED 2016-2022 adults, primary diagnosis, n=34"
S32,Fracture of lumbar spine and pelvis,2,nhamcs,0.375,0.012,0.0000,142,"nhamcs rule; NHAMCS ED 2016-2022 adults, primary diagnosis, n=142"
S33,Dislocation and sprain of joints and ligaments of lumbar spine and pelvis,3,nhamcs,0.000,0.000,0.0000,40,"nhamcs rule; NHAMCS ED 2016-2022 adults, primary diagnosis, n=40"
S34,"Injury of lumbar and sacral spinal cord and nerves at abdomen, lower back and pelvis level",unscored,unscored,,,,6,"unscored: NHAMCS ED 2016-2022 adults, n=6 (under 30)"
S35,"Injury of blood vessels at abdomen, lower back and pelvis level",unscored,unscored,,,,1,"unscored: NHAMCS ED 2016-2022 adults, n=1 (under 30)"
S36,Injury of intra-abdominal organs,unscored,unscored,,,,26,"unscored: NHAMCS ED 2016-2022 adults, n=26 (under 30)"
S37,Injury of urinary and pelvic organs,unscored,unscored,,,,28,"unscored: NHAMCS ED 2016-2022 adults, n=28 (under 30)"
S39,"Other and unspecified injuries of abdomen, lower back, pelvis and external genitals",3,nhamcs,0.003,0.000,0.0000,473,"nhamcs rule; NHAMCS ED 2016-2022 adults, primary diagnosis, n=473"
S40,Superficial injury of shoulder and upper arm,3,nhamcs,0.042,0.000,0.0000,166,"nhamcs rule; NHAMCS ED 2016-2022 adults, primary diagnosis, n=166"
S40.8,Other superficial injuries of upper arm,2,nhamcs,0.164,0.005,0.0000,67,"nhamcs rule; NHAMCS ED 2016-2022 adults, any diagnosis, n=67"
S41,Open wound of shoulder and upper arm,3,nhamcs,0.040,0.000,0.0000,94,"nhamcs rule; NHAMCS ED 2016-2022 adults, primary diagnosis, n=94"
S42,Fracture of shoulder and upper arm,2,nhamcs,0.116,0.007,0.0000,247,"nhamcs rule; NHAMCS ED 2016-2022 adults, primary diagnosis, n=247"
S43,Dislocation and sprain of joints and ligaments of shoulder girdle,3,nhamcs,0.047,0.000,0.0000,214,"nhamcs rule; NHAMCS ED 2016-2022 adults, primary diagnosis, n=214"
S43.0,Subluxation and dislocation of shoulder joint,2,nhamcs,0.088,0.000,0.0000,114,"nhamcs rule; NHAMCS ED 2016-2022 adults, primary diagnosis, n=114"
S44,Injury of nerves at shoulder and upper arm level,unscored,unscored,,,,2,"unscored: NHAMCS ED 2016-2022 adults, n=2 (under 30)"
S45,Injury of blood vessels at shoulder and upper arm level,unscored,unscored,,,,2,"unscored: NHAMCS ED 2016-2022 adults, n=2 (under 30)"
S46,"Injury of muscle, fascia and tendon at shoulder and upper arm level",3,nhamcs,0.000,0.000,0.0000,179,"nhamcs rule; NHAMCS ED 2016-2022 adults, primary diagnosis, n=179"
S47,Crushing injury of shoulder and upper arm,unscored,unscored,,,,3,"unscored: NHAMCS ED 2016-2022 adults, n=3 (under 30)"
S49,Other and unspecified injuries of shoulder and upper arm,3,nhamcs,0.000,0.000,0.0000,67,"nhamcs rule; NHAMCS ED 2016-2022 adults, primary diagnosis, n=67"
S50,Superficial injury of elbow and forearm,3,nhamcs,0.027,0.000,0.0000,134,"nhamcs rule; NHAMCS ED 2016-2022 adults, primary diagnosis, n=134"
S50.3,Other superficial injuries of elbow,2,nhamcs,0.072,0.003,0.0000,48,"nhamcs rule; NHAMCS ED 2016-2022 adults, any diagnosis, n=48"
S51,Open wound of elbow and forearm,3,nhamcs,0.026,0.000,0.0000,176,"nhamcs rule; NHAMCS ED 2016-2022 adults, primary diagnosis, n=176"
S52,Fracture of forearm,3,nhamcs,0.049,0.000,0.0000,258,"nhamcs rule; NHAMCS ED 2016-2022 adults, primary diagnosis, n=258"
S52.2,Fracture of shaft of ulna,2,nhamcs,0.096,0.000,0.0000,33,"nhamcs rule; NHAMCS ED 2016-2022 adults, any diagnosis, n=33"
S52.5,Fracture of lower end of radius,2,nhamcs,0.051,0.000,0.0000,153,"nhamcs rule; NHAMCS ED 2016-2022 adults, primary diagnosis, n=153"
S52.6,Fracture of lower end of ulna,2,nhamcs,0.070,0.017,0.0000,66,"nhamcs rule; NHAMCS ED 2016-2022 adults, any diagnosis, n=66"
S52.9,Unspecified fracture of forearm,2,nhamcs,0.082,0.005,0.0000,35,"nhamcs rule; NHAMCS ED 2016-2022 adults, any diagnosis, n=35"
S53,Dislocation and sprain of joints and ligaments of elbow,2,nhamcs,0.086,0.000,0.0000,37,"nhamcs rule; NHAMCS ED 2016-2022 adults, any diagnosis, n=37"
S54,Injury of nerves at forearm level,unscored,unscored,,,,2,"unscored: NHAMCS ED 2016-2022 adults, n=2 (under 30)"
S55,Injury of blood vessels at forearm level,unscored,unscored,,,,3,"unscored: NHAMCS ED 2016-2022 adults, n=3 (under 30)"
S56,"Injury of muscle, fascia and tendon at forearm level",unscored,unscored,,,,23,"unscored: NHAMCS ED 2016-2022 adults, n=23 (under 30)"
S57,Crushing injury of elbow and forearm,unscored,unscored,,,,2,"unscored: NHAMCS ED 2016-2022 adults, n=2 (under 30)"
S58,Traumatic amputation of elbow and forearm,unscored,unscored,,,,1,"unscored: NHAMCS ED 2016-2022 adults, n=1 (under 30)"
S59,Other and unspecified injuries of elbow and forearm,3,nhamcs,0.009,0.000,0.0000,39,"nhamcs rule; NHAMCS ED 2016-2022 adults, any diagnosis, n=39"
S60,"Superficial injury of wrist, hand and fingers",3,nhamcs,0.002,0.000,0.0000,322,"nhamcs rule; NHAMCS ED 2016-2022 adults, primary diagnosis, n=322"
S61,"Open wound of wrist, hand and fingers",3,nhamcs,0.011,0.000,0.0000,1239,"nhamcs rule; NHAMCS ED 2016-2022 adults, primary diagnosis, n=1239"
S62,Fracture at wrist and hand level,3,nhamcs,0.014,0.000,0.0000,404,"nhamcs rule; NHAMCS ED 2016-2022 adults, primary diagnosis, n=404"
S63,Dislocation and sprain of joints and ligaments at wrist and hand level,3,nhamcs,0.001,0.000,0.0000,239,"nhamcs rule; NHAMCS ED 2016-2022 adults, primary diagnosis, n=239"
S64,Injury of nerves at wrist and hand level,unscored,unscored,,,,5,"unscored: NHAMCS ED 2016-2022 adults, n=5 (under 30)"
S65,Injury of blood vessels at wrist and hand level,unscored,unscored,,,,4,"unscored: NHAMCS ED 2016-2022 adults, n=4 (under 30)"
S66,"Injury of muscle, fascia and tendon at wrist and hand level",2,nhamcs,0.146,0.000,0.0000,47,"nhamcs rule; NHAMCS ED 2016-2022 adults, any diagnosis, n=47"
S67,"Crushing injury of wrist, hand and fingers",2,nhamcs,0.059,0.000,0.0000,36,"nhamcs rule; NHAMCS ED 2016-2022 adults, primary diagnosis, n=36"
S68,"Traumatic amputation of wrist, hand and fingers",2,nhamcs,0.193,0.000,0.0000,31,"nhamcs rule; NHAMCS ED 2016-2022 adults, primary diagnosis, n=31"
S69,"Other and unspecified injuries of wrist, hand and finger(s)",3,nhamcs,0.025,0.000,0.0000,110,"nhamcs rule; NHAMCS ED 2016-2022 adults, primary diagnosis, n=110"
S70,Superficial injury of hip and thigh,2,nhamcs,0.053,0.000,0.0000,143,"nhamcs rule; NHAMCS ED 2016-2022 adults, primary diagnosis, n=143"
S70.0,Contusion of hip,3,nhamcs,0.046,0.000,0.0000,98,"nhamcs rule; NHAMCS ED 2016-2022 adults, primary diagnosis, n=98"
S71,Open wound of hip and thigh,3,nhamcs,0.029,0.000,0.0000,50,"nhamcs rule; NHAMCS ED 2016-2022 adults, primary diagnosis, n=50"
S72,Fracture of femur,1,nhamcs,0.893,0.060,0.0000,241,"nhamcs rule; NHAMCS ED 2016-2022 adults, primary diagnosis, n=241"
S73,Dislocation and sprain of joint and ligaments of hip,2,nhamcs,0.284,0.000,0.0000,35,"nhamcs rule; NHAMCS ED 2016-2022 adults, primary diagnosis, n=35"
S75,Injury of blood vessels at hip and thigh level,unscored,unscored,,,,1,"unscored: NHAMCS ED 2016-2022 adults, n=1 (under 30)"
S76,"Injury of muscle, fascia and tendon at hip and thigh level",3,nhamcs,0.000,0.000,0.0000,93,"nhamcs rule; NHAMCS ED 2016-2022 adults, primary diagnosis, n=93"
S77,Crushing injury of hip and thigh,unscored,unscored,,,,1,"unscored: NHAMCS ED 2016-2022 adults, n=1 (under 30)"
S79,Other and unspecified injuries of hip and thigh,unscored,unscored,,,,21,"unscored: NHAMCS ED 2016-2022 adults, n=21 (under 30)"
S80,Superficial injury of knee and lower leg,3,nhamcs,0.007,0.000,0.0000,368,"nhamcs rule; NHAMCS ED 2016-2022 adults, primary diagnosis, n=368"
S81,Open wound of knee and lower leg,3,nhamcs,0.048,0.000,0.0000,253,"nhamcs rule; NHAMCS ED 2016-2022 adults, primary diagnosis, n=253"
S81.8,Open wound of lower leg,2,nhamcs,0.054,0.000,0.0000,213,"nhamcs rule; NHAMCS ED 2016-2022 adults, primary diagnosis, n=213"
S82,"Fracture of lower leg, including ankle",2,nhamcs,0.264,0.004,0.0000,360,"nhamcs rule; NHAMCS ED 2016-2022 adults, primary diagnosis, n=360"
S82.2,Fracture of shaft of tibia,1,nhamcs,0.672,0.150,0.0000,44,"nhamcs rule; NHAMCS ED 2016-2022 adults, any diagnosis, n=44"
S82.4,Fracture of shaft of fibula,1,nhamcs,0.505,0.071,0.0000,66,"nhamcs rule; NHAMCS ED 2016-2022 adults, any diagnosis, n=66"
S83,Dislocation and sprain of joints and ligaments of knee,3,nhamcs,0.025,0.004,0.0000,205,"nhamcs rule; NHAMCS ED 2016-2022 adults, primary diagnosis, n=205"
S83.4,Sprain of collateral ligament of knee,2,nhamcs,0.092,0.028,0.0000,31,"nhamcs rule; NHAMCS ED 2016-2022 adults, primary diagnosis, n=31"
S84,Injury of nerves at lower leg level,unscored,unscored,,,,3,"unscored: NHAMCS ED 2016-2022 adults, n=3 (under 30)"
S85,Injury of blood vessels at lower leg level,unscored,unscored,,,,3,"unscored: NHAMCS ED 2016-2022 adults, n=3 (under 30)"
S86,"Injury of muscle, fascia and tendon at lower leg level",3,nhamcs,0.014,0.000,0.0000,117,"nhamcs rule; NHAMCS ED 2016-2022 adults, primary diagnosis, n=117"
S87,Crushing injury of lower leg,unscored,unscored,,,,4,"unscored: NHAMCS ED 2016-2022 adults, n=4 (under 30)"
S88,Traumatic amputation of lower leg,unscored,unscored,,,,1,"unscored: NHAMCS ED 2016-2022 adults, n=1 (under 30)"
S89,Other and unspecified injuries of lower leg,3,nhamcs,0.006,0.000,0.0699,85,"nhamcs rule; NHAMCS ED 2016-2022 adults, primary diagnosis, n=85"
S90,"Superficial injury of ankle, foot and toes",3,nhamcs,0.005,0.000,0.0000,238,"nhamcs rule; NHAMCS ED 2016-2022 adults, primary diagnosis, n=238"
S91,"Open wound of ankle, foot and toes",3,nhamcs,0.035,0.000,0.0000,194,"nhamcs rule; NHAMCS ED 2016-2022 adults, primary diagnosis, n=194"
S91.0,Open wound of ankle,2,nhamcs,0.184,0.000,0.0000,31,"nhamcs rule; NHAMCS ED 2016-2022 adults, any diagnosis, n=31"
S92,"Fracture of foot and toe, except ankle",3,nhamcs,0.036,0.000,0.0000,241,"nhamcs rule; NHAMCS ED 2016-2022 adults, primary diagnosis, n=241"
S93,"Dislocation and sprain of joints and ligaments at ankle, foot and toe level",3,nhamcs,0.000,0.000,0.0000,589,"nhamcs rule; NHAMCS ED 2016-2022 adults, primary diagnosis, n=589"
S94,Injury of nerves at ankle and foot level,unscored,unscored,,,,2,"unscored: NHAMCS ED 2016-2022 adults, n=2 (under 30)"
S95,Injury of blood vessels at ankle and foot level,unscored,unscored,,,,1,"unscored: NHAMCS ED 2016-2022 adults, n=1 (under 30)"
S96,Injury of muscle and tendon at ankle and foot level,3,nhamcs,0.000,0.000,0.0000,34,"nhamcs rule; NHAMCS ED 2016-2022 adults, primary diagnosis, n=34"
S97,Crushing injury of ankle and foot,unscored,unscored,,,,16,"unscored: NHAMCS ED 2016-2022 adults, n=16 (under 30)"
S98,Traumatic amputation of ankle and foot,unscored,unscored,,,,7,"unscored: NHAMCS ED 2016-2022 adults, n=7 (under 30)"
S99,Other and unspecified injuries of ankle and foot,3,nhamcs,0.002,0.002,0.0000,87,"nhamcs rule; NHAMCS ED 2016-2022 adults, primary diagnosis, n=87"
T07,Unspecified multiple injuries,1,nhamcs,0.198,0.085,0.0000,41,"nhamcs rule; NHAMCS ED 2016-2022 adults, any diagnosis, n=41"
T10,not an ICD-10-CM FY2026 code,unscored,unscored,,,,0,"unscored: NHAMCS ED 2016-2022 adults, n=0 (under 30)"
T14,Injury of unspecified body region,2,nhamcs,0.075,0.018,0.0033,753,"nhamcs rule; NHAMCS ED 2016-2022 adults, primary diagnosis, n=753"
T15,Foreign body on external eye,3,nhamcs,0.028,0.000,0.0000,70,"nhamcs rule; NHAMCS ED 2016-2022 adults, primary diagnosis, n=70"
T16,Foreign body in ear,3,nhamcs,0.000,0.000,0.0000,46,"nhamcs rule; NHAMCS ED 2016-2022 adults, primary diagnosis, n=46"
T17,Foreign body in respiratory tract,2,nhamcs,0.172,0.019,0.0000,32,"DDXPlus map first (Croup, Epiglottitis, Larygospasm); nhamcs rule; NHAMCS ED 2016-2022 adults, any diagnosis, n=32"
T18,Foreign body in alimentary tract,2,nhamcs,0.265,0.005,0.0000,89,"nhamcs rule; NHAMCS ED 2016-2022 adults, primary diagnosis, n=89"
T19,Foreign body in genitourinary tract,unscored,unscored,,,,21,"unscored: NHAMCS ED 2016-2022 adults, n=21 (under 30)"
T20,"Burn and corrosion of head, face, and neck",2,nhamcs,0.099,0.008,0.0000,36,"nhamcs rule; NHAMCS ED 2016-2022 adults, any diagnosis, n=36"
T21,Burn and corrosion of trunk,2,nhamcs,0.096,0.010,0.0000,32,"nhamcs rule; NHAMCS ED 2016-2022 adults, any diagnosis, n=32"
T22,"Burn and corrosion of shoulder and upper limb, except wrist and hand",2,nhamcs,0.103,0.000,0.0000,36,"nhamcs rule; NHAMCS ED 2016-2022 adults, primary diagnosis, n=36"
T23,Burn and corrosion of wrist and hand,3,nhamcs,0.013,0.000,0.0000,66,"nhamcs rule; NHAMCS ED 2016-2022 adults, primary diagnosis, n=66"
T24,"Burn and corrosion of lower limb, except ankle and foot",2,nhamcs,0.070,0.000,0.0000,31,"nhamcs rule; NHAMCS ED 2016-2022 adults, primary diagnosis, n=31"
T25,Burn and corrosion of ankle and foot,2,nhamcs,0.094,0.000,0.0000,30,"nhamcs rule; NHAMCS ED 2016-2022 adults, any diagnosis, n=30"
T26,Burn and corrosion confined to eye and adnexa,unscored,unscored,,,,24,"unscored: NHAMCS ED 2016-2022 adults, n=24 (under 30)"
T27,Burn and corrosion of respiratory tract,unscored,unscored,,,,1,"unscored: NHAMCS ED 2016-2022 adults, n=1 (under 30)"
T28,Burn and corrosion of other internal organs,unscored,unscored,,,,2,"unscored: NHAMCS ED 2016-2022 adults, n=2 (under 30)"
T30,"Burn and corrosion, body region unspecified",unscored,unscored,,,,24,"unscored: NHAMCS ED 2016-2022 adults, n=24 (under 30)"
T31,Burns classified according to extent of body surface involved,3,nhamcs,0.047,0.020,0.0000,46,"nhamcs rule; NHAMCS ED 2016-2022 adults, any diagnosis, n=46"
T32,Corrosions classified according to extent of body surface involved,unscored,unscored,,,,1,"unscored: NHAMCS ED 2016-2022 adults, n=1 (under 30)"
T33,Superficial frostbite,unscored,unscored,,,,13,"unscored: NHAMCS ED 2016-2022 adults, n=13 (under 30)"
T36,"Poisoning by, adverse effect of and underdosing of systemic antibiotics",3,nhamcs,0.012,0.000,0.0000,33,"nhamcs rule; NHAMCS ED 2016-2022 adults, primary diagnosis, n=33"
T37,"Poisoning by, adverse effect of and underdosing of other systemic anti-infectives and antiparasitics",unscored,unscored,,,,14,"unscored: NHAMCS ED 2016-2022 adults, n=14 (under 30)"
T38,"Poisoning by, adverse effect of and underdosing of hormones and their synthetic substitutes and antagonists, not elsewhere classified",1,nhamcs,0.194,0.062,0.0000,44,"nhamcs rule; NHAMCS ED 2016-2022 adults, any diagnosis, n=44"
T39,"Poisoning by, adverse effect of and underdosing of nonopioid analgesics, antipyretics and antirheumatics",2,nhamcs,0.143,0.023,0.0000,40,"nhamcs rule; NHAMCS ED 2016-2022 adults, primary diagnosis, n=40"
T40,"Poisoning by, adverse effect of and underdosing of narcotics and psychodysleptics [hallucinogens]",1,nhamcs,0.143,0.071,0.0039,223,"nhamcs rule; NHAMCS ED 2016-2022 adults, primary diagnosis, n=223"
T40.1,Poisoning by and adverse effect of heroin,2,nhamcs,0.099,0.037,0.0089,99,"nhamcs rule; NHAMCS ED 2016-2022 adults, primary diagnosis, n=99"
T41,"Poisoning by, adverse effect of and underdosing of anesthetics and therapeutic gases",unscored,unscored,,,,1,"unscored: NHAMCS ED 2016-2022 adults, n=1 (under 30)"
T42,"Poisoning by, adverse effect of and underdosing of antiepileptic, sedative- hypnotic and antiparkinsonism drugs",1,nhamcs,0.263,0.106,0.0000,60,"nhamcs rule; NHAMCS ED 2016-2022 adults, primary diagnosis, n=60"
T43,"Poisoning by, adverse effect of and underdosing of psychotropic drugs, not elsewhere classified",2,nhamcs,0.383,0.040,0.0000,62,"nhamcs rule; NHAMCS ED 2016-2022 adults, primary diagnosis, n=62"
T43.5,"Poisoning by, adverse effect of and underdosing of other and unspecified antipsychotics and neuroleptics",1,nhamcs,0.457,0.240,0.0000,35,"nhamcs rule; NHAMCS ED 2016-2022 adults, any diagnosis, n=35"
T44,"Poisoning by, adverse effect of and underdosing of drugs primarily affecting the autonomic nervous system",unscored,unscored,,,,18,"unscored: NHAMCS ED 2016-2022 adults, n=18 (under 30)"
T45,"Poisoning by, adverse effect of and underdosing of primarily systemic and hematological agents, not elsewhere classified",1,nhamcs,0.408,0.071,0.0000,66,"nhamcs rule; NHAMCS ED 2016-2022 adults, any diagnosis, n=66"
T46,"Poisoning by, adverse effect of and underdosing of agents primarily affecting the cardiovascular system",1,nhamcs,0.237,0.187,0.0000,43,"nhamcs rule; NHAMCS ED 2016-2022 adults, any diagnosis, n=43"
T47,"Poisoning by, adverse effect of and underdosing of agents primarily affecting the gastrointestinal system",unscored,unscored,,,,3,"unscored: NHAMCS ED 2016-2022 adults, n=3 (under 30)"
T48,"Poisoning by, adverse effect of and underdosing of agents primarily acting on smooth and skeletal muscles and the respiratory system",unscored,unscored,,,,13,"unscored: NHAMCS ED 2016-2022 adults, n=13 (under 30)"
T49,"Poisoning by, adverse effect of and underdosing of topical agents primarily affecting skin and mucous membrane and by ophthalmological, otorhinorlaryngological and dental drugs",unscored,unscored,,,,5,"unscored: NHAMCS ED 2016-2022 adults, n=5 (under 30)"
T50,"Poisoning by, adverse effect of and underdosing of diuretics and other and unspecified drugs, medicaments and biological substances",1,nhamcs,0.172,0.060,0.0046,146,"nhamcs rule; NHAMCS ED 2016-2022 adults, primary diagnosis, n=146"
T51,Toxic effect of alcohol,1,nhamcs,0.162,0.054,0.0000,45,"nhamcs rule; NHAMCS ED 2016-2022 adults, any diagnosis, n=45"
T52,Toxic effect of organic solvents,unscored,unscored,,,,4,"unscored: NHAMCS ED 2016-2022 adults, n=4 (under 30)"
T54,Toxic effect of corrosive substances,unscored,unscored,,,,16,"unscored: NHAMCS ED 2016-2022 adults, n=16 (under 30)"
T55,Toxic effect of soaps and detergents,unscored,unscored,,,,2,"unscored: NHAMCS ED 2016-2022 adults, n=2 (under 30)"
T56,Toxic effect of metals,unscored,unscored,,,,1,"unscored: NHAMCS ED 2016-2022 adults, n=1 (under 30)"
T58,Toxic effect of carbon monoxide,unscored,unscored,,,,10,"unscored: NHAMCS ED 2016-2022 adults, n=10 (under 30)"
T59,"Toxic effect of other gases, fumes and vapors",3,nhamcs,0.016,0.010,0.0000,37,"nhamcs rule; NHAMCS ED 2016-2022 adults, any diagnosis, n=37"
T60,Toxic effect of pesticides,unscored,unscored,,,,2,"unscored: NHAMCS ED 2016-2022 adults, n=2 (under 30)"
T61,Toxic effect of noxious substances eaten as seafood,unscored,unscored,,,,1,"DDXPlus map first (Anaphylaxis, Scombroid food poisoning); unscored: NHAMCS ED 2016-2022 adults, n=1 (under 30)"
T62,Toxic effect of other noxious substances eaten as food,unscored,unscored,,,,25,"unscored: NHAMCS ED 2016-2022 adults, n=25 (under 30)"
T63,Toxic effect of contact with venomous animals and plants,3,nhamcs,0.041,0.031,0.0000,103,"nhamcs rule; NHAMCS ED 2016-2022 adults, primary diagnosis, n=103"
T65,Toxic effect of other and unspecified substances,1,nhamcs,0.142,0.086,0.0000,39,"nhamcs rule; NHAMCS ED 2016-2022 adults, any diagnosis, n=39"
T67,Effects of heat and light,3,nhamcs,0.010,0.000,0.0000,37,"nhamcs rule; NHAMCS ED 2016-2022 adults, any diagnosis, n=37"
T68,Hypothermia,unscored,unscored,,,,29,"unscored: NHAMCS ED 2016-2022 adults, n=29 (under 30)"
T69,Other effects of reduced temperature,unscored,unscored,,,,11,"unscored: NHAMCS ED 2016-2022 adults, n=11 (under 30)"
T70,Effects of air pressure and water pressure,unscored,unscored,,,,7,"unscored: NHAMCS ED 2016-2022 adults, n=7 (under 30)"
T71,Asphyxiation,unscored,unscored,,,,13,"unscored: NHAMCS ED 2016-2022 adults, n=13 (under 30)"
T73,Effects of other deprivation,unscored,unscored,,,,12,"unscored: NHAMCS ED 2016-2022 adults, n=12 (under 30)"
T74,"Adult and child abuse, neglect and other maltreatment, confirmed",2,nhamcs,0.093,0.000,0.0000,35,"nhamcs rule; NHAMCS ED 2016-2022 adults, primary diagnosis, n=35"
T75,Other and unspecified effects of other external causes,unscored,unscored,,,,26,"unscored: NHAMCS ED 2016-2022 adults, n=26 (under 30)"
T76,"Adult and child abuse, neglect and other maltreatment, suspected",3,nhamcs,0.009,0.000,0.0000,41,"nhamcs rule; NHAMCS ED 2016-2022 adults, primary diagnosis, n=41"
T78,"Adverse effects, not elsewhere classified",3,nhamcs,0.045,0.020,0.0000,426,"DDXPlus map first (Allergic sinusitis, Anaphylaxis, Scombroid food poisoning); nhamcs rule; NHAMCS ED 2016-2022 adults, primary diagnosis, n=426"
T78.2,"Anaphylactic shock, unspecified",1,nhamcs,0.081,0.071,0.0000,32,"nhamcs rule; NHAMCS ED 2016-2022 adults, primary diagnosis, n=32"
T78.3,Angioneurotic edema,1,nhamcs,0.207,0.096,0.0000,65,"nhamcs rule; NHAMCS ED 2016-2022 adults, primary diagnosis, n=65"
T79,"Certain early complications of trauma, not elsewhere classified",2,nhamcs,0.395,0.009,0.0000,32,"nhamcs rule; NHAMCS ED 2016-2022 adults, any diagnosis, n=32"
T80,"Complications following infusion, transfusion and therapeutic injection",unscored,unscored,,,,28,"DDXPlus map first (Anaphylaxis, Scombroid food poisoning); unscored: NHAMCS ED 2016-2022 adults, n=28 (under 30)"
T81,"Complications of procedures, not elsewhere classified",2,nhamcs,0.341,0.018,0.0000,136,"nhamcs rule; NHAMCS ED 2016-2022 adults, primary diagnosis, n=136"
T82,"Complications of cardiac and vascular prosthetic devices, implants and grafts",2,nhamcs,0.307,0.012,0.0000,99,"nhamcs rule; NHAMCS ED 2016-2022 adults, primary diagnosis, n=99"
T83,"Complications of genitourinary prosthetic devices, implants and grafts",2,nhamcs,0.114,0.000,0.0000,145,"nhamcs rule; NHAMCS ED 2016-2022 adults, primary diagnosis, n=145"
T83.5,"Infection and inflammatory reaction due to prosthetic device, implant and graft in urinary system",1,nhamcs,0.499,0.111,0.0000,57,"nhamcs rule; NHAMCS ED 2016-2022 adults, any diagnosis, n=57"
T84,"Complications of internal orthopedic prosthetic devices, implants and grafts",unscored,unscored,,,,20,"unscored: NHAMCS ED 2016-2022 adults, n=20 (under 30)"
T85,"Complications of other internal prosthetic devices, implants and grafts",2,nhamcs,0.254,0.019,0.0000,30,"nhamcs rule; NHAMCS ED 2016-2022 adults, primary diagnosis, n=30"
T86,Complications of transplanted organs and tissue,unscored,unscored,,,,15,"unscored: NHAMCS ED 2016-2022 adults, n=15 (under 30)"
T87,Complications peculiar to reattachment and amputation,unscored,unscored,,,,17,"unscored: NHAMCS ED 2016-2022 adults, n=17 (under 30)"
T88,"Other complications of surgical and medical care, not elsewhere classified",1,nhamcs,0.082,0.064,0.0000,40,"DDXPlus map first (Anaphylaxis, Scombroid food poisoning); nhamcs rule; NHAMCS ED 2016-2022 adults, primary diagnosis, n=40"
T88.7,Unspecified adverse effect of drug or medicament,3,nhamcs,0.049,0.011,0.0000,53,"nhamcs rule; NHAMCS ED 2016-2022 adults, any diagnosis, n=53"
T90,not an ICD-10-CM FY2026 code,unscored,unscored,,,,0,"unscored: NHAMCS ED 2016-2022 adults, n=0 (under 30)"
U07,Emergency use of U07 (U07.1 COVID-19; U07.0 vaping-related disorder),2,nhamcs,0.185,0.046,0.0010,974,"nhamcs rule; NHAMCS ED 2016-2022 adults, primary diagnosis, n=974"
U09,Post COVID-19 condition,unscored,unscored,,,,5,"unscored: NHAMCS ED 2016-2022 adults, n=5 (under 30)"
V46,Car occupant injured in collision with other nonmotor vehicle,unscored,unscored,,,,1,"unscored: external cause code (V00-Y99); NHAMCS ED 2016-2022 adults, n=1 (under 30)"
V47,Car occupant injured in collision with fixed or stationary object,unscored,unscored,,,,1,"unscored: external cause code (V00-Y99); NHAMCS ED 2016-2022 adults, n=1 (under 30)"
V49,Car occupant injured in other and unspecified transport accidents,unscored,unscored,,,,3,"unscored: external cause code (V00-Y99); NHAMCS ED 2016-2022 adults, n=3 (under 30)"
V87,Traffic accident of specified type but victim's mode of transport unknown,unscored,unscored,,,,1,"unscored: external cause code (V00-Y99); NHAMCS ED 2016-2022 adults, n=1 (under 30)"
V89,"Motor- or nonmotor-vehicle accident, type of vehicle unspecified",unscored,unscored,,,,6,"unscored: external cause code (V00-Y99); NHAMCS ED 2016-2022 adults, n=6 (under 30)"
W00,Fall due to ice and snow,unscored,unscored,,,,1,"unscored: external cause code (V00-Y99); NHAMCS ED 2016-2022 adults, n=1 (under 30)"
W01,"Fall on same level from slipping, tripping and stumbling",unscored,unscored,,,,1,"unscored: external cause code (V00-Y99); NHAMCS ED 2016-2022 adults, n=1 (under 30)"
W13,"Fall from, out of or through building or structure",unscored,unscored,,,,1,"unscored: external cause code (V00-Y99); NHAMCS ED 2016-2022 adults, n=1 (under 30)"
W17,Other fall from one level to another,unscored,unscored,,,,1,"unscored: external cause code (V00-Y99); NHAMCS ED 2016-2022 adults, n=1 (under 30)"
W18,"Other slipping, tripping and stumbling and falls",unscored,unscored,,,,6,"unscored: external cause code (V00-Y99); NHAMCS ED 2016-2022 adults, n=6 (under 30)"
W19,Unspecified fall,unscored,unscored,,,,10,"unscored: external cause code (V00-Y99); NHAMCS ED 2016-2022 adults, n=10 (under 30)"
W22,Striking against or struck by other objects,unscored,unscored,,,,2,"unscored: external cause code (V00-Y99); NHAMCS ED 2016-2022 adults, n=2 (under 30)"
W45,Foreign body or object entering through skin,unscored,unscored,,,,2,"unscored: external cause code (V00-Y99); NHAMCS ED 2016-2022 adults, n=2 (under 30)"
W54,Contact with dog,unscored,unscored,,,,1,"unscored: external cause code (V00-Y99); NHAMCS ED 2016-2022 adults, n=1 (under 30)"
W89,Exposure to man-made visible and ultraviolet light,unscored,unscored,,,,1,"unscored: external cause code (V00-Y99); NHAMCS ED 2016-2022 adults, n=1 (under 30)"
X08,"Exposure to other specified smoke, fire and flames",unscored,unscored,,,,2,"unscored: external cause code (V00-Y99); NHAMCS ED 2016-2022 adults, n=2 (under 30)"
X50,Overexertion and strenuous or repetitive movements,unscored,unscored,,,,2,"unscored: external cause code (V00-Y99); NHAMCS ED 2016-2022 adults, n=2 (under 30)"
X58,Exposure to other specified factors,unscored,unscored,,,,5,"unscored: external cause code (V00-Y99); NHAMCS ED 2016-2022 adults, n=5 (under 30)"
X79,Intentional self-harm by blunt object,unscored,unscored,,,,1,"unscored: external cause code (V00-Y99); NHAMCS ED 2016-2022 adults, n=1 (under 30)"
Y04,Assault by bodily force,unscored,unscored,,,,2,"unscored: external cause code (V00-Y99); NHAMCS ED 2016-2022 adults, n=2 (under 30)"
Y09,Assault by unspecified means,unscored,unscored,,,,3,"unscored: external cause code (V00-Y99); NHAMCS ED 2016-2022 adults, n=3 (under 30)"
Y90,Evidence of alcohol involvement determined by blood alcohol level,unscored,unscored,,,,7,"unscored: external cause code (V00-Y99); NHAMCS ED 2016-2022 adults, n=7 (under 30)"
Y92,Place of occurrence of the external cause,unscored,unscored,,,,6,"unscored: external cause code (V00-Y99); NHAMCS ED 2016-2022 adults, n=6 (under 30)"
Y93,Activity codes,unscored,unscored,,,,4,"unscored: external cause code (V00-Y99); NHAMCS ED 2016-2022 adults, n=4 (under 30)"
Y99,External cause status,unscored,unscored,,,,2,"unscored: external cause code (V00-Y99); NHAMCS ED 2016-2022 adults, n=2 (under 30)"
Z00,"Encounter for general examination without complaint, suspected or reported diagnosis",unscored,unscored,0.065,0.004,0.0000,251,"unscored: factors influencing health status (Z00-Z99); NHAMCS ED 2016-2022 adults, primary diagnosis, n=251"
Z01,"Encounter for other special examination without complaint, suspected or reported diagnosis",unscored,unscored,0.190,0.000,0.0000,63,"unscored: factors influencing health status (Z00-Z99); NHAMCS ED 2016-2022 adults, any diagnosis, n=63"
Z02,Encounter for administrative examination,unscored,unscored,0.051,0.000,0.0000,100,"unscored: factors influencing health status (Z00-Z99); NHAMCS ED 2016-2022 adults, primary diagnosis, n=100"
Z03,Encounter for medical observation for suspected diseases and conditions ruled out,unscored,unscored,0.126,0.000,0.0000,50,"unscored: factors influencing health status (Z00-Z99); NHAMCS ED 2016-2022 adults, primary diagnosis, n=50"
Z04,Encounter for examination and observation for other reasons,unscored,unscored,0.075,0.000,0.0000,324,"unscored: factors influencing health status (Z00-Z99); NHAMCS ED 2016-2022 adults, primary diagnosis, n=324"
Z08,Encounter for follow-up examination after completed treatment for malignant neoplasm,unscored,unscored,,,,1,"unscored: factors influencing health status (Z00-Z99); NHAMCS ED 2016-2022 adults, n=1 (under 30)"
Z09,Encounter for follow-up examination after completed treatment for conditions other than malignant neoplasm,unscored,unscored,0.080,0.048,0.0000,62,"unscored: factors influencing health status (Z00-Z99); NHAMCS ED 2016-2022 adults, any diagnosis, n=62"
Z11,Encounter for screening for infectious and parasitic diseases,unscored,unscored,0.000,0.000,0.0000,122,"unscored: factors influencing health status (Z00-Z99); NHAMCS ED 2016-2022 adults, primary diagnosis, n=122"
Z12,Encounter for screening for malignant neoplasms,unscored,unscored,,,,6,"unscored: factors influencing health status (Z00-Z99); NHAMCS ED 2016-2022 adults, n=6 (under 30)"
Z13,Encounter for screening for other diseases and disorders,unscored,unscored,0.014,0.003,0.0000,97,"unscored: factors influencing health status (Z00-Z99); NHAMCS ED 2016-2022 adults, primary diagnosis, n=97"
Z14,Genetic carrier,unscored,unscored,,,,6,"unscored: factors influencing health status (Z00-Z99); NHAMCS ED 2016-2022 adults, n=6 (under 30)"
Z15,Genetic susceptibility to disease,unscored,unscored,,,,3,"unscored: factors influencing health status (Z00-Z99); NHAMCS ED 2016-2022 adults, n=3 (under 30)"
Z16,Resistance to antimicrobial drugs,unscored,unscored,,,,7,"unscored: factors influencing health status (Z00-Z99); NHAMCS ED 2016-2022 adults, n=7 (under 30)"
Z17,"Estrogen, and other hormones and factors receptor status",unscored,unscored,,,,4,"unscored: factors influencing health status (Z00-Z99); NHAMCS ED 2016-2022 adults, n=4 (under 30)"
Z18,Retained foreign body fragments,unscored,unscored,,,,10,"unscored: factors influencing health status (Z00-Z99); NHAMCS ED 2016-2022 adults, n=10 (under 30)"
Z19,Hormone sensitivity malignancy status,unscored,unscored,,,,1,"unscored: factors influencing health status (Z00-Z99); NHAMCS ED 2016-2022 adults, n=1 (under 30)"
Z20,Contact with and (suspected) exposure to communicable diseases,unscored,unscored,0.050,0.008,0.0000,395,"unscored: factors influencing health status (Z00-Z99); NHAMCS ED 2016-2022 adults, primary diagnosis, n=395"
Z21,Asymptomatic human immunodeficiency virus [HIV] infection status,unscored,unscored,0.058,0.017,0.0000,88,"unscored: factors influencing health status (Z00-Z99); NHAMCS ED 2016-2022 adults, any diagnosis, n=88"
Z22,Carrier of infectious disease,unscored,unscored,,,,5,"unscored: factors influencing health status (Z00-Z99); NHAMCS ED 2016-2022 adults, n=5 (under 30)"
Z23,Encounter for immunization,unscored,unscored,0.045,0.006,0.0000,227,"unscored: factors influencing health status (Z00-Z99); NHAMCS ED 2016-2022 adults, any diagnosis, n=227"
Z28,Immunization not carried out and underimmunization status,unscored,unscored,,,,13,"unscored: factors influencing health status (Z00-Z99); NHAMCS ED 2016-2022 adults, n=13 (under 30)"
Z29,Encounter for other prophylactic measures,unscored,unscored,,,,16,"unscored: factors influencing health status (Z00-Z99); NHAMCS ED 2016-2022 adults, n=16 (under 30)"
Z30,Encounter for contraceptive management,unscored,unscored,,,,22,"unscored: factors influencing health status (Z00-Z99); NHAMCS ED 2016-2022 adults, n=22 (under 30)"
Z31,Encounter for procreative management,unscored,unscored,,,,2,"unscored: factors influencing health status (Z00-Z99); NHAMCS ED 2016-2022 adults, n=2 (under 30)"
Z32,Encounter for pregnancy test and childbirth and childcare instruction,unscored,unscored,0.000,0.000,0.0000,37,"unscored: factors influencing health status (Z00-Z99); NHAMCS ED 2016-2022 adults, primary diagnosis, n=37"
Z33,Pregnant state,unscored,unscored,0.083,0.000,0.0000,37,"unscored: factors influencing health status (Z00-Z99); NHAMCS ED 2016-2022 adults, primary diagnosis, n=37"
Z34,Encounter for supervision of normal pregnancy,unscored,unscored,0.068,0.000,0.0000,215,"unscored: factors influencing health status (Z00-Z99); NHAMCS ED 2016-2022 adults, primary diagnosis, n=215"
Z36,Encounter for antenatal screening of mother,unscored,unscored,,,,10,"unscored: factors influencing health status (Z00-Z99); NHAMCS ED 2016-2022 adults, n=10 (under 30)"
Z37,Outcome of delivery,unscored,unscored,0.836,0.000,0.0000,65,"unscored: factors influencing health status (Z00-Z99); NHAMCS ED 2016-2022 adults, any diagnosis, n=65"
Z39,Encounter for maternal postpartum care and examination,unscored,unscored,,,,22,"unscored: factors influencing health status (Z00-Z99); NHAMCS ED 2016-2022 adults, n=22 (under 30)"
Z40,Encounter for prophylactic surgery,unscored,unscored,,,,2,"unscored: factors influencing health status (Z00-Z99); NHAMCS ED 2016-2022 adults, n=2 (under 30)"
Z41,Encounter for procedures for purposes other than remedying health state,unscored,unscored,,,,5,"unscored: factors influencing health status (Z00-Z99); NHAMCS ED 2016-2022 adults, n=5 (under 30)"
Z43,Encounter for attention to artificial openings,unscored,unscored,0.000,0.000,0.0000,37,"unscored: factors influencing health status (Z00-Z99); NHAMCS ED 2016-2022 adults, primary diagnosis, n=37"
Z45,Encounter for adjustment and management of implanted device,unscored,unscored,0.125,0.000,0.0000,32,"unscored: factors influencing health status (Z00-Z99); NHAMCS ED 2016-2022 adults, primary diagnosis, n=32"
Z46,Encounter for fitting and adjustment of other devices,unscored,unscored,0.000,0.000,0.0000,53,"unscored: factors influencing health status (Z00-Z99); NHAMCS ED 2016-2022 adults, primary diagnosis, n=53"
Z47,Orthopedic aftercare,unscored,unscored,,,,21,"unscored: factors influencing health status (Z00-Z99); NHAMCS ED 2016-2022 adults, n=21 (under 30)"
Z48,Encounter for other postprocedural aftercare,unscored,unscored,0.007,0.003,0.0000,435,"unscored: factors influencing health status (Z00-Z99); NHAMCS ED 2016-2022 adults, primary diagnosis, n=435"
Z49,Encounter for care involving renal dialysis,unscored,unscored,,,,8,"unscored: factors influencing health status (Z00-Z99); NHAMCS ED 2016-2022 adults, n=8 (under 30)"
Z51,Encounter for other aftercare and medical care,unscored,unscored,0.017,0.000,0.0099,66,"unscored: factors influencing health status (Z00-Z99); NHAMCS ED 2016-2022 adults, primary diagnosis, n=66"
Z52,Donors of organs and tissues,unscored,unscored,,,,2,"unscored: factors influencing health status (Z00-Z99); NHAMCS ED 2016-2022 adults, n=2 (under 30)"
Z53,"Persons encountering health services for specific procedures and treatment, not carried out",unscored,unscored,0.001,0.001,0.0000,711,"unscored: factors influencing health status (Z00-Z99); NHAMCS ED 2016-2022 adults, primary diagnosis, n=711"
Z55,Problems related to education and literacy,unscored,unscored,,,,3,"unscored: factors influencing health status (Z00-Z99); NHAMCS ED 2016-2022 adults, n=3 (under 30)"
Z56,Problems related to employment and unemployment,unscored,unscored,,,,18,"unscored: factors influencing health status (Z00-Z99); NHAMCS ED 2016-2022 adults, n=18 (under 30)"
Z57,Occupational exposure to risk factors,unscored,unscored,,,,6,"unscored: factors influencing health status (Z00-Z99); NHAMCS ED 2016-2022 adults, n=6 (under 30)"
Z59,Problems related to housing and economic circumstances,unscored,unscored,0.000,0.000,0.0000,46,"unscored: factors influencing health status (Z00-Z99); NHAMCS ED 2016-2022 adults, primary diagnosis, n=46"
Z60,Problems related to social environment,unscored,unscored,,,,17,"unscored: factors influencing health status (Z00-Z99); NHAMCS ED 2016-2022 adults, n=17 (under 30)"
Z62,Problems related to upbringing,unscored,unscored,,,,16,"unscored: factors influencing health status (Z00-Z99); NHAMCS ED 2016-2022 adults, n=16 (under 30)"
Z63,"Other problems related to primary support group, including family circumstances",unscored,unscored,0.167,0.000,0.0000,39,"unscored: factors influencing health status (Z00-Z99); NHAMCS ED 2016-2022 adults, any diagnosis, n=39"
Z64,Problems related to certain psychosocial circumstances,unscored,unscored,,,,2,"unscored: factors influencing health status (Z00-Z99); NHAMCS ED 2016-2022 adults, n=2 (under 30)"
Z65,Problems related to other psychosocial circumstances,unscored,unscored,0.067,0.000,0.0000,57,"unscored: factors influencing health status (Z00-Z99); NHAMCS ED 2016-2022 adults, any diagnosis, n=57"
Z66,Do not resuscitate,unscored,unscored,,,,19,"unscored: factors influencing health status (Z00-Z99); NHAMCS ED 2016-2022 adults, n=19 (under 30)"
Z67,Blood type,unscored,unscored,,,,4,"unscored: factors influencing health status (Z00-Z99); NHAMCS ED 2016-2022 adults, n=4 (under 30)"
Z68,Body mass index [BMI],unscored,unscored,0.553,0.137,0.0000,133,"unscored: factors influencing health status (Z00-Z99); NHAMCS ED 2016-2022 adults, any diagnosis, n=133"
Z70,"Counseling related to sexual attitude, behavior and orientation",unscored,unscored,,,,2,"unscored: factors influencing health status (Z00-Z99); NHAMCS ED 2016-2022 adults, n=2 (under 30)"
Z71,"Persons encountering health services for other counseling and medical advice, not elsewhere classified",unscored,unscored,0.015,0.000,0.0000,55,"unscored: factors influencing health status (Z00-Z99); NHAMCS ED 2016-2022 adults, primary diagnosis, n=55"
Z72,Problems related to lifestyle,unscored,unscored,0.171,0.007,0.0008,518,"unscored: factors influencing health status (Z00-Z99); NHAMCS ED 2016-2022 adults, any diagnosis, n=518"
Z73,Problems related to life management difficulty,unscored,unscored,,,,26,"unscored: factors influencing health status (Z00-Z99); NHAMCS ED 2016-2022 adults, n=26 (under 30)"
Z74,Problems related to care provider dependency,unscored,unscored,,,,29,"unscored: factors influencing health status (Z00-Z99); NHAMCS ED 2016-2022 adults, n=29 (under 30)"
Z75,Problems related to medical facilities and other health care,unscored,unscored,,,,12,"unscored: factors influencing health status (Z00-Z99); NHAMCS ED 2016-2022 adults, n=12 (under 30)"
Z76,Persons encountering health services in other circumstances,unscored,unscored,0.003,0.000,0.0000,276,"unscored: factors influencing health status (Z00-Z99); NHAMCS ED 2016-2022 adults, primary diagnosis, n=276"
Z77,Other contact with and (suspected) exposures hazardous to health,unscored,unscored,0.000,0.000,0.0000,66,"unscored: factors influencing health status (Z00-Z99); NHAMCS ED 2016-2022 adults, primary diagnosis, n=66"
Z78,Other specified health status,unscored,unscored,,,,25,"unscored: factors influencing health status (Z00-Z99); NHAMCS ED 2016-2022 adults, n=25 (under 30)"
Z79,Long term (current) drug therapy,unscored,unscored,0.101,0.015,0.0025,1249,"unscored: factors influencing health status (Z00-Z99); NHAMCS ED 2016-2022 adults, any diagnosis, n=1249"
Z80,Family history of primary malignant neoplasm,unscored,unscored,,,,9,"unscored: factors influencing health status (Z00-Z99); NHAMCS ED 2016-2022 adults, n=9 (under 30)"
Z81,Family history of mental and behavioral disorders,unscored,unscored,,,,11,"unscored: factors influencing health status (Z00-Z99); NHAMCS ED 2016-2022 adults, n=11 (under 30)"
Z82,Family history of certain disabilities and chronic diseases (leading to disablement),unscored,unscored,0.043,0.000,0.0000,54,"unscored: factors influencing health status (Z00-Z99); NHAMCS ED 2016-2022 adults, any diagnosis, n=54"
Z83,Family history of other specific disorders,unscored,unscored,,,,18,"unscored: factors influencing health status (Z00-Z99); NHAMCS ED 2016-2022 adults, n=18 (under 30)"
Z84,Family history of other conditions,unscored,unscored,,,,1,"unscored: factors influencing health status (Z00-Z99); NHAMCS ED 2016-2022 adults, n=1 (under 30)"
Z85,Personal history of malignant neoplasm,unscored,unscored,0.187,0.020,0.0050,229,"unscored: factors influencing health status (Z00-Z99); NHAMCS ED 2016-2022 adults, any diagnosis, n=229"
Z86,Personal history of certain other diseases,unscored,unscored,0.154,0.045,0.0083,57,"unscored: factors influencing health status (Z00-Z99); NHAMCS ED 2016-2022 adults, primary diagnosis, n=57"
Z87,Personal history of other diseases and conditions,unscored,unscored,0.023,0.000,0.0000,37,"unscored: factors influencing health status (Z00-Z99); NHAMCS ED 2016-2022 adults, primary diagnosis, n=37"
Z88,"Allergy status to drugs, medicaments and biological substances",unscored,unscored,0.051,0.006,0.0000,473,"unscored: factors influencing health status (Z00-Z99); NHAMCS ED 2016-2022 adults, any diagnosis, n=473"
Z89,Acquired absence of limb,unscored,unscored,0.239,0.041,0.0000,38,"unscored: factors influencing health status (Z00-Z99); NHAMCS ED 2016-2022 adults, any diagnosis, n=38"
Z90,"Acquired absence of organs, not elsewhere classified",unscored,unscored,0.182,0.033,0.0000,225,"unscored: factors influencing health status (Z00-Z99); NHAMCS ED 2016-2022 adults, any diagnosis, n=225"
Z91,"Personal risk factors, not elsewhere classified",unscored,unscored,0.161,0.018,0.0000,59,"unscored: factors influencing health status (Z00-Z99); NHAMCS ED 2016-2022 adults, primary diagnosis, n=59"
Z92,Personal history of medical treatment,unscored,unscored,0.260,0.067,0.0000,49,"unscored: factors influencing health status (Z00-Z99); NHAMCS ED 2016-2022 adults, any diagnosis, n=49"
Z93,Artificial opening status,unscored,unscored,0.183,0.016,0.0170,47,"unscored: factors influencing health status (Z00-Z99); NHAMCS ED 2016-2022 adults, any diagnosis, n=47"
Z94,Transplanted organ and tissue status,unscored,unscored,0.421,0.030,0.0000,86,"unscored: factors influencing health status (Z00-Z99); NHAMCS ED 2016-2022 adults, any diagnosis, n=86"
Z95,Presence of cardiac and vascular implants and grafts,unscored,unscored,0.270,0.048,0.0100,238,"unscored: factors influencing health status (Z00-Z99); NHAMCS ED 2016-2022 adults, any diagnosis, n=238"
Z96,Presence of other functional implants,unscored,unscored,0.249,0.003,0.0000,125,"unscored: factors influencing health status (Z00-Z99); NHAMCS ED 2016-2022 adults, any diagnosis, n=125"
Z97,Presence of other devices,unscored,unscored,,,,22,"unscored: factors influencing health status (Z00-Z99); NHAMCS ED 2016-2022 adults, n=22 (under 30)"
Z98,Other postprocedural states,unscored,unscored,0.132,0.003,0.0000,328,"unscored: factors influencing health status (Z00-Z99); NHAMCS ED 2016-2022 adults, any diagnosis, n=328"
Z99,"Dependence on enabling machines and devices, not elsewhere classified",unscored,unscored,0.291,0.058,0.0027,294,"unscored: factors influencing health status (Z00-Z99); NHAMCS ED 2016-2022 adults, any diagnosis, n=294"
